2026-10-07 12:50:12,059:WARNING:
'cuml' is a soft dependency and not included in the pycaret installation. Please run: `pip install cuml` to install.
2026-10-07 12:50:12,059:WARNING:
'cuml' is a soft dependency and not included in the pycaret installation. Please run: `pip install cuml` to install.
2026-10-07 12:50:12,060:WARNING:
'cuml' is a soft dependency and not included in the pycaret installation. Please run: `pip install cuml` to install.
2026-10-07 12:50:12,060:WARNING:
'cuml' is a soft dependency and not included in the pycaret installation. Please run: `pip install cuml` to install.
2026-10-07 12:51:05,165:WARNING:
'cuml' is a soft dependency and not included in the pycaret installation. Please run: `pip install cuml` to install.
2026-10-07 12:51:05,167:WARNING:
'cuml' is a soft dependency and not included in the pycaret installation. Please run: `pip install cuml` to install.
2026-10-07 12:51:05,167:WARNING:
'cuml' is a soft dependency and not included in the pycaret installation. Please run: `pip install cuml` to install.
2026-10-07 12:51:05,167:WARNING:
'cuml' is a soft dependency and not included in the pycaret installation. Please run: `pip install cuml` to install.
2026-10-07 12:51:14,512:INFO:PyCaret RegressionExperiment
2026-10-07 12:51:14,512:INFO:Logging name: reg-default-name
2026-10-07 12:51:14,512:INFO:ML Usecase: MLUsecase.REGRESSION
2026-10-07 12:51:14,512:INFO:version 3.3.2
2026-10-07 12:51:14,512:INFO:Initializing setup()
2026-10-07 12:51:14,512:INFO:self.USI: cd86
2026-10-07 12:51:14,512:INFO:self._variable_keys: {'y', 'target_param', 'idx', 'exp_name_log', 'seed', 'memory', 'log_plots_param', 'data', 'X_train', 'transform_target_param', 'fold_generator', 'pipeline', 'y_test', 'X', 'n_jobs_param', 'exp_id', 'logging_param', '_available_plots', 'fold_groups_param', 'fold_shuffle_param', 'gpu_n_jobs_param', '_ml_usecase', 'y_train', 'X_test', 'USI', 'html_param', 'gpu_param'}
2026-10-07 12:51:14,513:INFO:Checking environment
2026-10-07 12:51:14,513:INFO:python_version: 3.11.9
2026-10-07 12:51:14,513:INFO:python_build: ('tags/v3.11.9:de54cf5', 'Apr  2 2024 10:12:12')
2026-10-07 12:51:14,513:INFO:machine: AMD64
2026-10-07 12:51:14,514:INFO:platform: Windows-10-10.0.26200-SP0
2026-10-07 12:51:14,514:INFO:Memory: svmem(total=16868499456, available=5969633280, percent=64.6, used=10898866176, free=5969633280)
2026-10-07 12:51:14,515:INFO:Physical Core: 8
2026-10-07 12:51:14,515:INFO:Logical Core: 16
2026-10-07 12:51:14,516:INFO:Checking libraries
2026-10-07 12:51:14,516:INFO:System:
2026-10-07 12:51:14,517:INFO:    python: 3.11.9 (tags/v3.11.9:de54cf5, Apr  2 2024, 10:12:12) [MSC v.1938 64 bit (AMD64)]
2026-10-07 12:51:14,517:INFO:executable: C:\Users\bordasm\.venv\Scripts\python.exe
2026-10-07 12:51:14,517:INFO:   machine: Windows-10-10.0.26200-SP0
2026-10-07 12:51:14,517:INFO:PyCaret required dependencies:
2026-10-07 12:51:14,521:WARNING:C:\Users\bordasm\.venv\Lib\site-packages\_distutils_hack\__init__.py:33: UserWarning: Setuptools is replacing distutils.
  warnings.warn("Setuptools is replacing distutils.")

2026-10-07 12:51:14,637:INFO:                 pip: 26.2.1
2026-10-07 12:51:14,637:INFO:          setuptools: 65.5.0
2026-10-07 12:51:14,637:INFO:             pycaret: 3.3.2
2026-10-07 12:51:14,637:INFO:             IPython: 9.3.0
2026-10-07 12:51:14,637:INFO:          ipywidgets: 8.1.9
2026-10-07 12:51:14,637:INFO:                tqdm: 4.67.1
2026-10-07 12:51:14,637:INFO:               numpy: 1.26.4
2026-10-07 12:51:14,637:INFO:              pandas: 2.1.4
2026-10-07 12:51:14,637:INFO:              jinja2: 3.1.4
2026-10-07 12:51:14,637:INFO:               scipy: 1.11.4
2026-10-07 12:51:14,637:INFO:              joblib: 1.3.2
2026-10-07 12:51:14,637:INFO:             sklearn: 1.4.2
2026-10-07 12:51:14,637:INFO:                pyod: 3.4.0
2026-10-07 12:51:14,637:INFO:            imblearn: 0.13.0
2026-10-07 12:51:14,637:INFO:   category_encoders: 2.7.0
2026-10-07 12:51:14,637:INFO:            lightgbm: 4.6.0
2026-10-07 12:51:14,637:INFO:               numba: 0.68.0
2026-10-07 12:51:14,637:INFO:            requests: 2.32.3
2026-10-07 12:51:14,637:INFO:          matplotlib: 3.7.5
2026-10-07 12:51:14,638:INFO:          scikitplot: 0.3.7
2026-10-07 12:51:14,638:INFO:         yellowbrick: 1.5
2026-10-07 12:51:14,638:INFO:              plotly: 6.9.0
2026-10-07 12:51:14,638:INFO:    plotly-resampler: Not installed
2026-10-07 12:51:14,638:INFO:             kaleido: 1.5.0
2026-10-07 12:51:14,638:INFO:           schemdraw: 0.15
2026-10-07 12:51:14,638:INFO:         statsmodels: 0.15.0
2026-10-07 12:51:14,638:INFO:              sktime: 0.26.0
2026-10-07 12:51:14,638:INFO:               tbats: 1.1.3
2026-10-07 12:51:14,638:INFO:            pmdarima: 2.0.4
2026-10-07 12:51:14,638:INFO:              psutil: 7.0.0
2026-10-07 12:51:14,638:INFO:          markupsafe: 2.1.5
2026-10-07 12:51:14,638:INFO:             pickle5: Not installed
2026-10-07 12:51:14,638:INFO:         cloudpickle: 3.1.2
2026-10-07 12:51:14,638:INFO:         deprecation: 2.1.0
2026-10-07 12:51:14,638:INFO:              xxhash: 4.0.1
2026-10-07 12:51:14,638:INFO:           wurlitzer: Not installed
2026-10-07 12:51:14,638:INFO:PyCaret optional dependencies:
2026-10-07 12:51:14,926:INFO:                shap: Not installed
2026-10-07 12:51:14,926:INFO:           interpret: Not installed
2026-10-07 12:51:14,927:INFO:                umap: Not installed
2026-10-07 12:51:14,927:INFO:     ydata_profiling: Not installed
2026-10-07 12:51:14,927:INFO:  explainerdashboard: Not installed
2026-10-07 12:51:14,927:INFO:             autoviz: Not installed
2026-10-07 12:51:14,927:INFO:           fairlearn: Not installed
2026-10-07 12:51:14,927:INFO:          deepchecks: Not installed
2026-10-07 12:51:14,927:INFO:             xgboost: 3.1.2
2026-10-07 12:51:14,927:INFO:            catboost: Not installed
2026-10-07 12:51:14,927:INFO:              kmodes: Not installed
2026-10-07 12:51:14,927:INFO:             mlxtend: Not installed
2026-10-07 12:51:14,927:INFO:       statsforecast: Not installed
2026-10-07 12:51:14,927:INFO:        tune_sklearn: Not installed
2026-10-07 12:51:14,927:INFO:                 ray: Not installed
2026-10-07 12:51:14,927:INFO:            hyperopt: Not installed
2026-10-07 12:51:14,927:INFO:              optuna: Not installed
2026-10-07 12:51:14,927:INFO:               skopt: Not installed
2026-10-07 12:51:14,927:INFO:              mlflow: 3.17.0
2026-10-07 12:51:14,927:INFO:              gradio: Not installed
2026-10-07 12:51:14,927:INFO:             fastapi: 0.142.2
2026-10-07 12:51:14,927:INFO:             uvicorn: 0.54.0
2026-10-07 12:51:14,927:INFO:              m2cgen: Not installed
2026-10-07 12:51:14,927:INFO:           evidently: Not installed
2026-10-07 12:51:14,927:INFO:               fugue: Not installed
2026-10-07 12:51:14,927:INFO:           streamlit: Not installed
2026-10-07 12:51:14,927:INFO:             prophet: Not installed
2026-10-07 12:51:14,927:INFO:None
2026-10-07 12:51:14,927:INFO:Set up data.
2026-10-07 12:51:15,026:INFO:Set up folding strategy.
2026-10-07 12:51:15,026:INFO:Set up train/test split.
2026-10-07 12:51:15,079:INFO:Set up index.
2026-10-07 12:51:15,080:INFO:Assigning column types.
2026-10-07 12:51:15,098:INFO:Engine successfully changes for model 'lr' to 'sklearn'.
2026-10-07 12:51:15,098:INFO:Engine for model 'lasso' has not been set explicitly, hence returning None.
2026-10-07 12:51:15,105:INFO:Engine for model 'ridge' has not been set explicitly, hence returning None.
2026-10-07 12:51:15,109:INFO:Engine for model 'en' has not been set explicitly, hence returning None.
2026-10-07 12:51:15,172:INFO:Engine for model 'svm' has not been set explicitly, hence returning None.
2026-10-07 12:51:15,210:INFO:Engine for model 'knn' has not been set explicitly, hence returning None.
2026-10-07 12:51:15,211:INFO:Soft dependency imported: xgboost: 3.1.2
2026-10-07 12:51:15,213:WARNING:
'catboost' is a soft dependency and not included in the pycaret installation. Please run: `pip install catboost` to install.
Alternately, you can install this by running `pip install pycaret[models]`
2026-10-07 12:51:15,214:INFO:Engine for model 'lasso' has not been set explicitly, hence returning None.
2026-10-07 12:51:15,218:INFO:Engine for model 'ridge' has not been set explicitly, hence returning None.
2026-10-07 12:51:15,222:INFO:Engine for model 'en' has not been set explicitly, hence returning None.
2026-10-07 12:51:15,282:INFO:Engine for model 'svm' has not been set explicitly, hence returning None.
2026-10-07 12:51:15,320:INFO:Engine for model 'knn' has not been set explicitly, hence returning None.
2026-10-07 12:51:15,320:INFO:Soft dependency imported: xgboost: 3.1.2
2026-10-07 12:51:15,323:WARNING:
'catboost' is a soft dependency and not included in the pycaret installation. Please run: `pip install catboost` to install.
Alternately, you can install this by running `pip install pycaret[models]`
2026-10-07 12:51:15,323:INFO:Engine successfully changes for model 'lasso' to 'sklearn'.
2026-10-07 12:51:15,327:INFO:Engine for model 'ridge' has not been set explicitly, hence returning None.
2026-10-07 12:51:15,331:INFO:Engine for model 'en' has not been set explicitly, hence returning None.
2026-10-07 12:51:15,396:INFO:Engine for model 'svm' has not been set explicitly, hence returning None.
2026-10-07 12:51:15,430:INFO:Engine for model 'knn' has not been set explicitly, hence returning None.
2026-10-07 12:51:15,431:INFO:Soft dependency imported: xgboost: 3.1.2
2026-10-07 12:51:15,433:WARNING:
'catboost' is a soft dependency and not included in the pycaret installation. Please run: `pip install catboost` to install.
Alternately, you can install this by running `pip install pycaret[models]`
2026-10-07 12:51:15,438:INFO:Engine for model 'ridge' has not been set explicitly, hence returning None.
2026-10-07 12:51:15,441:INFO:Engine for model 'en' has not been set explicitly, hence returning None.
2026-10-07 12:51:15,503:INFO:Engine for model 'svm' has not been set explicitly, hence returning None.
2026-10-07 12:51:15,549:INFO:Engine for model 'knn' has not been set explicitly, hence returning None.
2026-10-07 12:51:15,550:INFO:Soft dependency imported: xgboost: 3.1.2
2026-10-07 12:51:15,553:WARNING:
'catboost' is a soft dependency and not included in the pycaret installation. Please run: `pip install catboost` to install.
Alternately, you can install this by running `pip install pycaret[models]`
2026-10-07 12:51:15,554:INFO:Engine successfully changes for model 'ridge' to 'sklearn'.
2026-10-07 12:51:15,562:INFO:Engine for model 'en' has not been set explicitly, hence returning None.
2026-10-07 12:51:15,634:INFO:Engine for model 'svm' has not been set explicitly, hence returning None.
2026-10-07 12:51:15,669:INFO:Engine for model 'knn' has not been set explicitly, hence returning None.
2026-10-07 12:51:15,669:INFO:Soft dependency imported: xgboost: 3.1.2
2026-10-07 12:51:15,671:WARNING:
'catboost' is a soft dependency and not included in the pycaret installation. Please run: `pip install catboost` to install.
Alternately, you can install this by running `pip install pycaret[models]`
2026-10-07 12:51:15,678:INFO:Engine for model 'en' has not been set explicitly, hence returning None.
2026-10-07 12:51:15,740:INFO:Engine for model 'svm' has not been set explicitly, hence returning None.
2026-10-07 12:51:15,784:INFO:Engine for model 'knn' has not been set explicitly, hence returning None.
2026-10-07 12:51:15,785:INFO:Soft dependency imported: xgboost: 3.1.2
2026-10-07 12:51:15,788:WARNING:
'catboost' is a soft dependency and not included in the pycaret installation. Please run: `pip install catboost` to install.
Alternately, you can install this by running `pip install pycaret[models]`
2026-10-07 12:51:15,788:INFO:Engine successfully changes for model 'en' to 'sklearn'.
2026-10-07 12:51:15,875:INFO:Engine for model 'svm' has not been set explicitly, hence returning None.
2026-10-07 12:51:15,918:INFO:Engine for model 'knn' has not been set explicitly, hence returning None.
2026-10-07 12:51:15,919:INFO:Soft dependency imported: xgboost: 3.1.2
2026-10-07 12:51:15,921:WARNING:
'catboost' is a soft dependency and not included in the pycaret installation. Please run: `pip install catboost` to install.
Alternately, you can install this by running `pip install pycaret[models]`
2026-10-07 12:51:15,997:INFO:Engine for model 'svm' has not been set explicitly, hence returning None.
2026-10-07 12:51:16,035:INFO:Engine for model 'knn' has not been set explicitly, hence returning None.
2026-10-07 12:51:16,035:INFO:Soft dependency imported: xgboost: 3.1.2
2026-10-07 12:51:16,038:WARNING:
'catboost' is a soft dependency and not included in the pycaret installation. Please run: `pip install catboost` to install.
Alternately, you can install this by running `pip install pycaret[models]`
2026-10-07 12:51:16,038:INFO:Engine successfully changes for model 'knn' to 'sklearn'.
2026-10-07 12:51:16,106:INFO:Engine for model 'svm' has not been set explicitly, hence returning None.
2026-10-07 12:51:16,145:INFO:Soft dependency imported: xgboost: 3.1.2
2026-10-07 12:51:16,148:WARNING:
'catboost' is a soft dependency and not included in the pycaret installation. Please run: `pip install catboost` to install.
Alternately, you can install this by running `pip install pycaret[models]`
2026-10-07 12:51:16,227:INFO:Engine for model 'svm' has not been set explicitly, hence returning None.
2026-10-07 12:51:16,266:INFO:Soft dependency imported: xgboost: 3.1.2
2026-10-07 12:51:16,268:WARNING:
'catboost' is a soft dependency and not included in the pycaret installation. Please run: `pip install catboost` to install.
Alternately, you can install this by running `pip install pycaret[models]`
2026-10-07 12:51:16,269:INFO:Engine successfully changes for model 'svm' to 'sklearn'.
2026-10-07 12:51:16,373:INFO:Soft dependency imported: xgboost: 3.1.2
2026-10-07 12:51:16,376:WARNING:
'catboost' is a soft dependency and not included in the pycaret installation. Please run: `pip install catboost` to install.
Alternately, you can install this by running `pip install pycaret[models]`
2026-10-07 12:51:16,481:INFO:Soft dependency imported: xgboost: 3.1.2
2026-10-07 12:51:16,483:WARNING:
'catboost' is a soft dependency and not included in the pycaret installation. Please run: `pip install catboost` to install.
Alternately, you can install this by running `pip install pycaret[models]`
2026-10-07 12:51:16,488:INFO:Preparing preprocessing pipeline...
2026-10-07 12:51:16,488:INFO:Set up simple imputation.
2026-10-07 12:51:16,499:INFO:Set up encoding of ordinal features.
2026-10-07 12:51:16,509:INFO:Set up encoding of categorical features.
2026-10-07 12:51:17,015:INFO:Finished creating preprocessing pipeline.
2026-10-07 12:51:17,043:INFO:Pipeline: Pipeline(memory=FastMemory(location=C:\Users\bordasm\AppData\Local\Temp\joblib),
         steps=[('numerical_imputer',
                 TransformerWrapper(include=['harvest_calendar_year',
                                             'harvest_month',
                                             'farm_size_hectares',
                                             'tree_age_years',
                                             'altitude_mean_meters',
                                             'avg_temp_c',
                                             'avg_annual_rainfall_mm',
                                             'humidity_pct',
                                             'drying_duration_days',
                                             'storage_months',
                                             'bean_size_screen', '...
                                             'processing_method',
                                             'drying_method',
                                             'traceability_level',
                                             'certification',
                                             'intended_buyer_segment',
                                             'roast_level'],
                                    transformer=OneHotEncoder(cols=['harvest_season',
                                                                    'country_of_origin',
                                                                    'farm_type',
                                                                    'processing_method',
                                                                    'drying_method',
                                                                    'traceability_level',
                                                                    'certification',
                                                                    'intended_buyer_segment',
                                                                    'roast_level'],
                                                              handle_missing='return_nan',
                                                              use_cat_names=True)))])
2026-10-07 12:51:17,043:INFO:Creating final display dataframe.
2026-10-07 12:51:17,846:INFO:Setup _display_container:                     Description                 Value
0                    Session id                     1
1                        Target  coffee_quality_score
2                   Target type            Regression
3           Original data shape           (35700, 36)
4        Transformed data shape           (35700, 60)
5   Transformed train set shape           (28560, 60)
6    Transformed test set shape            (7140, 60)
7               Ignore features                     4
8              Numeric features                    20
9          Categorical features                    11
10     Rows with missing values                 66.4%
11                   Preprocess                  True
12              Imputation type                simple
13           Numeric imputation                  mean
14       Categorical imputation                  mode
15     Maximum one-hot encoding                    25
16              Encoding method                  None
17               Fold Generator                 KFold
18                  Fold Number                    10
19                     CPU Jobs                    -1
20                      Use GPU                 False
21               Log Experiment                 False
22              Experiment Name      reg-default-name
23                          USI                  cd86
2026-10-07 12:51:17,936:INFO:Soft dependency imported: xgboost: 3.1.2
2026-10-07 12:51:17,938:WARNING:
'catboost' is a soft dependency and not included in the pycaret installation. Please run: `pip install catboost` to install.
Alternately, you can install this by running `pip install pycaret[models]`
2026-10-07 12:51:18,039:INFO:Soft dependency imported: xgboost: 3.1.2
2026-10-07 12:51:18,041:WARNING:
'catboost' is a soft dependency and not included in the pycaret installation. Please run: `pip install catboost` to install.
Alternately, you can install this by running `pip install pycaret[models]`
2026-10-07 12:51:18,041:INFO:setup() successfully completed in 3.61s...............
2026-10-07 12:51:18,041:INFO:Initializing create_model()
2026-10-07 12:51:18,042:INFO:create_model(self=<pycaret.regression.oop.RegressionExperiment object at 0x000001EF28466110>, estimator=lightgbm, fold=3, round=4, cross_validation=True, predict=True, fit_kwargs=None, groups=None, refit=True, probability_threshold=None, experiment_custom_tags=None, verbose=True, system=True, add_to_model_list=True, metrics=None, display=None, model_only=True, return_train_score=False, error_score=0.0, kwargs={})
2026-10-07 12:51:18,042:INFO:Checking exceptions
2026-10-07 12:51:18,043:INFO:Importing libraries
2026-10-07 12:51:18,043:INFO:Copying training dataset
2026-10-07 12:51:18,071:INFO:Defining folds
2026-10-07 12:51:18,071:INFO:Declaring metric variables
2026-10-07 12:51:18,071:INFO:Importing untrained model
2026-10-07 12:51:18,071:INFO:Light Gradient Boosting Machine Imported successfully
2026-10-07 12:51:18,071:INFO:Starting cross validation
2026-10-07 12:51:18,086:INFO:Cross validating with KFold(n_splits=3, random_state=None, shuffle=False), n_jobs=-1
2026-10-07 12:51:29,798:WARNING:C:\Users\bordasm\.venv\Lib\site-packages\_distutils_hack\__init__.py:33: UserWarning: Setuptools is replacing distutils.
  warnings.warn("Setuptools is replacing distutils.")

2026-10-07 12:51:29,990:WARNING:C:\Users\bordasm\.venv\Lib\site-packages\_distutils_hack\__init__.py:33: UserWarning: Setuptools is replacing distutils.
  warnings.warn("Setuptools is replacing distutils.")

2026-10-07 12:51:30,063:WARNING:C:\Users\bordasm\.venv\Lib\site-packages\_distutils_hack\__init__.py:33: UserWarning: Setuptools is replacing distutils.
  warnings.warn("Setuptools is replacing distutils.")

2026-10-07 12:51:31,783:INFO:Calculating mean and std
2026-10-07 12:51:31,785:INFO:Creating metrics dataframe
2026-10-07 12:51:31,788:INFO:Finalizing model
2026-10-07 12:51:32,365:INFO:[LightGBM] [Warning] Found whitespace in feature_names, replace with underlines
2026-10-07 12:51:32,371:INFO:[LightGBM] [Info] Auto-choosing col-wise multi-threading, the overhead of testing was 0.003020 seconds.
2026-10-07 12:51:32,371:INFO:You can set `force_col_wise=true` to remove the overhead.
2026-10-07 12:51:32,373:INFO:[LightGBM] [Info] Total Bins 3771
2026-10-07 12:51:32,374:INFO:[LightGBM] [Info] Number of data points in the train set: 28560, number of used features: 59
2026-10-07 12:51:32,375:INFO:[LightGBM] [Info] Start training from score 77.601826
2026-10-07 12:51:32,680:INFO:Uploading results into container
2026-10-07 12:51:32,681:INFO:Uploading model into container now
2026-10-07 12:51:32,691:INFO:_master_model_container: 1
2026-10-07 12:51:32,691:INFO:_display_container: 2
2026-10-07 12:51:32,692:INFO:LGBMRegressor(n_jobs=-1, random_state=1)
2026-10-07 12:51:32,692:INFO:create_model() successfully completed......................................
2026-10-07 12:51:33,077:INFO:PyCaret RegressionExperiment
2026-10-07 12:51:33,077:INFO:Logging name: reg-default-name
2026-10-07 12:51:33,077:INFO:ML Usecase: MLUsecase.REGRESSION
2026-10-07 12:51:33,077:INFO:version 3.3.2
2026-10-07 12:51:33,078:INFO:Initializing setup()
2026-10-07 12:51:33,078:INFO:self.USI: 9ac4
2026-10-07 12:51:33,078:INFO:self._variable_keys: {'y', 'target_param', 'idx', 'exp_name_log', 'seed', 'memory', 'log_plots_param', 'data', 'X_train', 'transform_target_param', 'fold_generator', 'pipeline', 'y_test', 'X', 'n_jobs_param', 'exp_id', 'logging_param', '_available_plots', 'fold_groups_param', 'fold_shuffle_param', 'gpu_n_jobs_param', '_ml_usecase', 'y_train', 'X_test', 'USI', 'html_param', 'gpu_param'}
2026-10-07 12:51:33,078:INFO:Checking environment
2026-10-07 12:51:33,078:INFO:python_version: 3.11.9
2026-10-07 12:51:33,079:INFO:python_build: ('tags/v3.11.9:de54cf5', 'Apr  2 2024 10:12:12')
2026-10-07 12:51:33,080:INFO:machine: AMD64
2026-10-07 12:51:33,081:INFO:platform: Windows-10-10.0.26200-SP0
2026-10-07 12:51:33,082:INFO:Memory: svmem(total=16868499456, available=5046181888, percent=70.1, used=11822317568, free=5046181888)
2026-10-07 12:51:33,082:INFO:Physical Core: 8
2026-10-07 12:51:33,082:INFO:Logical Core: 16
2026-10-07 12:51:33,082:INFO:Checking libraries
2026-10-07 12:51:33,082:INFO:System:
2026-10-07 12:51:33,082:INFO:    python: 3.11.9 (tags/v3.11.9:de54cf5, Apr  2 2024, 10:12:12) [MSC v.1938 64 bit (AMD64)]
2026-10-07 12:51:33,082:INFO:executable: C:\Users\bordasm\.venv\Scripts\python.exe
2026-10-07 12:51:33,082:INFO:   machine: Windows-10-10.0.26200-SP0
2026-10-07 12:51:33,082:INFO:PyCaret required dependencies:
2026-10-07 12:51:33,082:INFO:                 pip: 26.2.1
2026-10-07 12:51:33,082:INFO:          setuptools: 65.5.0
2026-10-07 12:51:33,082:INFO:             pycaret: 3.3.2
2026-10-07 12:51:33,083:INFO:             IPython: 9.3.0
2026-10-07 12:51:33,083:INFO:          ipywidgets: 8.1.9
2026-10-07 12:51:33,083:INFO:                tqdm: 4.67.1
2026-10-07 12:51:33,083:INFO:               numpy: 1.26.4
2026-10-07 12:51:33,083:INFO:              pandas: 2.1.4
2026-10-07 12:51:33,083:INFO:              jinja2: 3.1.4
2026-10-07 12:51:33,083:INFO:               scipy: 1.11.4
2026-10-07 12:51:33,083:INFO:              joblib: 1.3.2
2026-10-07 12:51:33,083:INFO:             sklearn: 1.4.2
2026-10-07 12:51:33,083:INFO:                pyod: 3.4.0
2026-10-07 12:51:33,083:INFO:            imblearn: 0.13.0
2026-10-07 12:51:33,083:INFO:   category_encoders: 2.7.0
2026-10-07 12:51:33,083:INFO:            lightgbm: 4.6.0
2026-10-07 12:51:33,083:INFO:               numba: 0.68.0
2026-10-07 12:51:33,084:INFO:            requests: 2.32.3
2026-10-07 12:51:33,084:INFO:          matplotlib: 3.7.5
2026-10-07 12:51:33,085:INFO:          scikitplot: 0.3.7
2026-10-07 12:51:33,085:INFO:         yellowbrick: 1.5
2026-10-07 12:51:33,085:INFO:              plotly: 6.9.0
2026-10-07 12:51:33,086:INFO:    plotly-resampler: Not installed
2026-10-07 12:51:33,086:INFO:             kaleido: 1.5.0
2026-10-07 12:51:33,087:INFO:           schemdraw: 0.15
2026-10-07 12:51:33,087:INFO:         statsmodels: 0.15.0
2026-10-07 12:51:33,088:INFO:              sktime: 0.26.0
2026-10-07 12:51:33,089:INFO:               tbats: 1.1.3
2026-10-07 12:51:33,089:INFO:            pmdarima: 2.0.4
2026-10-07 12:51:33,089:INFO:              psutil: 7.0.0
2026-10-07 12:51:33,090:INFO:          markupsafe: 2.1.5
2026-10-07 12:51:33,090:INFO:             pickle5: Not installed
2026-10-07 12:51:33,090:INFO:         cloudpickle: 3.1.2
2026-10-07 12:51:33,090:INFO:         deprecation: 2.1.0
2026-10-07 12:51:33,090:INFO:              xxhash: 4.0.1
2026-10-07 12:51:33,091:INFO:           wurlitzer: Not installed
2026-10-07 12:51:33,092:INFO:PyCaret optional dependencies:
2026-10-07 12:51:33,093:INFO:                shap: Not installed
2026-10-07 12:51:33,093:INFO:           interpret: Not installed
2026-10-07 12:51:33,093:INFO:                umap: Not installed
2026-10-07 12:51:33,093:INFO:     ydata_profiling: Not installed
2026-10-07 12:51:33,094:INFO:  explainerdashboard: Not installed
2026-10-07 12:51:33,094:INFO:             autoviz: Not installed
2026-10-07 12:51:33,095:INFO:           fairlearn: Not installed
2026-10-07 12:51:33,095:INFO:          deepchecks: Not installed
2026-10-07 12:51:33,095:INFO:             xgboost: 3.1.2
2026-10-07 12:51:33,095:INFO:            catboost: Not installed
2026-10-07 12:51:33,095:INFO:              kmodes: Not installed
2026-10-07 12:51:33,095:INFO:             mlxtend: Not installed
2026-10-07 12:51:33,096:INFO:       statsforecast: Not installed
2026-10-07 12:51:33,097:INFO:        tune_sklearn: Not installed
2026-10-07 12:51:33,097:INFO:                 ray: Not installed
2026-10-07 12:51:33,097:INFO:            hyperopt: Not installed
2026-10-07 12:51:33,097:INFO:              optuna: Not installed
2026-10-07 12:51:33,097:INFO:               skopt: Not installed
2026-10-07 12:51:33,098:INFO:              mlflow: 3.17.0
2026-10-07 12:51:33,099:INFO:              gradio: Not installed
2026-10-07 12:51:33,099:INFO:             fastapi: 0.142.2
2026-10-07 12:51:33,100:INFO:             uvicorn: 0.54.0
2026-10-07 12:51:33,100:INFO:              m2cgen: Not installed
2026-10-07 12:51:33,101:INFO:           evidently: Not installed
2026-10-07 12:51:33,101:INFO:               fugue: Not installed
2026-10-07 12:51:33,102:INFO:           streamlit: Not installed
2026-10-07 12:51:33,103:INFO:             prophet: Not installed
2026-10-07 12:51:33,103:INFO:None
2026-10-07 12:51:33,104:INFO:Set up data.
2026-10-07 12:51:33,207:INFO:Set up folding strategy.
2026-10-07 12:51:33,207:INFO:Set up train/test split.
2026-10-07 12:51:33,246:INFO:Set up index.
2026-10-07 12:51:33,247:INFO:Assigning column types.
2026-10-07 12:51:33,262:INFO:Engine successfully changes for model 'lr' to 'sklearn'.
2026-10-07 12:51:33,262:INFO:Engine for model 'lasso' has not been set explicitly, hence returning None.
2026-10-07 12:51:33,265:INFO:Engine for model 'ridge' has not been set explicitly, hence returning None.
2026-10-07 12:51:33,268:INFO:Engine for model 'en' has not been set explicitly, hence returning None.
2026-10-07 12:51:33,321:INFO:Engine for model 'svm' has not been set explicitly, hence returning None.
2026-10-07 12:51:33,352:INFO:Engine for model 'knn' has not been set explicitly, hence returning None.
2026-10-07 12:51:33,352:INFO:Soft dependency imported: xgboost: 3.1.2
2026-10-07 12:51:33,354:WARNING:
'catboost' is a soft dependency and not included in the pycaret installation. Please run: `pip install catboost` to install.
Alternately, you can install this by running `pip install pycaret[models]`
2026-10-07 12:51:33,355:INFO:Engine for model 'lasso' has not been set explicitly, hence returning None.
2026-10-07 12:51:33,358:INFO:Engine for model 'ridge' has not been set explicitly, hence returning None.
2026-10-07 12:51:33,361:INFO:Engine for model 'en' has not been set explicitly, hence returning None.
2026-10-07 12:51:33,421:INFO:Engine for model 'svm' has not been set explicitly, hence returning None.
2026-10-07 12:51:33,450:INFO:Engine for model 'knn' has not been set explicitly, hence returning None.
2026-10-07 12:51:33,450:INFO:Soft dependency imported: xgboost: 3.1.2
2026-10-07 12:51:33,452:WARNING:
'catboost' is a soft dependency and not included in the pycaret installation. Please run: `pip install catboost` to install.
Alternately, you can install this by running `pip install pycaret[models]`
2026-10-07 12:51:33,452:INFO:Engine successfully changes for model 'lasso' to 'sklearn'.
2026-10-07 12:51:33,456:INFO:Engine for model 'ridge' has not been set explicitly, hence returning None.
2026-10-07 12:51:33,459:INFO:Engine for model 'en' has not been set explicitly, hence returning None.
2026-10-07 12:51:33,516:INFO:Engine for model 'svm' has not been set explicitly, hence returning None.
2026-10-07 12:51:33,554:INFO:Engine for model 'knn' has not been set explicitly, hence returning None.
2026-10-07 12:51:33,555:INFO:Soft dependency imported: xgboost: 3.1.2
2026-10-07 12:51:33,558:WARNING:
'catboost' is a soft dependency and not included in the pycaret installation. Please run: `pip install catboost` to install.
Alternately, you can install this by running `pip install pycaret[models]`
2026-10-07 12:51:33,563:INFO:Engine for model 'ridge' has not been set explicitly, hence returning None.
2026-10-07 12:51:33,567:INFO:Engine for model 'en' has not been set explicitly, hence returning None.
2026-10-07 12:51:33,631:INFO:Engine for model 'svm' has not been set explicitly, hence returning None.
2026-10-07 12:51:33,670:INFO:Engine for model 'knn' has not been set explicitly, hence returning None.
2026-10-07 12:51:33,671:INFO:Soft dependency imported: xgboost: 3.1.2
2026-10-07 12:51:33,673:WARNING:
'catboost' is a soft dependency and not included in the pycaret installation. Please run: `pip install catboost` to install.
Alternately, you can install this by running `pip install pycaret[models]`
2026-10-07 12:51:33,673:INFO:Engine successfully changes for model 'ridge' to 'sklearn'.
2026-10-07 12:51:33,680:INFO:Engine for model 'en' has not been set explicitly, hence returning None.
2026-10-07 12:51:33,738:INFO:Engine for model 'svm' has not been set explicitly, hence returning None.
2026-10-07 12:51:33,772:INFO:Engine for model 'knn' has not been set explicitly, hence returning None.
2026-10-07 12:51:33,773:INFO:Soft dependency imported: xgboost: 3.1.2
2026-10-07 12:51:33,775:WARNING:
'catboost' is a soft dependency and not included in the pycaret installation. Please run: `pip install catboost` to install.
Alternately, you can install this by running `pip install pycaret[models]`
2026-10-07 12:51:33,784:INFO:Engine for model 'en' has not been set explicitly, hence returning None.
2026-10-07 12:51:33,845:INFO:Engine for model 'svm' has not been set explicitly, hence returning None.
2026-10-07 12:51:33,879:INFO:Engine for model 'knn' has not been set explicitly, hence returning None.
2026-10-07 12:51:33,880:INFO:Soft dependency imported: xgboost: 3.1.2
2026-10-07 12:51:33,882:WARNING:
'catboost' is a soft dependency and not included in the pycaret installation. Please run: `pip install catboost` to install.
Alternately, you can install this by running `pip install pycaret[models]`
2026-10-07 12:51:33,882:INFO:Engine successfully changes for model 'en' to 'sklearn'.
2026-10-07 12:51:33,955:INFO:Engine for model 'svm' has not been set explicitly, hence returning None.
2026-10-07 12:51:33,996:INFO:Engine for model 'knn' has not been set explicitly, hence returning None.
2026-10-07 12:51:33,997:INFO:Soft dependency imported: xgboost: 3.1.2
2026-10-07 12:51:34,001:WARNING:
'catboost' is a soft dependency and not included in the pycaret installation. Please run: `pip install catboost` to install.
Alternately, you can install this by running `pip install pycaret[models]`
2026-10-07 12:51:34,091:INFO:Engine for model 'svm' has not been set explicitly, hence returning None.
2026-10-07 12:51:34,130:INFO:Engine for model 'knn' has not been set explicitly, hence returning None.
2026-10-07 12:51:34,131:INFO:Soft dependency imported: xgboost: 3.1.2
2026-10-07 12:51:34,133:WARNING:
'catboost' is a soft dependency and not included in the pycaret installation. Please run: `pip install catboost` to install.
Alternately, you can install this by running `pip install pycaret[models]`
2026-10-07 12:51:34,134:INFO:Engine successfully changes for model 'knn' to 'sklearn'.
2026-10-07 12:51:34,198:INFO:Engine for model 'svm' has not been set explicitly, hence returning None.
2026-10-07 12:51:34,230:INFO:Soft dependency imported: xgboost: 3.1.2
2026-10-07 12:51:34,232:WARNING:
'catboost' is a soft dependency and not included in the pycaret installation. Please run: `pip install catboost` to install.
Alternately, you can install this by running `pip install pycaret[models]`
2026-10-07 12:51:34,300:INFO:Engine for model 'svm' has not been set explicitly, hence returning None.
2026-10-07 12:51:34,334:INFO:Soft dependency imported: xgboost: 3.1.2
2026-10-07 12:51:34,336:WARNING:
'catboost' is a soft dependency and not included in the pycaret installation. Please run: `pip install catboost` to install.
Alternately, you can install this by running `pip install pycaret[models]`
2026-10-07 12:51:34,337:INFO:Engine successfully changes for model 'svm' to 'sklearn'.
2026-10-07 12:51:34,433:INFO:Soft dependency imported: xgboost: 3.1.2
2026-10-07 12:51:34,435:WARNING:
'catboost' is a soft dependency and not included in the pycaret installation. Please run: `pip install catboost` to install.
Alternately, you can install this by running `pip install pycaret[models]`
2026-10-07 12:51:34,537:INFO:Soft dependency imported: xgboost: 3.1.2
2026-10-07 12:51:34,539:WARNING:
'catboost' is a soft dependency and not included in the pycaret installation. Please run: `pip install catboost` to install.
Alternately, you can install this by running `pip install pycaret[models]`
2026-10-07 12:51:34,541:INFO:Preparing preprocessing pipeline...
2026-10-07 12:51:34,541:INFO:Set up simple imputation.
2026-10-07 12:51:34,552:INFO:Set up encoding of ordinal features.
2026-10-07 12:51:34,561:INFO:Set up encoding of categorical features.
2026-10-07 12:51:35,188:INFO:Finished creating preprocessing pipeline.
2026-10-07 12:51:35,212:INFO:Pipeline: Pipeline(memory=FastMemory(location=C:\Users\bordasm\AppData\Local\Temp\joblib),
         steps=[('numerical_imputer',
                 TransformerWrapper(include=['harvest_calendar_year',
                                             'harvest_month',
                                             'farm_size_hectares',
                                             'tree_age_years',
                                             'altitude_mean_meters',
                                             'avg_temp_c',
                                             'avg_annual_rainfall_mm',
                                             'humidity_pct',
                                             'drying_duration_days',
                                             'storage_months',
                                             'bean_size_screen', '...
                                             'processing_method',
                                             'drying_method',
                                             'traceability_level',
                                             'certification',
                                             'intended_buyer_segment',
                                             'roast_level'],
                                    transformer=OneHotEncoder(cols=['harvest_season',
                                                                    'country_of_origin',
                                                                    'farm_type',
                                                                    'processing_method',
                                                                    'drying_method',
                                                                    'traceability_level',
                                                                    'certification',
                                                                    'intended_buyer_segment',
                                                                    'roast_level'],
                                                              handle_missing='return_nan',
                                                              use_cat_names=True)))])
2026-10-07 12:51:35,212:INFO:Creating final display dataframe.
2026-10-07 12:51:36,068:INFO:Setup _display_container:                     Description                 Value
0                    Session id                     2
1                        Target  coffee_quality_score
2                   Target type            Regression
3           Original data shape           (35700, 36)
4        Transformed data shape           (35700, 60)
5   Transformed train set shape           (28560, 60)
6    Transformed test set shape            (7140, 60)
7               Ignore features                     4
8              Numeric features                    20
9          Categorical features                    11
10     Rows with missing values                 66.4%
11                   Preprocess                  True
12              Imputation type                simple
13           Numeric imputation                  mean
14       Categorical imputation                  mode
15     Maximum one-hot encoding                    25
16              Encoding method                  None
17               Fold Generator                 KFold
18                  Fold Number                    10
19                     CPU Jobs                    -1
20                      Use GPU                 False
21               Log Experiment                 False
22              Experiment Name      reg-default-name
23                          USI                  9ac4
2026-10-07 12:51:36,202:INFO:Soft dependency imported: xgboost: 3.1.2
2026-10-07 12:51:36,205:WARNING:
'catboost' is a soft dependency and not included in the pycaret installation. Please run: `pip install catboost` to install.
Alternately, you can install this by running `pip install pycaret[models]`
2026-10-07 12:51:36,330:INFO:Soft dependency imported: xgboost: 3.1.2
2026-10-07 12:51:36,333:WARNING:
'catboost' is a soft dependency and not included in the pycaret installation. Please run: `pip install catboost` to install.
Alternately, you can install this by running `pip install pycaret[models]`
2026-10-07 12:51:36,334:INFO:setup() successfully completed in 3.27s...............
2026-10-07 12:51:36,334:INFO:Initializing create_model()
2026-10-07 12:51:36,334:INFO:create_model(self=<pycaret.regression.oop.RegressionExperiment object at 0x000001EF28B00410>, estimator=lightgbm, fold=3, round=4, cross_validation=True, predict=True, fit_kwargs=None, groups=None, refit=True, probability_threshold=None, experiment_custom_tags=None, verbose=True, system=True, add_to_model_list=True, metrics=None, display=None, model_only=True, return_train_score=False, error_score=0.0, kwargs={})
2026-10-07 12:51:36,334:INFO:Checking exceptions
2026-10-07 12:51:36,336:INFO:Importing libraries
2026-10-07 12:51:36,336:INFO:Copying training dataset
2026-10-07 12:51:36,367:INFO:Defining folds
2026-10-07 12:51:36,367:INFO:Declaring metric variables
2026-10-07 12:51:36,367:INFO:Importing untrained model
2026-10-07 12:51:36,368:INFO:Light Gradient Boosting Machine Imported successfully
2026-10-07 12:51:36,369:INFO:Starting cross validation
2026-10-07 12:51:36,372:INFO:Cross validating with KFold(n_splits=3, random_state=None, shuffle=False), n_jobs=-1
2026-10-07 12:51:45,181:WARNING:C:\Users\bordasm\.venv\Lib\site-packages\_distutils_hack\__init__.py:33: UserWarning: Setuptools is replacing distutils.
  warnings.warn("Setuptools is replacing distutils.")

2026-10-07 12:51:45,605:WARNING:C:\Users\bordasm\.venv\Lib\site-packages\_distutils_hack\__init__.py:33: UserWarning: Setuptools is replacing distutils.
  warnings.warn("Setuptools is replacing distutils.")

2026-10-07 12:51:45,760:WARNING:C:\Users\bordasm\.venv\Lib\site-packages\_distutils_hack\__init__.py:33: UserWarning: Setuptools is replacing distutils.
  warnings.warn("Setuptools is replacing distutils.")

2026-10-07 12:51:47,329:INFO:Calculating mean and std
2026-10-07 12:51:47,330:INFO:Creating metrics dataframe
2026-10-07 12:51:47,333:INFO:Finalizing model
2026-10-07 12:51:47,849:INFO:[LightGBM] [Warning] Found whitespace in feature_names, replace with underlines
2026-10-07 12:51:47,854:INFO:[LightGBM] [Info] Auto-choosing col-wise multi-threading, the overhead of testing was 0.002306 seconds.
2026-10-07 12:51:47,854:INFO:You can set `force_col_wise=true` to remove the overhead.
2026-10-07 12:51:47,854:INFO:[LightGBM] [Info] Total Bins 3770
2026-10-07 12:51:47,855:INFO:[LightGBM] [Info] Number of data points in the train set: 28560, number of used features: 59
2026-10-07 12:51:47,855:INFO:[LightGBM] [Info] Start training from score 77.602097
2026-10-07 12:51:48,105:INFO:Uploading results into container
2026-10-07 12:51:48,106:INFO:Uploading model into container now
2026-10-07 12:51:48,115:INFO:_master_model_container: 1
2026-10-07 12:51:48,116:INFO:_display_container: 2
2026-10-07 12:51:48,116:INFO:LGBMRegressor(n_jobs=-1, random_state=2)
2026-10-07 12:51:48,116:INFO:create_model() successfully completed......................................
2026-10-07 12:51:48,543:INFO:PyCaret RegressionExperiment
2026-10-07 12:51:48,543:INFO:Logging name: reg-default-name
2026-10-07 12:51:48,543:INFO:ML Usecase: MLUsecase.REGRESSION
2026-10-07 12:51:48,544:INFO:version 3.3.2
2026-10-07 12:51:48,544:INFO:Initializing setup()
2026-10-07 12:51:48,544:INFO:self.USI: d9c3
2026-10-07 12:51:48,544:INFO:self._variable_keys: {'y', 'target_param', 'idx', 'exp_name_log', 'seed', 'memory', 'log_plots_param', 'data', 'X_train', 'transform_target_param', 'fold_generator', 'pipeline', 'y_test', 'X', 'n_jobs_param', 'exp_id', 'logging_param', '_available_plots', 'fold_groups_param', 'fold_shuffle_param', 'gpu_n_jobs_param', '_ml_usecase', 'y_train', 'X_test', 'USI', 'html_param', 'gpu_param'}
2026-10-07 12:51:48,544:INFO:Checking environment
2026-10-07 12:51:48,544:INFO:python_version: 3.11.9
2026-10-07 12:51:48,544:INFO:python_build: ('tags/v3.11.9:de54cf5', 'Apr  2 2024 10:12:12')
2026-10-07 12:51:48,544:INFO:machine: AMD64
2026-10-07 12:51:48,544:INFO:platform: Windows-10-10.0.26200-SP0
2026-10-07 12:51:48,545:INFO:Memory: svmem(total=16868499456, available=4681981952, percent=72.2, used=12186517504, free=4681981952)
2026-10-07 12:51:48,546:INFO:Physical Core: 8
2026-10-07 12:51:48,546:INFO:Logical Core: 16
2026-10-07 12:51:48,546:INFO:Checking libraries
2026-10-07 12:51:48,546:INFO:System:
2026-10-07 12:51:48,546:INFO:    python: 3.11.9 (tags/v3.11.9:de54cf5, Apr  2 2024, 10:12:12) [MSC v.1938 64 bit (AMD64)]
2026-10-07 12:51:48,547:INFO:executable: C:\Users\bordasm\.venv\Scripts\python.exe
2026-10-07 12:51:48,547:INFO:   machine: Windows-10-10.0.26200-SP0
2026-10-07 12:51:48,548:INFO:PyCaret required dependencies:
2026-10-07 12:51:48,548:INFO:                 pip: 26.2.1
2026-10-07 12:51:48,549:INFO:          setuptools: 65.5.0
2026-10-07 12:51:48,550:INFO:             pycaret: 3.3.2
2026-10-07 12:51:48,550:INFO:             IPython: 9.3.0
2026-10-07 12:51:48,550:INFO:          ipywidgets: 8.1.9
2026-10-07 12:51:48,550:INFO:                tqdm: 4.67.1
2026-10-07 12:51:48,550:INFO:               numpy: 1.26.4
2026-10-07 12:51:48,551:INFO:              pandas: 2.1.4
2026-10-07 12:51:48,551:INFO:              jinja2: 3.1.4
2026-10-07 12:51:48,551:INFO:               scipy: 1.11.4
2026-10-07 12:51:48,551:INFO:              joblib: 1.3.2
2026-10-07 12:51:48,551:INFO:             sklearn: 1.4.2
2026-10-07 12:51:48,552:INFO:                pyod: 3.4.0
2026-10-07 12:51:48,553:INFO:            imblearn: 0.13.0
2026-10-07 12:51:48,553:INFO:   category_encoders: 2.7.0
2026-10-07 12:51:48,553:INFO:            lightgbm: 4.6.0
2026-10-07 12:51:48,554:INFO:               numba: 0.68.0
2026-10-07 12:51:48,554:INFO:            requests: 2.32.3
2026-10-07 12:51:48,555:INFO:          matplotlib: 3.7.5
2026-10-07 12:51:48,555:INFO:          scikitplot: 0.3.7
2026-10-07 12:51:48,555:INFO:         yellowbrick: 1.5
2026-10-07 12:51:48,555:INFO:              plotly: 6.9.0
2026-10-07 12:51:48,556:INFO:    plotly-resampler: Not installed
2026-10-07 12:51:48,556:INFO:             kaleido: 1.5.0
2026-10-07 12:51:48,557:INFO:           schemdraw: 0.15
2026-10-07 12:51:48,557:INFO:         statsmodels: 0.15.0
2026-10-07 12:51:48,557:INFO:              sktime: 0.26.0
2026-10-07 12:51:48,557:INFO:               tbats: 1.1.3
2026-10-07 12:51:48,557:INFO:            pmdarima: 2.0.4
2026-10-07 12:51:48,557:INFO:              psutil: 7.0.0
2026-10-07 12:51:48,557:INFO:          markupsafe: 2.1.5
2026-10-07 12:51:48,558:INFO:             pickle5: Not installed
2026-10-07 12:51:48,558:INFO:         cloudpickle: 3.1.2
2026-10-07 12:51:48,559:INFO:         deprecation: 2.1.0
2026-10-07 12:51:48,559:INFO:              xxhash: 4.0.1
2026-10-07 12:51:48,559:INFO:           wurlitzer: Not installed
2026-10-07 12:51:48,560:INFO:PyCaret optional dependencies:
2026-10-07 12:51:48,561:INFO:                shap: Not installed
2026-10-07 12:51:48,561:INFO:           interpret: Not installed
2026-10-07 12:51:48,561:INFO:                umap: Not installed
2026-10-07 12:51:48,561:INFO:     ydata_profiling: Not installed
2026-10-07 12:51:48,562:INFO:  explainerdashboard: Not installed
2026-10-07 12:51:48,562:INFO:             autoviz: Not installed
2026-10-07 12:51:48,562:INFO:           fairlearn: Not installed
2026-10-07 12:51:48,562:INFO:          deepchecks: Not installed
2026-10-07 12:51:48,563:INFO:             xgboost: 3.1.2
2026-10-07 12:51:48,563:INFO:            catboost: Not installed
2026-10-07 12:51:48,564:INFO:              kmodes: Not installed
2026-10-07 12:51:48,564:INFO:             mlxtend: Not installed
2026-10-07 12:51:48,564:INFO:       statsforecast: Not installed
2026-10-07 12:51:48,565:INFO:        tune_sklearn: Not installed
2026-10-07 12:51:48,565:INFO:                 ray: Not installed
2026-10-07 12:51:48,566:INFO:            hyperopt: Not installed
2026-10-07 12:51:48,568:INFO:              optuna: Not installed
2026-10-07 12:51:48,569:INFO:               skopt: Not installed
2026-10-07 12:51:48,569:INFO:              mlflow: 3.17.0
2026-10-07 12:51:48,569:INFO:              gradio: Not installed
2026-10-07 12:51:48,569:INFO:             fastapi: 0.142.2
2026-10-07 12:51:48,570:INFO:             uvicorn: 0.54.0
2026-10-07 12:51:48,570:INFO:              m2cgen: Not installed
2026-10-07 12:51:48,570:INFO:           evidently: Not installed
2026-10-07 12:51:48,571:INFO:               fugue: Not installed
2026-10-07 12:51:48,571:INFO:           streamlit: Not installed
2026-10-07 12:51:48,571:INFO:             prophet: Not installed
2026-10-07 12:51:48,572:INFO:None
2026-10-07 12:51:48,572:INFO:Set up data.
2026-10-07 12:51:48,674:INFO:Set up folding strategy.
2026-10-07 12:51:48,674:INFO:Set up train/test split.
2026-10-07 12:51:48,708:INFO:Set up index.
2026-10-07 12:51:48,709:INFO:Assigning column types.
2026-10-07 12:51:48,724:INFO:Engine successfully changes for model 'lr' to 'sklearn'.
2026-10-07 12:51:48,725:INFO:Engine for model 'lasso' has not been set explicitly, hence returning None.
2026-10-07 12:51:48,728:INFO:Engine for model 'ridge' has not been set explicitly, hence returning None.
2026-10-07 12:51:48,731:INFO:Engine for model 'en' has not been set explicitly, hence returning None.
2026-10-07 12:51:48,787:INFO:Engine for model 'svm' has not been set explicitly, hence returning None.
2026-10-07 12:51:48,823:INFO:Engine for model 'knn' has not been set explicitly, hence returning None.
2026-10-07 12:51:48,824:INFO:Soft dependency imported: xgboost: 3.1.2
2026-10-07 12:51:48,826:WARNING:
'catboost' is a soft dependency and not included in the pycaret installation. Please run: `pip install catboost` to install.
Alternately, you can install this by running `pip install pycaret[models]`
2026-10-07 12:51:48,827:INFO:Engine for model 'lasso' has not been set explicitly, hence returning None.
2026-10-07 12:51:48,830:INFO:Engine for model 'ridge' has not been set explicitly, hence returning None.
2026-10-07 12:51:48,834:INFO:Engine for model 'en' has not been set explicitly, hence returning None.
2026-10-07 12:51:48,897:INFO:Engine for model 'svm' has not been set explicitly, hence returning None.
2026-10-07 12:51:48,932:INFO:Engine for model 'knn' has not been set explicitly, hence returning None.
2026-10-07 12:51:48,933:INFO:Soft dependency imported: xgboost: 3.1.2
2026-10-07 12:51:48,936:WARNING:
'catboost' is a soft dependency and not included in the pycaret installation. Please run: `pip install catboost` to install.
Alternately, you can install this by running `pip install pycaret[models]`
2026-10-07 12:51:48,936:INFO:Engine successfully changes for model 'lasso' to 'sklearn'.
2026-10-07 12:51:48,940:INFO:Engine for model 'ridge' has not been set explicitly, hence returning None.
2026-10-07 12:51:48,946:INFO:Engine for model 'en' has not been set explicitly, hence returning None.
2026-10-07 12:51:49,016:INFO:Engine for model 'svm' has not been set explicitly, hence returning None.
2026-10-07 12:51:49,054:INFO:Engine for model 'knn' has not been set explicitly, hence returning None.
2026-10-07 12:51:49,054:INFO:Soft dependency imported: xgboost: 3.1.2
2026-10-07 12:51:49,056:WARNING:
'catboost' is a soft dependency and not included in the pycaret installation. Please run: `pip install catboost` to install.
Alternately, you can install this by running `pip install pycaret[models]`
2026-10-07 12:51:49,060:INFO:Engine for model 'ridge' has not been set explicitly, hence returning None.
2026-10-07 12:51:49,063:INFO:Engine for model 'en' has not been set explicitly, hence returning None.
2026-10-07 12:51:49,128:INFO:Engine for model 'svm' has not been set explicitly, hence returning None.
2026-10-07 12:51:49,161:INFO:Engine for model 'knn' has not been set explicitly, hence returning None.
2026-10-07 12:51:49,162:INFO:Soft dependency imported: xgboost: 3.1.2
2026-10-07 12:51:49,164:WARNING:
'catboost' is a soft dependency and not included in the pycaret installation. Please run: `pip install catboost` to install.
Alternately, you can install this by running `pip install pycaret[models]`
2026-10-07 12:51:49,164:INFO:Engine successfully changes for model 'ridge' to 'sklearn'.
2026-10-07 12:51:49,171:INFO:Engine for model 'en' has not been set explicitly, hence returning None.
2026-10-07 12:51:49,231:INFO:Engine for model 'svm' has not been set explicitly, hence returning None.
2026-10-07 12:51:49,260:INFO:Engine for model 'knn' has not been set explicitly, hence returning None.
2026-10-07 12:51:49,261:INFO:Soft dependency imported: xgboost: 3.1.2
2026-10-07 12:51:49,263:WARNING:
'catboost' is a soft dependency and not included in the pycaret installation. Please run: `pip install catboost` to install.
Alternately, you can install this by running `pip install pycaret[models]`
2026-10-07 12:51:49,269:INFO:Engine for model 'en' has not been set explicitly, hence returning None.
2026-10-07 12:51:49,324:INFO:Engine for model 'svm' has not been set explicitly, hence returning None.
2026-10-07 12:51:49,356:INFO:Engine for model 'knn' has not been set explicitly, hence returning None.
2026-10-07 12:51:49,357:INFO:Soft dependency imported: xgboost: 3.1.2
2026-10-07 12:51:49,358:WARNING:
'catboost' is a soft dependency and not included in the pycaret installation. Please run: `pip install catboost` to install.
Alternately, you can install this by running `pip install pycaret[models]`
2026-10-07 12:51:49,359:INFO:Engine successfully changes for model 'en' to 'sklearn'.
2026-10-07 12:51:49,421:INFO:Engine for model 'svm' has not been set explicitly, hence returning None.
2026-10-07 12:51:49,453:INFO:Engine for model 'knn' has not been set explicitly, hence returning None.
2026-10-07 12:51:49,454:INFO:Soft dependency imported: xgboost: 3.1.2
2026-10-07 12:51:49,456:WARNING:
'catboost' is a soft dependency and not included in the pycaret installation. Please run: `pip install catboost` to install.
Alternately, you can install this by running `pip install pycaret[models]`
2026-10-07 12:51:49,529:INFO:Engine for model 'svm' has not been set explicitly, hence returning None.
2026-10-07 12:51:49,562:INFO:Engine for model 'knn' has not been set explicitly, hence returning None.
2026-10-07 12:51:49,562:INFO:Soft dependency imported: xgboost: 3.1.2
2026-10-07 12:51:49,564:WARNING:
'catboost' is a soft dependency and not included in the pycaret installation. Please run: `pip install catboost` to install.
Alternately, you can install this by running `pip install pycaret[models]`
2026-10-07 12:51:49,564:INFO:Engine successfully changes for model 'knn' to 'sklearn'.
2026-10-07 12:51:49,624:INFO:Engine for model 'svm' has not been set explicitly, hence returning None.
2026-10-07 12:51:49,657:INFO:Soft dependency imported: xgboost: 3.1.2
2026-10-07 12:51:49,659:WARNING:
'catboost' is a soft dependency and not included in the pycaret installation. Please run: `pip install catboost` to install.
Alternately, you can install this by running `pip install pycaret[models]`
2026-10-07 12:51:49,723:INFO:Engine for model 'svm' has not been set explicitly, hence returning None.
2026-10-07 12:51:49,754:INFO:Soft dependency imported: xgboost: 3.1.2
2026-10-07 12:51:49,756:WARNING:
'catboost' is a soft dependency and not included in the pycaret installation. Please run: `pip install catboost` to install.
Alternately, you can install this by running `pip install pycaret[models]`
2026-10-07 12:51:49,757:INFO:Engine successfully changes for model 'svm' to 'sklearn'.
2026-10-07 12:51:49,852:INFO:Soft dependency imported: xgboost: 3.1.2
2026-10-07 12:51:49,858:WARNING:
'catboost' is a soft dependency and not included in the pycaret installation. Please run: `pip install catboost` to install.
Alternately, you can install this by running `pip install pycaret[models]`
2026-10-07 12:51:49,952:INFO:Soft dependency imported: xgboost: 3.1.2
2026-10-07 12:51:49,955:WARNING:
'catboost' is a soft dependency and not included in the pycaret installation. Please run: `pip install catboost` to install.
Alternately, you can install this by running `pip install pycaret[models]`
2026-10-07 12:51:49,957:INFO:Preparing preprocessing pipeline...
2026-10-07 12:51:49,957:INFO:Set up simple imputation.
2026-10-07 12:51:49,969:INFO:Set up encoding of ordinal features.
2026-10-07 12:51:49,977:INFO:Set up encoding of categorical features.
2026-10-07 12:51:50,485:INFO:Finished creating preprocessing pipeline.
2026-10-07 12:51:50,507:INFO:Pipeline: Pipeline(memory=FastMemory(location=C:\Users\bordasm\AppData\Local\Temp\joblib),
         steps=[('numerical_imputer',
                 TransformerWrapper(include=['harvest_calendar_year',
                                             'harvest_month',
                                             'farm_size_hectares',
                                             'tree_age_years',
                                             'altitude_mean_meters',
                                             'avg_temp_c',
                                             'avg_annual_rainfall_mm',
                                             'humidity_pct',
                                             'drying_duration_days',
                                             'storage_months',
                                             'bean_size_screen', '...
                                             'processing_method',
                                             'drying_method',
                                             'traceability_level',
                                             'certification',
                                             'intended_buyer_segment',
                                             'roast_level'],
                                    transformer=OneHotEncoder(cols=['harvest_season',
                                                                    'country_of_origin',
                                                                    'farm_type',
                                                                    'processing_method',
                                                                    'drying_method',
                                                                    'traceability_level',
                                                                    'certification',
                                                                    'intended_buyer_segment',
                                                                    'roast_level'],
                                                              handle_missing='return_nan',
                                                              use_cat_names=True)))])
2026-10-07 12:51:50,507:INFO:Creating final display dataframe.
2026-10-07 12:51:51,325:INFO:Setup _display_container:                     Description                 Value
0                    Session id                     3
1                        Target  coffee_quality_score
2                   Target type            Regression
3           Original data shape           (35700, 36)
4        Transformed data shape           (35700, 60)
5   Transformed train set shape           (28560, 60)
6    Transformed test set shape            (7140, 60)
7               Ignore features                     4
8              Numeric features                    20
9          Categorical features                    11
10     Rows with missing values                 66.4%
11                   Preprocess                  True
12              Imputation type                simple
13           Numeric imputation                  mean
14       Categorical imputation                  mode
15     Maximum one-hot encoding                    25
16              Encoding method                  None
17               Fold Generator                 KFold
18                  Fold Number                    10
19                     CPU Jobs                    -1
20                      Use GPU                 False
21               Log Experiment                 False
22              Experiment Name      reg-default-name
23                          USI                  d9c3
2026-10-07 12:51:51,417:INFO:Soft dependency imported: xgboost: 3.1.2
2026-10-07 12:51:51,420:WARNING:
'catboost' is a soft dependency and not included in the pycaret installation. Please run: `pip install catboost` to install.
Alternately, you can install this by running `pip install pycaret[models]`
2026-10-07 12:51:51,510:INFO:Soft dependency imported: xgboost: 3.1.2
2026-10-07 12:51:51,513:WARNING:
'catboost' is a soft dependency and not included in the pycaret installation. Please run: `pip install catboost` to install.
Alternately, you can install this by running `pip install pycaret[models]`
2026-10-07 12:51:51,513:INFO:setup() successfully completed in 2.99s...............
2026-10-07 12:51:51,513:INFO:Initializing create_model()
2026-10-07 12:51:51,513:INFO:create_model(self=<pycaret.regression.oop.RegressionExperiment object at 0x000001EF28531650>, estimator=lightgbm, fold=3, round=4, cross_validation=True, predict=True, fit_kwargs=None, groups=None, refit=True, probability_threshold=None, experiment_custom_tags=None, verbose=True, system=True, add_to_model_list=True, metrics=None, display=None, model_only=True, return_train_score=False, error_score=0.0, kwargs={})
2026-10-07 12:51:51,513:INFO:Checking exceptions
2026-10-07 12:51:51,514:INFO:Importing libraries
2026-10-07 12:51:51,515:INFO:Copying training dataset
2026-10-07 12:51:51,540:INFO:Defining folds
2026-10-07 12:51:51,540:INFO:Declaring metric variables
2026-10-07 12:51:51,540:INFO:Importing untrained model
2026-10-07 12:51:51,540:INFO:Light Gradient Boosting Machine Imported successfully
2026-10-07 12:51:51,541:INFO:Starting cross validation
2026-10-07 12:51:51,543:INFO:Cross validating with KFold(n_splits=3, random_state=None, shuffle=False), n_jobs=-1
2026-10-07 12:52:00,885:WARNING:C:\Users\bordasm\.venv\Lib\site-packages\_distutils_hack\__init__.py:33: UserWarning: Setuptools is replacing distutils.
  warnings.warn("Setuptools is replacing distutils.")

2026-10-07 12:52:01,077:WARNING:C:\Users\bordasm\.venv\Lib\site-packages\_distutils_hack\__init__.py:33: UserWarning: Setuptools is replacing distutils.
  warnings.warn("Setuptools is replacing distutils.")

2026-10-07 12:52:01,092:WARNING:C:\Users\bordasm\.venv\Lib\site-packages\_distutils_hack\__init__.py:33: UserWarning: Setuptools is replacing distutils.
  warnings.warn("Setuptools is replacing distutils.")

2026-10-07 12:52:02,834:INFO:Calculating mean and std
2026-10-07 12:52:02,835:INFO:Creating metrics dataframe
2026-10-07 12:52:02,838:INFO:Finalizing model
2026-10-07 12:52:03,391:INFO:[LightGBM] [Warning] Found whitespace in feature_names, replace with underlines
2026-10-07 12:52:03,395:INFO:[LightGBM] [Info] Auto-choosing col-wise multi-threading, the overhead of testing was 0.001796 seconds.
2026-10-07 12:52:03,395:INFO:You can set `force_col_wise=true` to remove the overhead.
2026-10-07 12:52:03,395:INFO:[LightGBM] [Info] Total Bins 3775
2026-10-07 12:52:03,396:INFO:[LightGBM] [Info] Number of data points in the train set: 28560, number of used features: 59
2026-10-07 12:52:03,396:INFO:[LightGBM] [Info] Start training from score 77.599149
2026-10-07 12:52:03,682:INFO:Uploading results into container
2026-10-07 12:52:03,685:INFO:Uploading model into container now
2026-10-07 12:52:03,694:INFO:_master_model_container: 1
2026-10-07 12:52:03,694:INFO:_display_container: 2
2026-10-07 12:52:03,695:INFO:LGBMRegressor(n_jobs=-1, random_state=3)
2026-10-07 12:52:03,695:INFO:create_model() successfully completed......................................
2026-10-07 12:52:04,117:INFO:PyCaret RegressionExperiment
2026-10-07 12:52:04,117:INFO:Logging name: reg-default-name
2026-10-07 12:52:04,117:INFO:ML Usecase: MLUsecase.REGRESSION
2026-10-07 12:52:04,117:INFO:version 3.3.2
2026-10-07 12:52:04,117:INFO:Initializing setup()
2026-10-07 12:52:04,117:INFO:self.USI: 61d1
2026-10-07 12:52:04,117:INFO:self._variable_keys: {'y', 'target_param', 'idx', 'exp_name_log', 'seed', 'memory', 'log_plots_param', 'data', 'X_train', 'transform_target_param', 'fold_generator', 'pipeline', 'y_test', 'X', 'n_jobs_param', 'exp_id', 'logging_param', '_available_plots', 'fold_groups_param', 'fold_shuffle_param', 'gpu_n_jobs_param', '_ml_usecase', 'y_train', 'X_test', 'USI', 'html_param', 'gpu_param'}
2026-10-07 12:52:04,117:INFO:Checking environment
2026-10-07 12:52:04,117:INFO:python_version: 3.11.9
2026-10-07 12:52:04,118:INFO:python_build: ('tags/v3.11.9:de54cf5', 'Apr  2 2024 10:12:12')
2026-10-07 12:52:04,118:INFO:machine: AMD64
2026-10-07 12:52:04,119:INFO:platform: Windows-10-10.0.26200-SP0
2026-10-07 12:52:04,120:INFO:Memory: svmem(total=16868499456, available=4236128256, percent=74.9, used=12632371200, free=4236128256)
2026-10-07 12:52:04,121:INFO:Physical Core: 8
2026-10-07 12:52:04,121:INFO:Logical Core: 16
2026-10-07 12:52:04,122:INFO:Checking libraries
2026-10-07 12:52:04,123:INFO:System:
2026-10-07 12:52:04,124:INFO:    python: 3.11.9 (tags/v3.11.9:de54cf5, Apr  2 2024, 10:12:12) [MSC v.1938 64 bit (AMD64)]
2026-10-07 12:52:04,124:INFO:executable: C:\Users\bordasm\.venv\Scripts\python.exe
2026-10-07 12:52:04,124:INFO:   machine: Windows-10-10.0.26200-SP0
2026-10-07 12:52:04,124:INFO:PyCaret required dependencies:
2026-10-07 12:52:04,125:INFO:                 pip: 26.2.1
2026-10-07 12:52:04,126:INFO:          setuptools: 65.5.0
2026-10-07 12:52:04,126:INFO:             pycaret: 3.3.2
2026-10-07 12:52:04,126:INFO:             IPython: 9.3.0
2026-10-07 12:52:04,127:INFO:          ipywidgets: 8.1.9
2026-10-07 12:52:04,128:INFO:                tqdm: 4.67.1
2026-10-07 12:52:04,129:INFO:               numpy: 1.26.4
2026-10-07 12:52:04,129:INFO:              pandas: 2.1.4
2026-10-07 12:52:04,129:INFO:              jinja2: 3.1.4
2026-10-07 12:52:04,129:INFO:               scipy: 1.11.4
2026-10-07 12:52:04,130:INFO:              joblib: 1.3.2
2026-10-07 12:52:04,130:INFO:             sklearn: 1.4.2
2026-10-07 12:52:04,130:INFO:                pyod: 3.4.0
2026-10-07 12:52:04,131:INFO:            imblearn: 0.13.0
2026-10-07 12:52:04,132:INFO:   category_encoders: 2.7.0
2026-10-07 12:52:04,133:INFO:            lightgbm: 4.6.0
2026-10-07 12:52:04,134:INFO:               numba: 0.68.0
2026-10-07 12:52:04,135:INFO:            requests: 2.32.3
2026-10-07 12:52:04,136:INFO:          matplotlib: 3.7.5
2026-10-07 12:52:04,136:INFO:          scikitplot: 0.3.7
2026-10-07 12:52:04,136:INFO:         yellowbrick: 1.5
2026-10-07 12:52:04,137:INFO:              plotly: 6.9.0
2026-10-07 12:52:04,137:INFO:    plotly-resampler: Not installed
2026-10-07 12:52:04,138:INFO:             kaleido: 1.5.0
2026-10-07 12:52:04,138:INFO:           schemdraw: 0.15
2026-10-07 12:52:04,138:INFO:         statsmodels: 0.15.0
2026-10-07 12:52:04,138:INFO:              sktime: 0.26.0
2026-10-07 12:52:04,139:INFO:               tbats: 1.1.3
2026-10-07 12:52:04,139:INFO:            pmdarima: 2.0.4
2026-10-07 12:52:04,140:INFO:              psutil: 7.0.0
2026-10-07 12:52:04,140:INFO:          markupsafe: 2.1.5
2026-10-07 12:52:04,141:INFO:             pickle5: Not installed
2026-10-07 12:52:04,141:INFO:         cloudpickle: 3.1.2
2026-10-07 12:52:04,142:INFO:         deprecation: 2.1.0
2026-10-07 12:52:04,143:INFO:              xxhash: 4.0.1
2026-10-07 12:52:04,143:INFO:           wurlitzer: Not installed
2026-10-07 12:52:04,144:INFO:PyCaret optional dependencies:
2026-10-07 12:52:04,144:INFO:                shap: Not installed
2026-10-07 12:52:04,144:INFO:           interpret: Not installed
2026-10-07 12:52:04,144:INFO:                umap: Not installed
2026-10-07 12:52:04,144:INFO:     ydata_profiling: Not installed
2026-10-07 12:52:04,144:INFO:  explainerdashboard: Not installed
2026-10-07 12:52:04,145:INFO:             autoviz: Not installed
2026-10-07 12:52:04,145:INFO:           fairlearn: Not installed
2026-10-07 12:52:04,146:INFO:          deepchecks: Not installed
2026-10-07 12:52:04,146:INFO:             xgboost: 3.1.2
2026-10-07 12:52:04,146:INFO:            catboost: Not installed
2026-10-07 12:52:04,146:INFO:              kmodes: Not installed
2026-10-07 12:52:04,147:INFO:             mlxtend: Not installed
2026-10-07 12:52:04,147:INFO:       statsforecast: Not installed
2026-10-07 12:52:04,148:INFO:        tune_sklearn: Not installed
2026-10-07 12:52:04,148:INFO:                 ray: Not installed
2026-10-07 12:52:04,149:INFO:            hyperopt: Not installed
2026-10-07 12:52:04,150:INFO:              optuna: Not installed
2026-10-07 12:52:04,151:INFO:               skopt: Not installed
2026-10-07 12:52:04,151:INFO:              mlflow: 3.17.0
2026-10-07 12:52:04,151:INFO:              gradio: Not installed
2026-10-07 12:52:04,151:INFO:             fastapi: 0.142.2
2026-10-07 12:52:04,152:INFO:             uvicorn: 0.54.0
2026-10-07 12:52:04,152:INFO:              m2cgen: Not installed
2026-10-07 12:52:04,153:INFO:           evidently: Not installed
2026-10-07 12:52:04,154:INFO:               fugue: Not installed
2026-10-07 12:52:04,155:INFO:           streamlit: Not installed
2026-10-07 12:52:04,155:INFO:             prophet: Not installed
2026-10-07 12:52:04,155:INFO:None
2026-10-07 12:52:04,156:INFO:Set up data.
2026-10-07 12:52:04,263:INFO:Set up folding strategy.
2026-10-07 12:52:04,263:INFO:Set up train/test split.
2026-10-07 12:52:04,304:INFO:Set up index.
2026-10-07 12:52:04,305:INFO:Assigning column types.
2026-10-07 12:52:04,318:INFO:Engine successfully changes for model 'lr' to 'sklearn'.
2026-10-07 12:52:04,319:INFO:Engine for model 'lasso' has not been set explicitly, hence returning None.
2026-10-07 12:52:04,322:INFO:Engine for model 'ridge' has not been set explicitly, hence returning None.
2026-10-07 12:52:04,325:INFO:Engine for model 'en' has not been set explicitly, hence returning None.
2026-10-07 12:52:04,380:INFO:Engine for model 'svm' has not been set explicitly, hence returning None.
2026-10-07 12:52:04,414:INFO:Engine for model 'knn' has not been set explicitly, hence returning None.
2026-10-07 12:52:04,414:INFO:Soft dependency imported: xgboost: 3.1.2
2026-10-07 12:52:04,416:WARNING:
'catboost' is a soft dependency and not included in the pycaret installation. Please run: `pip install catboost` to install.
Alternately, you can install this by running `pip install pycaret[models]`
2026-10-07 12:52:04,417:INFO:Engine for model 'lasso' has not been set explicitly, hence returning None.
2026-10-07 12:52:04,420:INFO:Engine for model 'ridge' has not been set explicitly, hence returning None.
2026-10-07 12:52:04,424:INFO:Engine for model 'en' has not been set explicitly, hence returning None.
2026-10-07 12:52:04,479:INFO:Engine for model 'svm' has not been set explicitly, hence returning None.
2026-10-07 12:52:04,515:INFO:Engine for model 'knn' has not been set explicitly, hence returning None.
2026-10-07 12:52:04,517:INFO:Soft dependency imported: xgboost: 3.1.2
2026-10-07 12:52:04,520:WARNING:
'catboost' is a soft dependency and not included in the pycaret installation. Please run: `pip install catboost` to install.
Alternately, you can install this by running `pip install pycaret[models]`
2026-10-07 12:52:04,521:INFO:Engine successfully changes for model 'lasso' to 'sklearn'.
2026-10-07 12:52:04,525:INFO:Engine for model 'ridge' has not been set explicitly, hence returning None.
2026-10-07 12:52:04,529:INFO:Engine for model 'en' has not been set explicitly, hence returning None.
2026-10-07 12:52:04,592:INFO:Engine for model 'svm' has not been set explicitly, hence returning None.
2026-10-07 12:52:04,627:INFO:Engine for model 'knn' has not been set explicitly, hence returning None.
2026-10-07 12:52:04,627:INFO:Soft dependency imported: xgboost: 3.1.2
2026-10-07 12:52:04,629:WARNING:
'catboost' is a soft dependency and not included in the pycaret installation. Please run: `pip install catboost` to install.
Alternately, you can install this by running `pip install pycaret[models]`
2026-10-07 12:52:04,632:INFO:Engine for model 'ridge' has not been set explicitly, hence returning None.
2026-10-07 12:52:04,636:INFO:Engine for model 'en' has not been set explicitly, hence returning None.
2026-10-07 12:52:04,694:INFO:Engine for model 'svm' has not been set explicitly, hence returning None.
2026-10-07 12:52:04,727:INFO:Engine for model 'knn' has not been set explicitly, hence returning None.
2026-10-07 12:52:04,728:INFO:Soft dependency imported: xgboost: 3.1.2
2026-10-07 12:52:04,730:WARNING:
'catboost' is a soft dependency and not included in the pycaret installation. Please run: `pip install catboost` to install.
Alternately, you can install this by running `pip install pycaret[models]`
2026-10-07 12:52:04,730:INFO:Engine successfully changes for model 'ridge' to 'sklearn'.
2026-10-07 12:52:04,737:INFO:Engine for model 'en' has not been set explicitly, hence returning None.
2026-10-07 12:52:04,797:INFO:Engine for model 'svm' has not been set explicitly, hence returning None.
2026-10-07 12:52:04,830:INFO:Engine for model 'knn' has not been set explicitly, hence returning None.
2026-10-07 12:52:04,830:INFO:Soft dependency imported: xgboost: 3.1.2
2026-10-07 12:52:04,832:WARNING:
'catboost' is a soft dependency and not included in the pycaret installation. Please run: `pip install catboost` to install.
Alternately, you can install this by running `pip install pycaret[models]`
2026-10-07 12:52:04,839:INFO:Engine for model 'en' has not been set explicitly, hence returning None.
2026-10-07 12:52:04,893:INFO:Engine for model 'svm' has not been set explicitly, hence returning None.
2026-10-07 12:52:04,926:INFO:Engine for model 'knn' has not been set explicitly, hence returning None.
2026-10-07 12:52:04,927:INFO:Soft dependency imported: xgboost: 3.1.2
2026-10-07 12:52:04,929:WARNING:
'catboost' is a soft dependency and not included in the pycaret installation. Please run: `pip install catboost` to install.
Alternately, you can install this by running `pip install pycaret[models]`
2026-10-07 12:52:04,929:INFO:Engine successfully changes for model 'en' to 'sklearn'.
2026-10-07 12:52:04,996:INFO:Engine for model 'svm' has not been set explicitly, hence returning None.
2026-10-07 12:52:05,028:INFO:Engine for model 'knn' has not been set explicitly, hence returning None.
2026-10-07 12:52:05,029:INFO:Soft dependency imported: xgboost: 3.1.2
2026-10-07 12:52:05,030:WARNING:
'catboost' is a soft dependency and not included in the pycaret installation. Please run: `pip install catboost` to install.
Alternately, you can install this by running `pip install pycaret[models]`
2026-10-07 12:52:05,097:INFO:Engine for model 'svm' has not been set explicitly, hence returning None.
2026-10-07 12:52:05,134:INFO:Engine for model 'knn' has not been set explicitly, hence returning None.
2026-10-07 12:52:05,135:INFO:Soft dependency imported: xgboost: 3.1.2
2026-10-07 12:52:05,137:WARNING:
'catboost' is a soft dependency and not included in the pycaret installation. Please run: `pip install catboost` to install.
Alternately, you can install this by running `pip install pycaret[models]`
2026-10-07 12:52:05,137:INFO:Engine successfully changes for model 'knn' to 'sklearn'.
2026-10-07 12:52:05,201:INFO:Engine for model 'svm' has not been set explicitly, hence returning None.
2026-10-07 12:52:05,236:INFO:Soft dependency imported: xgboost: 3.1.2
2026-10-07 12:52:05,238:WARNING:
'catboost' is a soft dependency and not included in the pycaret installation. Please run: `pip install catboost` to install.
Alternately, you can install this by running `pip install pycaret[models]`
2026-10-07 12:52:05,299:INFO:Engine for model 'svm' has not been set explicitly, hence returning None.
2026-10-07 12:52:05,335:INFO:Soft dependency imported: xgboost: 3.1.2
2026-10-07 12:52:05,338:WARNING:
'catboost' is a soft dependency and not included in the pycaret installation. Please run: `pip install catboost` to install.
Alternately, you can install this by running `pip install pycaret[models]`
2026-10-07 12:52:05,338:INFO:Engine successfully changes for model 'svm' to 'sklearn'.
2026-10-07 12:52:05,447:INFO:Soft dependency imported: xgboost: 3.1.2
2026-10-07 12:52:05,449:WARNING:
'catboost' is a soft dependency and not included in the pycaret installation. Please run: `pip install catboost` to install.
Alternately, you can install this by running `pip install pycaret[models]`
2026-10-07 12:52:05,539:INFO:Soft dependency imported: xgboost: 3.1.2
2026-10-07 12:52:05,541:WARNING:
'catboost' is a soft dependency and not included in the pycaret installation. Please run: `pip install catboost` to install.
Alternately, you can install this by running `pip install pycaret[models]`
2026-10-07 12:52:05,543:INFO:Preparing preprocessing pipeline...
2026-10-07 12:52:05,544:INFO:Set up simple imputation.
2026-10-07 12:52:05,556:INFO:Set up encoding of ordinal features.
2026-10-07 12:52:05,565:INFO:Set up encoding of categorical features.
2026-10-07 12:52:06,108:INFO:Finished creating preprocessing pipeline.
2026-10-07 12:52:06,129:INFO:Pipeline: Pipeline(memory=FastMemory(location=C:\Users\bordasm\AppData\Local\Temp\joblib),
         steps=[('numerical_imputer',
                 TransformerWrapper(include=['harvest_calendar_year',
                                             'harvest_month',
                                             'farm_size_hectares',
                                             'tree_age_years',
                                             'altitude_mean_meters',
                                             'avg_temp_c',
                                             'avg_annual_rainfall_mm',
                                             'humidity_pct',
                                             'drying_duration_days',
                                             'storage_months',
                                             'bean_size_screen', '...
                                             'processing_method',
                                             'drying_method',
                                             'traceability_level',
                                             'certification',
                                             'intended_buyer_segment',
                                             'roast_level'],
                                    transformer=OneHotEncoder(cols=['harvest_season',
                                                                    'country_of_origin',
                                                                    'farm_type',
                                                                    'processing_method',
                                                                    'drying_method',
                                                                    'traceability_level',
                                                                    'certification',
                                                                    'intended_buyer_segment',
                                                                    'roast_level'],
                                                              handle_missing='return_nan',
                                                              use_cat_names=True)))])
2026-10-07 12:52:06,129:INFO:Creating final display dataframe.
2026-10-07 12:52:06,943:INFO:Setup _display_container:                     Description                 Value
0                    Session id                     4
1                        Target  coffee_quality_score
2                   Target type            Regression
3           Original data shape           (35700, 36)
4        Transformed data shape           (35700, 60)
5   Transformed train set shape           (28560, 60)
6    Transformed test set shape            (7140, 60)
7               Ignore features                     4
8              Numeric features                    20
9          Categorical features                    11
10     Rows with missing values                 66.4%
11                   Preprocess                  True
12              Imputation type                simple
13           Numeric imputation                  mean
14       Categorical imputation                  mode
15     Maximum one-hot encoding                    25
16              Encoding method                  None
17               Fold Generator                 KFold
18                  Fold Number                    10
19                     CPU Jobs                    -1
20                      Use GPU                 False
21               Log Experiment                 False
22              Experiment Name      reg-default-name
23                          USI                  61d1
2026-10-07 12:52:07,037:INFO:Soft dependency imported: xgboost: 3.1.2
2026-10-07 12:52:07,039:WARNING:
'catboost' is a soft dependency and not included in the pycaret installation. Please run: `pip install catboost` to install.
Alternately, you can install this by running `pip install pycaret[models]`
2026-10-07 12:52:07,127:INFO:Soft dependency imported: xgboost: 3.1.2
2026-10-07 12:52:07,130:WARNING:
'catboost' is a soft dependency and not included in the pycaret installation. Please run: `pip install catboost` to install.
Alternately, you can install this by running `pip install pycaret[models]`
2026-10-07 12:52:07,130:INFO:setup() successfully completed in 3.04s...............
2026-10-07 12:52:07,130:INFO:Initializing create_model()
2026-10-07 12:52:07,130:INFO:create_model(self=<pycaret.regression.oop.RegressionExperiment object at 0x000001EF29B63390>, estimator=lightgbm, fold=3, round=4, cross_validation=True, predict=True, fit_kwargs=None, groups=None, refit=True, probability_threshold=None, experiment_custom_tags=None, verbose=True, system=True, add_to_model_list=True, metrics=None, display=None, model_only=True, return_train_score=False, error_score=0.0, kwargs={})
2026-10-07 12:52:07,130:INFO:Checking exceptions
2026-10-07 12:52:07,131:INFO:Importing libraries
2026-10-07 12:52:07,131:INFO:Copying training dataset
2026-10-07 12:52:07,154:INFO:Defining folds
2026-10-07 12:52:07,154:INFO:Declaring metric variables
2026-10-07 12:52:07,154:INFO:Importing untrained model
2026-10-07 12:52:07,155:INFO:Light Gradient Boosting Machine Imported successfully
2026-10-07 12:52:07,155:INFO:Starting cross validation
2026-10-07 12:52:07,156:INFO:Cross validating with KFold(n_splits=3, random_state=None, shuffle=False), n_jobs=-1
2026-10-07 12:52:16,415:WARNING:C:\Users\bordasm\.venv\Lib\site-packages\_distutils_hack\__init__.py:33: UserWarning: Setuptools is replacing distutils.
  warnings.warn("Setuptools is replacing distutils.")

2026-10-07 12:52:16,752:WARNING:C:\Users\bordasm\.venv\Lib\site-packages\_distutils_hack\__init__.py:33: UserWarning: Setuptools is replacing distutils.
  warnings.warn("Setuptools is replacing distutils.")

2026-10-07 12:52:16,932:WARNING:C:\Users\bordasm\.venv\Lib\site-packages\_distutils_hack\__init__.py:33: UserWarning: Setuptools is replacing distutils.
  warnings.warn("Setuptools is replacing distutils.")

2026-10-07 12:52:18,841:INFO:Calculating mean and std
2026-10-07 12:52:18,842:INFO:Creating metrics dataframe
2026-10-07 12:52:18,845:INFO:Finalizing model
2026-10-07 12:52:19,424:INFO:[LightGBM] [Warning] Found whitespace in feature_names, replace with underlines
2026-10-07 12:52:19,428:INFO:[LightGBM] [Info] Auto-choosing col-wise multi-threading, the overhead of testing was 0.002135 seconds.
2026-10-07 12:52:19,428:INFO:You can set `force_col_wise=true` to remove the overhead.
2026-10-07 12:52:19,429:INFO:[LightGBM] [Info] Total Bins 3774
2026-10-07 12:52:19,429:INFO:[LightGBM] [Info] Number of data points in the train set: 28560, number of used features: 59
2026-10-07 12:52:19,430:INFO:[LightGBM] [Info] Start training from score 77.598721
2026-10-07 12:52:19,695:INFO:Uploading results into container
2026-10-07 12:52:19,696:INFO:Uploading model into container now
2026-10-07 12:52:19,706:INFO:_master_model_container: 1
2026-10-07 12:52:19,706:INFO:_display_container: 2
2026-10-07 12:52:19,707:INFO:LGBMRegressor(n_jobs=-1, random_state=4)
2026-10-07 12:52:19,707:INFO:create_model() successfully completed......................................
2026-10-07 12:52:20,162:INFO:PyCaret RegressionExperiment
2026-10-07 12:52:20,162:INFO:Logging name: reg-default-name
2026-10-07 12:52:20,162:INFO:ML Usecase: MLUsecase.REGRESSION
2026-10-07 12:52:20,162:INFO:version 3.3.2
2026-10-07 12:52:20,162:INFO:Initializing setup()
2026-10-07 12:52:20,162:INFO:self.USI: aabf
2026-10-07 12:52:20,162:INFO:self._variable_keys: {'y', 'target_param', 'idx', 'exp_name_log', 'seed', 'memory', 'log_plots_param', 'data', 'X_train', 'transform_target_param', 'fold_generator', 'pipeline', 'y_test', 'X', 'n_jobs_param', 'exp_id', 'logging_param', '_available_plots', 'fold_groups_param', 'fold_shuffle_param', 'gpu_n_jobs_param', '_ml_usecase', 'y_train', 'X_test', 'USI', 'html_param', 'gpu_param'}
2026-10-07 12:52:20,162:INFO:Checking environment
2026-10-07 12:52:20,162:INFO:python_version: 3.11.9
2026-10-07 12:52:20,162:INFO:python_build: ('tags/v3.11.9:de54cf5', 'Apr  2 2024 10:12:12')
2026-10-07 12:52:20,163:INFO:machine: AMD64
2026-10-07 12:52:20,164:INFO:platform: Windows-10-10.0.26200-SP0
2026-10-07 12:52:20,165:INFO:Memory: svmem(total=16868499456, available=3780304896, percent=77.6, used=13088194560, free=3780304896)
2026-10-07 12:52:20,165:INFO:Physical Core: 8
2026-10-07 12:52:20,165:INFO:Logical Core: 16
2026-10-07 12:52:20,165:INFO:Checking libraries
2026-10-07 12:52:20,166:INFO:System:
2026-10-07 12:52:20,167:INFO:    python: 3.11.9 (tags/v3.11.9:de54cf5, Apr  2 2024, 10:12:12) [MSC v.1938 64 bit (AMD64)]
2026-10-07 12:52:20,168:INFO:executable: C:\Users\bordasm\.venv\Scripts\python.exe
2026-10-07 12:52:20,168:INFO:   machine: Windows-10-10.0.26200-SP0
2026-10-07 12:52:20,168:INFO:PyCaret required dependencies:
2026-10-07 12:52:20,168:INFO:                 pip: 26.2.1
2026-10-07 12:52:20,169:INFO:          setuptools: 65.5.0
2026-10-07 12:52:20,169:INFO:             pycaret: 3.3.2
2026-10-07 12:52:20,169:INFO:             IPython: 9.3.0
2026-10-07 12:52:20,170:INFO:          ipywidgets: 8.1.9
2026-10-07 12:52:20,170:INFO:                tqdm: 4.67.1
2026-10-07 12:52:20,171:INFO:               numpy: 1.26.4
2026-10-07 12:52:20,172:INFO:              pandas: 2.1.4
2026-10-07 12:52:20,172:INFO:              jinja2: 3.1.4
2026-10-07 12:52:20,172:INFO:               scipy: 1.11.4
2026-10-07 12:52:20,173:INFO:              joblib: 1.3.2
2026-10-07 12:52:20,174:INFO:             sklearn: 1.4.2
2026-10-07 12:52:20,174:INFO:                pyod: 3.4.0
2026-10-07 12:52:20,175:INFO:            imblearn: 0.13.0
2026-10-07 12:52:20,176:INFO:   category_encoders: 2.7.0
2026-10-07 12:52:20,177:INFO:            lightgbm: 4.6.0
2026-10-07 12:52:20,177:INFO:               numba: 0.68.0
2026-10-07 12:52:20,177:INFO:            requests: 2.32.3
2026-10-07 12:52:20,178:INFO:          matplotlib: 3.7.5
2026-10-07 12:52:20,178:INFO:          scikitplot: 0.3.7
2026-10-07 12:52:20,179:INFO:         yellowbrick: 1.5
2026-10-07 12:52:20,180:INFO:              plotly: 6.9.0
2026-10-07 12:52:20,180:INFO:    plotly-resampler: Not installed
2026-10-07 12:52:20,180:INFO:             kaleido: 1.5.0
2026-10-07 12:52:20,180:INFO:           schemdraw: 0.15
2026-10-07 12:52:20,180:INFO:         statsmodels: 0.15.0
2026-10-07 12:52:20,180:INFO:              sktime: 0.26.0
2026-10-07 12:52:20,181:INFO:               tbats: 1.1.3
2026-10-07 12:52:20,181:INFO:            pmdarima: 2.0.4
2026-10-07 12:52:20,181:INFO:              psutil: 7.0.0
2026-10-07 12:52:20,181:INFO:          markupsafe: 2.1.5
2026-10-07 12:52:20,182:INFO:             pickle5: Not installed
2026-10-07 12:52:20,182:INFO:         cloudpickle: 3.1.2
2026-10-07 12:52:20,182:INFO:         deprecation: 2.1.0
2026-10-07 12:52:20,182:INFO:              xxhash: 4.0.1
2026-10-07 12:52:20,182:INFO:           wurlitzer: Not installed
2026-10-07 12:52:20,183:INFO:PyCaret optional dependencies:
2026-10-07 12:52:20,183:INFO:                shap: Not installed
2026-10-07 12:52:20,184:INFO:           interpret: Not installed
2026-10-07 12:52:20,184:INFO:                umap: Not installed
2026-10-07 12:52:20,185:INFO:     ydata_profiling: Not installed
2026-10-07 12:52:20,185:INFO:  explainerdashboard: Not installed
2026-10-07 12:52:20,185:INFO:             autoviz: Not installed
2026-10-07 12:52:20,185:INFO:           fairlearn: Not installed
2026-10-07 12:52:20,185:INFO:          deepchecks: Not installed
2026-10-07 12:52:20,186:INFO:             xgboost: 3.1.2
2026-10-07 12:52:20,187:INFO:            catboost: Not installed
2026-10-07 12:52:20,187:INFO:              kmodes: Not installed
2026-10-07 12:52:20,187:INFO:             mlxtend: Not installed
2026-10-07 12:52:20,188:INFO:       statsforecast: Not installed
2026-10-07 12:52:20,188:INFO:        tune_sklearn: Not installed
2026-10-07 12:52:20,189:INFO:                 ray: Not installed
2026-10-07 12:52:20,189:INFO:            hyperopt: Not installed
2026-10-07 12:52:20,190:INFO:              optuna: Not installed
2026-10-07 12:52:20,191:INFO:               skopt: Not installed
2026-10-07 12:52:20,191:INFO:              mlflow: 3.17.0
2026-10-07 12:52:20,193:INFO:              gradio: Not installed
2026-10-07 12:52:20,193:INFO:             fastapi: 0.142.2
2026-10-07 12:52:20,193:INFO:             uvicorn: 0.54.0
2026-10-07 12:52:20,193:INFO:              m2cgen: Not installed
2026-10-07 12:52:20,194:INFO:           evidently: Not installed
2026-10-07 12:52:20,195:INFO:               fugue: Not installed
2026-10-07 12:52:20,195:INFO:           streamlit: Not installed
2026-10-07 12:52:20,195:INFO:             prophet: Not installed
2026-10-07 12:52:20,196:INFO:None
2026-10-07 12:52:20,196:INFO:Set up data.
2026-10-07 12:52:20,298:INFO:Set up folding strategy.
2026-10-07 12:52:20,299:INFO:Set up train/test split.
2026-10-07 12:52:20,340:INFO:Set up index.
2026-10-07 12:52:20,341:INFO:Assigning column types.
2026-10-07 12:52:20,355:INFO:Engine successfully changes for model 'lr' to 'sklearn'.
2026-10-07 12:52:20,355:INFO:Engine for model 'lasso' has not been set explicitly, hence returning None.
2026-10-07 12:52:20,358:INFO:Engine for model 'ridge' has not been set explicitly, hence returning None.
2026-10-07 12:52:20,361:INFO:Engine for model 'en' has not been set explicitly, hence returning None.
2026-10-07 12:52:20,413:INFO:Engine for model 'svm' has not been set explicitly, hence returning None.
2026-10-07 12:52:20,444:INFO:Engine for model 'knn' has not been set explicitly, hence returning None.
2026-10-07 12:52:20,444:INFO:Soft dependency imported: xgboost: 3.1.2
2026-10-07 12:52:20,446:WARNING:
'catboost' is a soft dependency and not included in the pycaret installation. Please run: `pip install catboost` to install.
Alternately, you can install this by running `pip install pycaret[models]`
2026-10-07 12:52:20,446:INFO:Engine for model 'lasso' has not been set explicitly, hence returning None.
2026-10-07 12:52:20,450:INFO:Engine for model 'ridge' has not been set explicitly, hence returning None.
2026-10-07 12:52:20,453:INFO:Engine for model 'en' has not been set explicitly, hence returning None.
2026-10-07 12:52:20,506:INFO:Engine for model 'svm' has not been set explicitly, hence returning None.
2026-10-07 12:52:20,540:INFO:Engine for model 'knn' has not been set explicitly, hence returning None.
2026-10-07 12:52:20,541:INFO:Soft dependency imported: xgboost: 3.1.2
2026-10-07 12:52:20,544:WARNING:
'catboost' is a soft dependency and not included in the pycaret installation. Please run: `pip install catboost` to install.
Alternately, you can install this by running `pip install pycaret[models]`
2026-10-07 12:52:20,544:INFO:Engine successfully changes for model 'lasso' to 'sklearn'.
2026-10-07 12:52:20,548:INFO:Engine for model 'ridge' has not been set explicitly, hence returning None.
2026-10-07 12:52:20,552:INFO:Engine for model 'en' has not been set explicitly, hence returning None.
2026-10-07 12:52:20,614:INFO:Engine for model 'svm' has not been set explicitly, hence returning None.
2026-10-07 12:52:20,656:INFO:Engine for model 'knn' has not been set explicitly, hence returning None.
2026-10-07 12:52:20,656:INFO:Soft dependency imported: xgboost: 3.1.2
2026-10-07 12:52:20,658:WARNING:
'catboost' is a soft dependency and not included in the pycaret installation. Please run: `pip install catboost` to install.
Alternately, you can install this by running `pip install pycaret[models]`
2026-10-07 12:52:20,662:INFO:Engine for model 'ridge' has not been set explicitly, hence returning None.
2026-10-07 12:52:20,665:INFO:Engine for model 'en' has not been set explicitly, hence returning None.
2026-10-07 12:52:20,725:INFO:Engine for model 'svm' has not been set explicitly, hence returning None.
2026-10-07 12:52:20,761:INFO:Engine for model 'knn' has not been set explicitly, hence returning None.
2026-10-07 12:52:20,761:INFO:Soft dependency imported: xgboost: 3.1.2
2026-10-07 12:52:20,763:WARNING:
'catboost' is a soft dependency and not included in the pycaret installation. Please run: `pip install catboost` to install.
Alternately, you can install this by running `pip install pycaret[models]`
2026-10-07 12:52:20,763:INFO:Engine successfully changes for model 'ridge' to 'sklearn'.
2026-10-07 12:52:20,772:INFO:Engine for model 'en' has not been set explicitly, hence returning None.
2026-10-07 12:52:20,826:INFO:Engine for model 'svm' has not been set explicitly, hence returning None.
2026-10-07 12:52:20,859:INFO:Engine for model 'knn' has not been set explicitly, hence returning None.
2026-10-07 12:52:20,860:INFO:Soft dependency imported: xgboost: 3.1.2
2026-10-07 12:52:20,862:WARNING:
'catboost' is a soft dependency and not included in the pycaret installation. Please run: `pip install catboost` to install.
Alternately, you can install this by running `pip install pycaret[models]`
2026-10-07 12:52:20,868:INFO:Engine for model 'en' has not been set explicitly, hence returning None.
2026-10-07 12:52:20,928:INFO:Engine for model 'svm' has not been set explicitly, hence returning None.
2026-10-07 12:52:20,960:INFO:Engine for model 'knn' has not been set explicitly, hence returning None.
2026-10-07 12:52:20,961:INFO:Soft dependency imported: xgboost: 3.1.2
2026-10-07 12:52:20,963:WARNING:
'catboost' is a soft dependency and not included in the pycaret installation. Please run: `pip install catboost` to install.
Alternately, you can install this by running `pip install pycaret[models]`
2026-10-07 12:52:20,963:INFO:Engine successfully changes for model 'en' to 'sklearn'.
2026-10-07 12:52:21,025:INFO:Engine for model 'svm' has not been set explicitly, hence returning None.
2026-10-07 12:52:21,058:INFO:Engine for model 'knn' has not been set explicitly, hence returning None.
2026-10-07 12:52:21,058:INFO:Soft dependency imported: xgboost: 3.1.2
2026-10-07 12:52:21,060:WARNING:
'catboost' is a soft dependency and not included in the pycaret installation. Please run: `pip install catboost` to install.
Alternately, you can install this by running `pip install pycaret[models]`
2026-10-07 12:52:21,123:INFO:Engine for model 'svm' has not been set explicitly, hence returning None.
2026-10-07 12:52:21,162:INFO:Engine for model 'knn' has not been set explicitly, hence returning None.
2026-10-07 12:52:21,162:INFO:Soft dependency imported: xgboost: 3.1.2
2026-10-07 12:52:21,164:WARNING:
'catboost' is a soft dependency and not included in the pycaret installation. Please run: `pip install catboost` to install.
Alternately, you can install this by running `pip install pycaret[models]`
2026-10-07 12:52:21,164:INFO:Engine successfully changes for model 'knn' to 'sklearn'.
2026-10-07 12:52:21,224:INFO:Engine for model 'svm' has not been set explicitly, hence returning None.
2026-10-07 12:52:21,257:INFO:Soft dependency imported: xgboost: 3.1.2
2026-10-07 12:52:21,259:WARNING:
'catboost' is a soft dependency and not included in the pycaret installation. Please run: `pip install catboost` to install.
Alternately, you can install this by running `pip install pycaret[models]`
2026-10-07 12:52:21,325:INFO:Engine for model 'svm' has not been set explicitly, hence returning None.
2026-10-07 12:52:21,359:INFO:Soft dependency imported: xgboost: 3.1.2
2026-10-07 12:52:21,361:WARNING:
'catboost' is a soft dependency and not included in the pycaret installation. Please run: `pip install catboost` to install.
Alternately, you can install this by running `pip install pycaret[models]`
2026-10-07 12:52:21,361:INFO:Engine successfully changes for model 'svm' to 'sklearn'.
2026-10-07 12:52:21,471:INFO:Soft dependency imported: xgboost: 3.1.2
2026-10-07 12:52:21,473:WARNING:
'catboost' is a soft dependency and not included in the pycaret installation. Please run: `pip install catboost` to install.
Alternately, you can install this by running `pip install pycaret[models]`
2026-10-07 12:52:21,577:INFO:Soft dependency imported: xgboost: 3.1.2
2026-10-07 12:52:21,579:WARNING:
'catboost' is a soft dependency and not included in the pycaret installation. Please run: `pip install catboost` to install.
Alternately, you can install this by running `pip install pycaret[models]`
2026-10-07 12:52:21,583:INFO:Preparing preprocessing pipeline...
2026-10-07 12:52:21,583:INFO:Set up simple imputation.
2026-10-07 12:52:21,602:INFO:Set up encoding of ordinal features.
2026-10-07 12:52:21,615:INFO:Set up encoding of categorical features.
2026-10-07 12:52:22,102:INFO:Finished creating preprocessing pipeline.
2026-10-07 12:52:22,124:INFO:Pipeline: Pipeline(memory=FastMemory(location=C:\Users\bordasm\AppData\Local\Temp\joblib),
         steps=[('numerical_imputer',
                 TransformerWrapper(include=['harvest_calendar_year',
                                             'harvest_month',
                                             'farm_size_hectares',
                                             'tree_age_years',
                                             'altitude_mean_meters',
                                             'avg_temp_c',
                                             'avg_annual_rainfall_mm',
                                             'humidity_pct',
                                             'drying_duration_days',
                                             'storage_months',
                                             'bean_size_screen', '...
                                             'processing_method',
                                             'drying_method',
                                             'traceability_level',
                                             'certification',
                                             'intended_buyer_segment',
                                             'roast_level'],
                                    transformer=OneHotEncoder(cols=['harvest_season',
                                                                    'country_of_origin',
                                                                    'farm_type',
                                                                    'processing_method',
                                                                    'drying_method',
                                                                    'traceability_level',
                                                                    'certification',
                                                                    'intended_buyer_segment',
                                                                    'roast_level'],
                                                              handle_missing='return_nan',
                                                              use_cat_names=True)))])
2026-10-07 12:52:22,124:INFO:Creating final display dataframe.
2026-10-07 12:52:22,968:INFO:Setup _display_container:                     Description                 Value
0                    Session id                     5
1                        Target  coffee_quality_score
2                   Target type            Regression
3           Original data shape           (35700, 36)
4        Transformed data shape           (35700, 60)
5   Transformed train set shape           (28560, 60)
6    Transformed test set shape            (7140, 60)
7               Ignore features                     4
8              Numeric features                    20
9          Categorical features                    11
10     Rows with missing values                 66.4%
11                   Preprocess                  True
12              Imputation type                simple
13           Numeric imputation                  mean
14       Categorical imputation                  mode
15     Maximum one-hot encoding                    25
16              Encoding method                  None
17               Fold Generator                 KFold
18                  Fold Number                    10
19                     CPU Jobs                    -1
20                      Use GPU                 False
21               Log Experiment                 False
22              Experiment Name      reg-default-name
23                          USI                  aabf
2026-10-07 12:52:23,058:INFO:Soft dependency imported: xgboost: 3.1.2
2026-10-07 12:52:23,060:WARNING:
'catboost' is a soft dependency and not included in the pycaret installation. Please run: `pip install catboost` to install.
Alternately, you can install this by running `pip install pycaret[models]`
2026-10-07 12:52:23,160:INFO:Soft dependency imported: xgboost: 3.1.2
2026-10-07 12:52:23,162:WARNING:
'catboost' is a soft dependency and not included in the pycaret installation. Please run: `pip install catboost` to install.
Alternately, you can install this by running `pip install pycaret[models]`
2026-10-07 12:52:23,162:INFO:setup() successfully completed in 3.03s...............
2026-10-07 12:52:23,162:INFO:Initializing create_model()
2026-10-07 12:52:23,162:INFO:create_model(self=<pycaret.regression.oop.RegressionExperiment object at 0x000001EF28505650>, estimator=lightgbm, fold=3, round=4, cross_validation=True, predict=True, fit_kwargs=None, groups=None, refit=True, probability_threshold=None, experiment_custom_tags=None, verbose=True, system=True, add_to_model_list=True, metrics=None, display=None, model_only=True, return_train_score=False, error_score=0.0, kwargs={})
2026-10-07 12:52:23,162:INFO:Checking exceptions
2026-10-07 12:52:23,163:INFO:Importing libraries
2026-10-07 12:52:23,163:INFO:Copying training dataset
2026-10-07 12:52:23,186:INFO:Defining folds
2026-10-07 12:52:23,186:INFO:Declaring metric variables
2026-10-07 12:52:23,186:INFO:Importing untrained model
2026-10-07 12:52:23,187:INFO:Light Gradient Boosting Machine Imported successfully
2026-10-07 12:52:23,187:INFO:Starting cross validation
2026-10-07 12:52:23,189:INFO:Cross validating with KFold(n_splits=3, random_state=None, shuffle=False), n_jobs=-1
2026-10-07 12:52:32,554:WARNING:C:\Users\bordasm\.venv\Lib\site-packages\_distutils_hack\__init__.py:33: UserWarning: Setuptools is replacing distutils.
  warnings.warn("Setuptools is replacing distutils.")

2026-10-07 12:52:32,615:WARNING:C:\Users\bordasm\.venv\Lib\site-packages\_distutils_hack\__init__.py:33: UserWarning: Setuptools is replacing distutils.
  warnings.warn("Setuptools is replacing distutils.")

2026-10-07 12:52:32,705:WARNING:C:\Users\bordasm\.venv\Lib\site-packages\_distutils_hack\__init__.py:33: UserWarning: Setuptools is replacing distutils.
  warnings.warn("Setuptools is replacing distutils.")

2026-10-07 12:52:34,507:INFO:Calculating mean and std
2026-10-07 12:52:34,508:INFO:Creating metrics dataframe
2026-10-07 12:52:34,511:INFO:Finalizing model
2026-10-07 12:52:35,063:INFO:[LightGBM] [Warning] Found whitespace in feature_names, replace with underlines
2026-10-07 12:52:35,068:INFO:[LightGBM] [Info] Auto-choosing col-wise multi-threading, the overhead of testing was 0.002987 seconds.
2026-10-07 12:52:35,068:INFO:You can set `force_col_wise=true` to remove the overhead.
2026-10-07 12:52:35,068:INFO:[LightGBM] [Info] Total Bins 3776
2026-10-07 12:52:35,069:INFO:[LightGBM] [Info] Number of data points in the train set: 28560, number of used features: 59
2026-10-07 12:52:35,070:INFO:[LightGBM] [Info] Start training from score 77.593713
2026-10-07 12:52:35,309:INFO:Uploading results into container
2026-10-07 12:52:35,310:INFO:Uploading model into container now
2026-10-07 12:52:35,319:INFO:_master_model_container: 1
2026-10-07 12:52:35,319:INFO:_display_container: 2
2026-10-07 12:52:35,320:INFO:LGBMRegressor(n_jobs=-1, random_state=5)
2026-10-07 12:52:35,320:INFO:create_model() successfully completed......................................
2026-10-07 12:52:35,749:INFO:PyCaret RegressionExperiment
2026-10-07 12:52:35,749:INFO:Logging name: reg-default-name
2026-10-07 12:52:35,749:INFO:ML Usecase: MLUsecase.REGRESSION
2026-10-07 12:52:35,749:INFO:version 3.3.2
2026-10-07 12:52:35,749:INFO:Initializing setup()
2026-10-07 12:52:35,750:INFO:self.USI: 9e8e
2026-10-07 12:52:35,750:INFO:self._variable_keys: {'y', 'target_param', 'idx', 'exp_name_log', 'seed', 'memory', 'log_plots_param', 'data', 'X_train', 'transform_target_param', 'fold_generator', 'pipeline', 'y_test', 'X', 'n_jobs_param', 'exp_id', 'logging_param', '_available_plots', 'fold_groups_param', 'fold_shuffle_param', 'gpu_n_jobs_param', '_ml_usecase', 'y_train', 'X_test', 'USI', 'html_param', 'gpu_param'}
2026-10-07 12:52:35,750:INFO:Checking environment
2026-10-07 12:52:35,750:INFO:python_version: 3.11.9
2026-10-07 12:52:35,751:INFO:python_build: ('tags/v3.11.9:de54cf5', 'Apr  2 2024 10:12:12')
2026-10-07 12:52:35,751:INFO:machine: AMD64
2026-10-07 12:52:35,751:INFO:platform: Windows-10-10.0.26200-SP0
2026-10-07 12:52:35,752:INFO:Memory: svmem(total=16868499456, available=3340800000, percent=80.2, used=13527699456, free=3340800000)
2026-10-07 12:52:35,752:INFO:Physical Core: 8
2026-10-07 12:52:35,752:INFO:Logical Core: 16
2026-10-07 12:52:35,753:INFO:Checking libraries
2026-10-07 12:52:35,753:INFO:System:
2026-10-07 12:52:35,754:INFO:    python: 3.11.9 (tags/v3.11.9:de54cf5, Apr  2 2024, 10:12:12) [MSC v.1938 64 bit (AMD64)]
2026-10-07 12:52:35,754:INFO:executable: C:\Users\bordasm\.venv\Scripts\python.exe
2026-10-07 12:52:35,756:INFO:   machine: Windows-10-10.0.26200-SP0
2026-10-07 12:52:35,756:INFO:PyCaret required dependencies:
2026-10-07 12:52:35,757:INFO:                 pip: 26.2.1
2026-10-07 12:52:35,757:INFO:          setuptools: 65.5.0
2026-10-07 12:52:35,757:INFO:             pycaret: 3.3.2
2026-10-07 12:52:35,757:INFO:             IPython: 9.3.0
2026-10-07 12:52:35,758:INFO:          ipywidgets: 8.1.9
2026-10-07 12:52:35,758:INFO:                tqdm: 4.67.1
2026-10-07 12:52:35,759:INFO:               numpy: 1.26.4
2026-10-07 12:52:35,760:INFO:              pandas: 2.1.4
2026-10-07 12:52:35,760:INFO:              jinja2: 3.1.4
2026-10-07 12:52:35,761:INFO:               scipy: 1.11.4
2026-10-07 12:52:35,761:INFO:              joblib: 1.3.2
2026-10-07 12:52:35,762:INFO:             sklearn: 1.4.2
2026-10-07 12:52:35,762:INFO:                pyod: 3.4.0
2026-10-07 12:52:35,762:INFO:            imblearn: 0.13.0
2026-10-07 12:52:35,763:INFO:   category_encoders: 2.7.0
2026-10-07 12:52:35,763:INFO:            lightgbm: 4.6.0
2026-10-07 12:52:35,763:INFO:               numba: 0.68.0
2026-10-07 12:52:35,763:INFO:            requests: 2.32.3
2026-10-07 12:52:35,764:INFO:          matplotlib: 3.7.5
2026-10-07 12:52:35,764:INFO:          scikitplot: 0.3.7
2026-10-07 12:52:35,765:INFO:         yellowbrick: 1.5
2026-10-07 12:52:35,765:INFO:              plotly: 6.9.0
2026-10-07 12:52:35,765:INFO:    plotly-resampler: Not installed
2026-10-07 12:52:35,766:INFO:             kaleido: 1.5.0
2026-10-07 12:52:35,766:INFO:           schemdraw: 0.15
2026-10-07 12:52:35,767:INFO:         statsmodels: 0.15.0
2026-10-07 12:52:35,768:INFO:              sktime: 0.26.0
2026-10-07 12:52:35,768:INFO:               tbats: 1.1.3
2026-10-07 12:52:35,769:INFO:            pmdarima: 2.0.4
2026-10-07 12:52:35,769:INFO:              psutil: 7.0.0
2026-10-07 12:52:35,769:INFO:          markupsafe: 2.1.5
2026-10-07 12:52:35,769:INFO:             pickle5: Not installed
2026-10-07 12:52:35,770:INFO:         cloudpickle: 3.1.2
2026-10-07 12:52:35,771:INFO:         deprecation: 2.1.0
2026-10-07 12:52:35,771:INFO:              xxhash: 4.0.1
2026-10-07 12:52:35,771:INFO:           wurlitzer: Not installed
2026-10-07 12:52:35,772:INFO:PyCaret optional dependencies:
2026-10-07 12:52:35,773:INFO:                shap: Not installed
2026-10-07 12:52:35,773:INFO:           interpret: Not installed
2026-10-07 12:52:35,773:INFO:                umap: Not installed
2026-10-07 12:52:35,774:INFO:     ydata_profiling: Not installed
2026-10-07 12:52:35,774:INFO:  explainerdashboard: Not installed
2026-10-07 12:52:35,775:INFO:             autoviz: Not installed
2026-10-07 12:52:35,775:INFO:           fairlearn: Not installed
2026-10-07 12:52:35,775:INFO:          deepchecks: Not installed
2026-10-07 12:52:35,775:INFO:             xgboost: 3.1.2
2026-10-07 12:52:35,776:INFO:            catboost: Not installed
2026-10-07 12:52:35,777:INFO:              kmodes: Not installed
2026-10-07 12:52:35,778:INFO:             mlxtend: Not installed
2026-10-07 12:52:35,778:INFO:       statsforecast: Not installed
2026-10-07 12:52:35,778:INFO:        tune_sklearn: Not installed
2026-10-07 12:52:35,779:INFO:                 ray: Not installed
2026-10-07 12:52:35,780:INFO:            hyperopt: Not installed
2026-10-07 12:52:35,780:INFO:              optuna: Not installed
2026-10-07 12:52:35,780:INFO:               skopt: Not installed
2026-10-07 12:52:35,781:INFO:              mlflow: 3.17.0
2026-10-07 12:52:35,781:INFO:              gradio: Not installed
2026-10-07 12:52:35,782:INFO:             fastapi: 0.142.2
2026-10-07 12:52:35,783:INFO:             uvicorn: 0.54.0
2026-10-07 12:52:35,784:INFO:              m2cgen: Not installed
2026-10-07 12:52:35,784:INFO:           evidently: Not installed
2026-10-07 12:52:35,784:INFO:               fugue: Not installed
2026-10-07 12:52:35,784:INFO:           streamlit: Not installed
2026-10-07 12:52:35,785:INFO:             prophet: Not installed
2026-10-07 12:52:35,786:INFO:None
2026-10-07 12:52:35,786:INFO:Set up data.
2026-10-07 12:52:35,892:INFO:Set up folding strategy.
2026-10-07 12:52:35,892:INFO:Set up train/test split.
2026-10-07 12:52:35,932:INFO:Set up index.
2026-10-07 12:52:35,933:INFO:Assigning column types.
2026-10-07 12:52:35,949:INFO:Engine successfully changes for model 'lr' to 'sklearn'.
2026-10-07 12:52:35,949:INFO:Engine for model 'lasso' has not been set explicitly, hence returning None.
2026-10-07 12:52:35,953:INFO:Engine for model 'ridge' has not been set explicitly, hence returning None.
2026-10-07 12:52:35,956:INFO:Engine for model 'en' has not been set explicitly, hence returning None.
2026-10-07 12:52:36,012:INFO:Engine for model 'svm' has not been set explicitly, hence returning None.
2026-10-07 12:52:36,044:INFO:Engine for model 'knn' has not been set explicitly, hence returning None.
2026-10-07 12:52:36,044:INFO:Soft dependency imported: xgboost: 3.1.2
2026-10-07 12:52:36,046:WARNING:
'catboost' is a soft dependency and not included in the pycaret installation. Please run: `pip install catboost` to install.
Alternately, you can install this by running `pip install pycaret[models]`
2026-10-07 12:52:36,046:INFO:Engine for model 'lasso' has not been set explicitly, hence returning None.
2026-10-07 12:52:36,050:INFO:Engine for model 'ridge' has not been set explicitly, hence returning None.
2026-10-07 12:52:36,053:INFO:Engine for model 'en' has not been set explicitly, hence returning None.
2026-10-07 12:52:36,108:INFO:Engine for model 'svm' has not been set explicitly, hence returning None.
2026-10-07 12:52:36,140:INFO:Engine for model 'knn' has not been set explicitly, hence returning None.
2026-10-07 12:52:36,140:INFO:Soft dependency imported: xgboost: 3.1.2
2026-10-07 12:52:36,142:WARNING:
'catboost' is a soft dependency and not included in the pycaret installation. Please run: `pip install catboost` to install.
Alternately, you can install this by running `pip install pycaret[models]`
2026-10-07 12:52:36,143:INFO:Engine successfully changes for model 'lasso' to 'sklearn'.
2026-10-07 12:52:36,146:INFO:Engine for model 'ridge' has not been set explicitly, hence returning None.
2026-10-07 12:52:36,150:INFO:Engine for model 'en' has not been set explicitly, hence returning None.
2026-10-07 12:52:36,212:INFO:Engine for model 'svm' has not been set explicitly, hence returning None.
2026-10-07 12:52:36,252:INFO:Engine for model 'knn' has not been set explicitly, hence returning None.
2026-10-07 12:52:36,253:INFO:Soft dependency imported: xgboost: 3.1.2
2026-10-07 12:52:36,255:WARNING:
'catboost' is a soft dependency and not included in the pycaret installation. Please run: `pip install catboost` to install.
Alternately, you can install this by running `pip install pycaret[models]`
2026-10-07 12:52:36,259:INFO:Engine for model 'ridge' has not been set explicitly, hence returning None.
2026-10-07 12:52:36,262:INFO:Engine for model 'en' has not been set explicitly, hence returning None.
2026-10-07 12:52:36,326:INFO:Engine for model 'svm' has not been set explicitly, hence returning None.
2026-10-07 12:52:36,361:INFO:Engine for model 'knn' has not been set explicitly, hence returning None.
2026-10-07 12:52:36,362:INFO:Soft dependency imported: xgboost: 3.1.2
2026-10-07 12:52:36,364:WARNING:
'catboost' is a soft dependency and not included in the pycaret installation. Please run: `pip install catboost` to install.
Alternately, you can install this by running `pip install pycaret[models]`
2026-10-07 12:52:36,364:INFO:Engine successfully changes for model 'ridge' to 'sklearn'.
2026-10-07 12:52:36,371:INFO:Engine for model 'en' has not been set explicitly, hence returning None.
2026-10-07 12:52:36,425:INFO:Engine for model 'svm' has not been set explicitly, hence returning None.
2026-10-07 12:52:36,456:INFO:Engine for model 'knn' has not been set explicitly, hence returning None.
2026-10-07 12:52:36,456:INFO:Soft dependency imported: xgboost: 3.1.2
2026-10-07 12:52:36,458:WARNING:
'catboost' is a soft dependency and not included in the pycaret installation. Please run: `pip install catboost` to install.
Alternately, you can install this by running `pip install pycaret[models]`
2026-10-07 12:52:36,465:INFO:Engine for model 'en' has not been set explicitly, hence returning None.
2026-10-07 12:52:36,520:INFO:Engine for model 'svm' has not been set explicitly, hence returning None.
2026-10-07 12:52:36,554:INFO:Engine for model 'knn' has not been set explicitly, hence returning None.
2026-10-07 12:52:36,555:INFO:Soft dependency imported: xgboost: 3.1.2
2026-10-07 12:52:36,557:WARNING:
'catboost' is a soft dependency and not included in the pycaret installation. Please run: `pip install catboost` to install.
Alternately, you can install this by running `pip install pycaret[models]`
2026-10-07 12:52:36,557:INFO:Engine successfully changes for model 'en' to 'sklearn'.
2026-10-07 12:52:36,623:INFO:Engine for model 'svm' has not been set explicitly, hence returning None.
2026-10-07 12:52:36,656:INFO:Engine for model 'knn' has not been set explicitly, hence returning None.
2026-10-07 12:52:36,656:INFO:Soft dependency imported: xgboost: 3.1.2
2026-10-07 12:52:36,658:WARNING:
'catboost' is a soft dependency and not included in the pycaret installation. Please run: `pip install catboost` to install.
Alternately, you can install this by running `pip install pycaret[models]`
2026-10-07 12:52:36,722:INFO:Engine for model 'svm' has not been set explicitly, hence returning None.
2026-10-07 12:52:36,754:INFO:Engine for model 'knn' has not been set explicitly, hence returning None.
2026-10-07 12:52:36,754:INFO:Soft dependency imported: xgboost: 3.1.2
2026-10-07 12:52:36,757:WARNING:
'catboost' is a soft dependency and not included in the pycaret installation. Please run: `pip install catboost` to install.
Alternately, you can install this by running `pip install pycaret[models]`
2026-10-07 12:52:36,757:INFO:Engine successfully changes for model 'knn' to 'sklearn'.
2026-10-07 12:52:36,816:INFO:Engine for model 'svm' has not been set explicitly, hence returning None.
2026-10-07 12:52:36,849:INFO:Soft dependency imported: xgboost: 3.1.2
2026-10-07 12:52:36,851:WARNING:
'catboost' is a soft dependency and not included in the pycaret installation. Please run: `pip install catboost` to install.
Alternately, you can install this by running `pip install pycaret[models]`
2026-10-07 12:52:36,915:INFO:Engine for model 'svm' has not been set explicitly, hence returning None.
2026-10-07 12:52:36,948:INFO:Soft dependency imported: xgboost: 3.1.2
2026-10-07 12:52:36,950:WARNING:
'catboost' is a soft dependency and not included in the pycaret installation. Please run: `pip install catboost` to install.
Alternately, you can install this by running `pip install pycaret[models]`
2026-10-07 12:52:36,950:INFO:Engine successfully changes for model 'svm' to 'sklearn'.
2026-10-07 12:52:37,045:INFO:Soft dependency imported: xgboost: 3.1.2
2026-10-07 12:52:37,047:WARNING:
'catboost' is a soft dependency and not included in the pycaret installation. Please run: `pip install catboost` to install.
Alternately, you can install this by running `pip install pycaret[models]`
2026-10-07 12:52:37,140:INFO:Soft dependency imported: xgboost: 3.1.2
2026-10-07 12:52:37,143:WARNING:
'catboost' is a soft dependency and not included in the pycaret installation. Please run: `pip install catboost` to install.
Alternately, you can install this by running `pip install pycaret[models]`
2026-10-07 12:52:37,144:INFO:Preparing preprocessing pipeline...
2026-10-07 12:52:37,144:INFO:Set up simple imputation.
2026-10-07 12:52:37,157:INFO:Set up encoding of ordinal features.
2026-10-07 12:52:37,164:INFO:Set up encoding of categorical features.
2026-10-07 12:52:37,640:INFO:Finished creating preprocessing pipeline.
2026-10-07 12:52:37,671:INFO:Pipeline: Pipeline(memory=FastMemory(location=C:\Users\bordasm\AppData\Local\Temp\joblib),
         steps=[('numerical_imputer',
                 TransformerWrapper(include=['harvest_calendar_year',
                                             'harvest_month',
                                             'farm_size_hectares',
                                             'tree_age_years',
                                             'altitude_mean_meters',
                                             'avg_temp_c',
                                             'avg_annual_rainfall_mm',
                                             'humidity_pct',
                                             'drying_duration_days',
                                             'storage_months',
                                             'bean_size_screen', '...
                                             'processing_method',
                                             'drying_method',
                                             'traceability_level',
                                             'certification',
                                             'intended_buyer_segment',
                                             'roast_level'],
                                    transformer=OneHotEncoder(cols=['harvest_season',
                                                                    'country_of_origin',
                                                                    'farm_type',
                                                                    'processing_method',
                                                                    'drying_method',
                                                                    'traceability_level',
                                                                    'certification',
                                                                    'intended_buyer_segment',
                                                                    'roast_level'],
                                                              handle_missing='return_nan',
                                                              use_cat_names=True)))])
2026-10-07 12:52:37,671:INFO:Creating final display dataframe.
2026-10-07 12:52:38,497:INFO:Setup _display_container:                     Description                 Value
0                    Session id                     6
1                        Target  coffee_quality_score
2                   Target type            Regression
3           Original data shape           (35700, 36)
4        Transformed data shape           (35700, 60)
5   Transformed train set shape           (28560, 60)
6    Transformed test set shape            (7140, 60)
7               Ignore features                     4
8              Numeric features                    20
9          Categorical features                    11
10     Rows with missing values                 66.4%
11                   Preprocess                  True
12              Imputation type                simple
13           Numeric imputation                  mean
14       Categorical imputation                  mode
15     Maximum one-hot encoding                    25
16              Encoding method                  None
17               Fold Generator                 KFold
18                  Fold Number                    10
19                     CPU Jobs                    -1
20                      Use GPU                 False
21               Log Experiment                 False
22              Experiment Name      reg-default-name
23                          USI                  9e8e
2026-10-07 12:52:38,592:INFO:Soft dependency imported: xgboost: 3.1.2
2026-10-07 12:52:38,594:WARNING:
'catboost' is a soft dependency and not included in the pycaret installation. Please run: `pip install catboost` to install.
Alternately, you can install this by running `pip install pycaret[models]`
2026-10-07 12:52:38,706:INFO:Soft dependency imported: xgboost: 3.1.2
2026-10-07 12:52:38,708:WARNING:
'catboost' is a soft dependency and not included in the pycaret installation. Please run: `pip install catboost` to install.
Alternately, you can install this by running `pip install pycaret[models]`
2026-10-07 12:52:38,708:INFO:setup() successfully completed in 2.99s...............
2026-10-07 12:52:38,708:INFO:Initializing create_model()
2026-10-07 12:52:38,708:INFO:create_model(self=<pycaret.regression.oop.RegressionExperiment object at 0x000001EF27F82A50>, estimator=lightgbm, fold=3, round=4, cross_validation=True, predict=True, fit_kwargs=None, groups=None, refit=True, probability_threshold=None, experiment_custom_tags=None, verbose=True, system=True, add_to_model_list=True, metrics=None, display=None, model_only=True, return_train_score=False, error_score=0.0, kwargs={})
2026-10-07 12:52:38,708:INFO:Checking exceptions
2026-10-07 12:52:38,709:INFO:Importing libraries
2026-10-07 12:52:38,709:INFO:Copying training dataset
2026-10-07 12:52:38,731:INFO:Defining folds
2026-10-07 12:52:38,731:INFO:Declaring metric variables
2026-10-07 12:52:38,731:INFO:Importing untrained model
2026-10-07 12:52:38,732:INFO:Light Gradient Boosting Machine Imported successfully
2026-10-07 12:52:38,732:INFO:Starting cross validation
2026-10-07 12:52:38,734:INFO:Cross validating with KFold(n_splits=3, random_state=None, shuffle=False), n_jobs=-1
2026-10-07 12:52:46,392:WARNING:C:\Users\bordasm\.venv\Lib\site-packages\_distutils_hack\__init__.py:33: UserWarning: Setuptools is replacing distutils.
  warnings.warn("Setuptools is replacing distutils.")

2026-10-07 12:52:47,380:INFO:Calculating mean and std
2026-10-07 12:52:47,381:INFO:Creating metrics dataframe
2026-10-07 12:52:47,385:INFO:Finalizing model
2026-10-07 12:52:47,972:INFO:[LightGBM] [Warning] Found whitespace in feature_names, replace with underlines
2026-10-07 12:52:47,977:INFO:[LightGBM] [Info] Auto-choosing col-wise multi-threading, the overhead of testing was 0.001705 seconds.
2026-10-07 12:52:47,977:INFO:You can set `force_col_wise=true` to remove the overhead.
2026-10-07 12:52:47,977:INFO:[LightGBM] [Info] Total Bins 3771
2026-10-07 12:52:47,978:INFO:[LightGBM] [Info] Number of data points in the train set: 28560, number of used features: 59
2026-10-07 12:52:47,978:INFO:[LightGBM] [Info] Start training from score 77.614846
2026-10-07 12:52:48,220:INFO:Uploading results into container
2026-10-07 12:52:48,221:INFO:Uploading model into container now
2026-10-07 12:52:48,229:INFO:_master_model_container: 1
2026-10-07 12:52:48,229:INFO:_display_container: 2
2026-10-07 12:52:48,230:INFO:LGBMRegressor(n_jobs=-1, random_state=6)
2026-10-07 12:52:48,230:INFO:create_model() successfully completed......................................
2026-10-07 12:52:48,664:INFO:PyCaret RegressionExperiment
2026-10-07 12:52:48,664:INFO:Logging name: reg-default-name
2026-10-07 12:52:48,664:INFO:ML Usecase: MLUsecase.REGRESSION
2026-10-07 12:52:48,664:INFO:version 3.3.2
2026-10-07 12:52:48,664:INFO:Initializing setup()
2026-10-07 12:52:48,664:INFO:self.USI: e797
2026-10-07 12:52:48,665:INFO:self._variable_keys: {'y', 'target_param', 'idx', 'exp_name_log', 'seed', 'memory', 'log_plots_param', 'data', 'X_train', 'transform_target_param', 'fold_generator', 'pipeline', 'y_test', 'X', 'n_jobs_param', 'exp_id', 'logging_param', '_available_plots', 'fold_groups_param', 'fold_shuffle_param', 'gpu_n_jobs_param', '_ml_usecase', 'y_train', 'X_test', 'USI', 'html_param', 'gpu_param'}
2026-10-07 12:52:48,665:INFO:Checking environment
2026-10-07 12:52:48,665:INFO:python_version: 3.11.9
2026-10-07 12:52:48,666:INFO:python_build: ('tags/v3.11.9:de54cf5', 'Apr  2 2024 10:12:12')
2026-10-07 12:52:48,667:INFO:machine: AMD64
2026-10-07 12:52:48,668:INFO:platform: Windows-10-10.0.26200-SP0
2026-10-07 12:52:48,668:INFO:Memory: svmem(total=16868499456, available=3199004672, percent=81.0, used=13669494784, free=3199004672)
2026-10-07 12:52:48,668:INFO:Physical Core: 8
2026-10-07 12:52:48,668:INFO:Logical Core: 16
2026-10-07 12:52:48,668:INFO:Checking libraries
2026-10-07 12:52:48,668:INFO:System:
2026-10-07 12:52:48,668:INFO:    python: 3.11.9 (tags/v3.11.9:de54cf5, Apr  2 2024, 10:12:12) [MSC v.1938 64 bit (AMD64)]
2026-10-07 12:52:48,668:INFO:executable: C:\Users\bordasm\.venv\Scripts\python.exe
2026-10-07 12:52:48,668:INFO:   machine: Windows-10-10.0.26200-SP0
2026-10-07 12:52:48,668:INFO:PyCaret required dependencies:
2026-10-07 12:52:48,669:INFO:                 pip: 26.2.1
2026-10-07 12:52:48,669:INFO:          setuptools: 65.5.0
2026-10-07 12:52:48,669:INFO:             pycaret: 3.3.2
2026-10-07 12:52:48,670:INFO:             IPython: 9.3.0
2026-10-07 12:52:48,671:INFO:          ipywidgets: 8.1.9
2026-10-07 12:52:48,672:INFO:                tqdm: 4.67.1
2026-10-07 12:52:48,672:INFO:               numpy: 1.26.4
2026-10-07 12:52:48,672:INFO:              pandas: 2.1.4
2026-10-07 12:52:48,672:INFO:              jinja2: 3.1.4
2026-10-07 12:52:48,672:INFO:               scipy: 1.11.4
2026-10-07 12:52:48,673:INFO:              joblib: 1.3.2
2026-10-07 12:52:48,674:INFO:             sklearn: 1.4.2
2026-10-07 12:52:48,675:INFO:                pyod: 3.4.0
2026-10-07 12:52:48,675:INFO:            imblearn: 0.13.0
2026-10-07 12:52:48,676:INFO:   category_encoders: 2.7.0
2026-10-07 12:52:48,676:INFO:            lightgbm: 4.6.0
2026-10-07 12:52:48,677:INFO:               numba: 0.68.0
2026-10-07 12:52:48,677:INFO:            requests: 2.32.3
2026-10-07 12:52:48,678:INFO:          matplotlib: 3.7.5
2026-10-07 12:52:48,678:INFO:          scikitplot: 0.3.7
2026-10-07 12:52:48,678:INFO:         yellowbrick: 1.5
2026-10-07 12:52:48,678:INFO:              plotly: 6.9.0
2026-10-07 12:52:48,678:INFO:    plotly-resampler: Not installed
2026-10-07 12:52:48,679:INFO:             kaleido: 1.5.0
2026-10-07 12:52:48,679:INFO:           schemdraw: 0.15
2026-10-07 12:52:48,679:INFO:         statsmodels: 0.15.0
2026-10-07 12:52:48,680:INFO:              sktime: 0.26.0
2026-10-07 12:52:48,680:INFO:               tbats: 1.1.3
2026-10-07 12:52:48,681:INFO:            pmdarima: 2.0.4
2026-10-07 12:52:48,681:INFO:              psutil: 7.0.0
2026-10-07 12:52:48,681:INFO:          markupsafe: 2.1.5
2026-10-07 12:52:48,681:INFO:             pickle5: Not installed
2026-10-07 12:52:48,682:INFO:         cloudpickle: 3.1.2
2026-10-07 12:52:48,682:INFO:         deprecation: 2.1.0
2026-10-07 12:52:48,683:INFO:              xxhash: 4.0.1
2026-10-07 12:52:48,684:INFO:           wurlitzer: Not installed
2026-10-07 12:52:48,684:INFO:PyCaret optional dependencies:
2026-10-07 12:52:48,685:INFO:                shap: Not installed
2026-10-07 12:52:48,685:INFO:           interpret: Not installed
2026-10-07 12:52:48,686:INFO:                umap: Not installed
2026-10-07 12:52:48,686:INFO:     ydata_profiling: Not installed
2026-10-07 12:52:48,686:INFO:  explainerdashboard: Not installed
2026-10-07 12:52:48,687:INFO:             autoviz: Not installed
2026-10-07 12:52:48,687:INFO:           fairlearn: Not installed
2026-10-07 12:52:48,687:INFO:          deepchecks: Not installed
2026-10-07 12:52:48,687:INFO:             xgboost: 3.1.2
2026-10-07 12:52:48,687:INFO:            catboost: Not installed
2026-10-07 12:52:48,688:INFO:              kmodes: Not installed
2026-10-07 12:52:48,689:INFO:             mlxtend: Not installed
2026-10-07 12:52:48,689:INFO:       statsforecast: Not installed
2026-10-07 12:52:48,690:INFO:        tune_sklearn: Not installed
2026-10-07 12:52:48,690:INFO:                 ray: Not installed
2026-10-07 12:52:48,691:INFO:            hyperopt: Not installed
2026-10-07 12:52:48,691:INFO:              optuna: Not installed
2026-10-07 12:52:48,692:INFO:               skopt: Not installed
2026-10-07 12:52:48,692:INFO:              mlflow: 3.17.0
2026-10-07 12:52:48,693:INFO:              gradio: Not installed
2026-10-07 12:52:48,693:INFO:             fastapi: 0.142.2
2026-10-07 12:52:48,693:INFO:             uvicorn: 0.54.0
2026-10-07 12:52:48,693:INFO:              m2cgen: Not installed
2026-10-07 12:52:48,693:INFO:           evidently: Not installed
2026-10-07 12:52:48,694:INFO:               fugue: Not installed
2026-10-07 12:52:48,694:INFO:           streamlit: Not installed
2026-10-07 12:52:48,695:INFO:             prophet: Not installed
2026-10-07 12:52:48,696:INFO:None
2026-10-07 12:52:48,696:INFO:Set up data.
2026-10-07 12:52:48,798:INFO:Set up folding strategy.
2026-10-07 12:52:48,798:INFO:Set up train/test split.
2026-10-07 12:52:48,836:INFO:Set up index.
2026-10-07 12:52:48,837:INFO:Assigning column types.
2026-10-07 12:52:48,853:INFO:Engine successfully changes for model 'lr' to 'sklearn'.
2026-10-07 12:52:48,854:INFO:Engine for model 'lasso' has not been set explicitly, hence returning None.
2026-10-07 12:52:48,857:INFO:Engine for model 'ridge' has not been set explicitly, hence returning None.
2026-10-07 12:52:48,860:INFO:Engine for model 'en' has not been set explicitly, hence returning None.
2026-10-07 12:52:48,912:INFO:Engine for model 'svm' has not been set explicitly, hence returning None.
2026-10-07 12:52:48,946:INFO:Engine for model 'knn' has not been set explicitly, hence returning None.
2026-10-07 12:52:48,947:INFO:Soft dependency imported: xgboost: 3.1.2
2026-10-07 12:52:48,949:WARNING:
'catboost' is a soft dependency and not included in the pycaret installation. Please run: `pip install catboost` to install.
Alternately, you can install this by running `pip install pycaret[models]`
2026-10-07 12:52:48,949:INFO:Engine for model 'lasso' has not been set explicitly, hence returning None.
2026-10-07 12:52:48,953:INFO:Engine for model 'ridge' has not been set explicitly, hence returning None.
2026-10-07 12:52:48,956:INFO:Engine for model 'en' has not been set explicitly, hence returning None.
2026-10-07 12:52:49,015:INFO:Engine for model 'svm' has not been set explicitly, hence returning None.
2026-10-07 12:52:49,051:INFO:Engine for model 'knn' has not been set explicitly, hence returning None.
2026-10-07 12:52:49,052:INFO:Soft dependency imported: xgboost: 3.1.2
2026-10-07 12:52:49,054:WARNING:
'catboost' is a soft dependency and not included in the pycaret installation. Please run: `pip install catboost` to install.
Alternately, you can install this by running `pip install pycaret[models]`
2026-10-07 12:52:49,055:INFO:Engine successfully changes for model 'lasso' to 'sklearn'.
2026-10-07 12:52:49,060:INFO:Engine for model 'ridge' has not been set explicitly, hence returning None.
2026-10-07 12:52:49,064:INFO:Engine for model 'en' has not been set explicitly, hence returning None.
2026-10-07 12:52:49,129:INFO:Engine for model 'svm' has not been set explicitly, hence returning None.
2026-10-07 12:52:49,164:INFO:Engine for model 'knn' has not been set explicitly, hence returning None.
2026-10-07 12:52:49,164:INFO:Soft dependency imported: xgboost: 3.1.2
2026-10-07 12:52:49,167:WARNING:
'catboost' is a soft dependency and not included in the pycaret installation. Please run: `pip install catboost` to install.
Alternately, you can install this by running `pip install pycaret[models]`
2026-10-07 12:52:49,171:INFO:Engine for model 'ridge' has not been set explicitly, hence returning None.
2026-10-07 12:52:49,174:INFO:Engine for model 'en' has not been set explicitly, hence returning None.
2026-10-07 12:52:49,231:INFO:Engine for model 'svm' has not been set explicitly, hence returning None.
2026-10-07 12:52:49,264:INFO:Engine for model 'knn' has not been set explicitly, hence returning None.
2026-10-07 12:52:49,265:INFO:Soft dependency imported: xgboost: 3.1.2
2026-10-07 12:52:49,267:WARNING:
'catboost' is a soft dependency and not included in the pycaret installation. Please run: `pip install catboost` to install.
Alternately, you can install this by running `pip install pycaret[models]`
2026-10-07 12:52:49,267:INFO:Engine successfully changes for model 'ridge' to 'sklearn'.
2026-10-07 12:52:49,274:INFO:Engine for model 'en' has not been set explicitly, hence returning None.
2026-10-07 12:52:49,329:INFO:Engine for model 'svm' has not been set explicitly, hence returning None.
2026-10-07 12:52:49,366:INFO:Engine for model 'knn' has not been set explicitly, hence returning None.
2026-10-07 12:52:49,367:INFO:Soft dependency imported: xgboost: 3.1.2
2026-10-07 12:52:49,369:WARNING:
'catboost' is a soft dependency and not included in the pycaret installation. Please run: `pip install catboost` to install.
Alternately, you can install this by running `pip install pycaret[models]`
2026-10-07 12:52:49,376:INFO:Engine for model 'en' has not been set explicitly, hence returning None.
2026-10-07 12:52:49,428:INFO:Engine for model 'svm' has not been set explicitly, hence returning None.
2026-10-07 12:52:49,460:INFO:Engine for model 'knn' has not been set explicitly, hence returning None.
2026-10-07 12:52:49,460:INFO:Soft dependency imported: xgboost: 3.1.2
2026-10-07 12:52:49,462:WARNING:
'catboost' is a soft dependency and not included in the pycaret installation. Please run: `pip install catboost` to install.
Alternately, you can install this by running `pip install pycaret[models]`
2026-10-07 12:52:49,462:INFO:Engine successfully changes for model 'en' to 'sklearn'.
2026-10-07 12:52:49,523:INFO:Engine for model 'svm' has not been set explicitly, hence returning None.
2026-10-07 12:52:49,554:INFO:Engine for model 'knn' has not been set explicitly, hence returning None.
2026-10-07 12:52:49,554:INFO:Soft dependency imported: xgboost: 3.1.2
2026-10-07 12:52:49,556:WARNING:
'catboost' is a soft dependency and not included in the pycaret installation. Please run: `pip install catboost` to install.
Alternately, you can install this by running `pip install pycaret[models]`
2026-10-07 12:52:49,617:INFO:Engine for model 'svm' has not been set explicitly, hence returning None.
2026-10-07 12:52:49,651:INFO:Engine for model 'knn' has not been set explicitly, hence returning None.
2026-10-07 12:52:49,652:INFO:Soft dependency imported: xgboost: 3.1.2
2026-10-07 12:52:49,654:WARNING:
'catboost' is a soft dependency and not included in the pycaret installation. Please run: `pip install catboost` to install.
Alternately, you can install this by running `pip install pycaret[models]`
2026-10-07 12:52:49,654:INFO:Engine successfully changes for model 'knn' to 'sklearn'.
2026-10-07 12:52:49,718:INFO:Engine for model 'svm' has not been set explicitly, hence returning None.
2026-10-07 12:52:49,751:INFO:Soft dependency imported: xgboost: 3.1.2
2026-10-07 12:52:49,754:WARNING:
'catboost' is a soft dependency and not included in the pycaret installation. Please run: `pip install catboost` to install.
Alternately, you can install this by running `pip install pycaret[models]`
2026-10-07 12:52:49,827:INFO:Engine for model 'svm' has not been set explicitly, hence returning None.
2026-10-07 12:52:49,863:INFO:Soft dependency imported: xgboost: 3.1.2
2026-10-07 12:52:49,866:WARNING:
'catboost' is a soft dependency and not included in the pycaret installation. Please run: `pip install catboost` to install.
Alternately, you can install this by running `pip install pycaret[models]`
2026-10-07 12:52:49,866:INFO:Engine successfully changes for model 'svm' to 'sklearn'.
2026-10-07 12:52:49,969:INFO:Soft dependency imported: xgboost: 3.1.2
2026-10-07 12:52:49,971:WARNING:
'catboost' is a soft dependency and not included in the pycaret installation. Please run: `pip install catboost` to install.
Alternately, you can install this by running `pip install pycaret[models]`
2026-10-07 12:52:50,069:INFO:Soft dependency imported: xgboost: 3.1.2
2026-10-07 12:52:50,071:WARNING:
'catboost' is a soft dependency and not included in the pycaret installation. Please run: `pip install catboost` to install.
Alternately, you can install this by running `pip install pycaret[models]`
2026-10-07 12:52:50,073:INFO:Preparing preprocessing pipeline...
2026-10-07 12:52:50,073:INFO:Set up simple imputation.
2026-10-07 12:52:50,084:INFO:Set up encoding of ordinal features.
2026-10-07 12:52:50,093:INFO:Set up encoding of categorical features.
2026-10-07 12:52:50,639:INFO:Finished creating preprocessing pipeline.
2026-10-07 12:52:50,662:INFO:Pipeline: Pipeline(memory=FastMemory(location=C:\Users\bordasm\AppData\Local\Temp\joblib),
         steps=[('numerical_imputer',
                 TransformerWrapper(include=['harvest_calendar_year',
                                             'harvest_month',
                                             'farm_size_hectares',
                                             'tree_age_years',
                                             'altitude_mean_meters',
                                             'avg_temp_c',
                                             'avg_annual_rainfall_mm',
                                             'humidity_pct',
                                             'drying_duration_days',
                                             'storage_months',
                                             'bean_size_screen', '...
                                             'processing_method',
                                             'drying_method',
                                             'traceability_level',
                                             'certification',
                                             'intended_buyer_segment',
                                             'roast_level'],
                                    transformer=OneHotEncoder(cols=['harvest_season',
                                                                    'country_of_origin',
                                                                    'farm_type',
                                                                    'processing_method',
                                                                    'drying_method',
                                                                    'traceability_level',
                                                                    'certification',
                                                                    'intended_buyer_segment',
                                                                    'roast_level'],
                                                              handle_missing='return_nan',
                                                              use_cat_names=True)))])
2026-10-07 12:52:50,662:INFO:Creating final display dataframe.
2026-10-07 12:52:51,584:INFO:Setup _display_container:                     Description                 Value
0                    Session id                     7
1                        Target  coffee_quality_score
2                   Target type            Regression
3           Original data shape           (35700, 36)
4        Transformed data shape           (35700, 60)
5   Transformed train set shape           (28560, 60)
6    Transformed test set shape            (7140, 60)
7               Ignore features                     4
8              Numeric features                    20
9          Categorical features                    11
10     Rows with missing values                 66.4%
11                   Preprocess                  True
12              Imputation type                simple
13           Numeric imputation                  mean
14       Categorical imputation                  mode
15     Maximum one-hot encoding                    25
16              Encoding method                  None
17               Fold Generator                 KFold
18                  Fold Number                    10
19                     CPU Jobs                    -1
20                      Use GPU                 False
21               Log Experiment                 False
22              Experiment Name      reg-default-name
23                          USI                  e797
2026-10-07 12:52:51,678:INFO:Soft dependency imported: xgboost: 3.1.2
2026-10-07 12:52:51,680:WARNING:
'catboost' is a soft dependency and not included in the pycaret installation. Please run: `pip install catboost` to install.
Alternately, you can install this by running `pip install pycaret[models]`
2026-10-07 12:52:51,775:INFO:Soft dependency imported: xgboost: 3.1.2
2026-10-07 12:52:51,777:WARNING:
'catboost' is a soft dependency and not included in the pycaret installation. Please run: `pip install catboost` to install.
Alternately, you can install this by running `pip install pycaret[models]`
2026-10-07 12:52:51,778:INFO:setup() successfully completed in 3.15s...............
2026-10-07 12:52:51,778:INFO:Initializing create_model()
2026-10-07 12:52:51,778:INFO:create_model(self=<pycaret.regression.oop.RegressionExperiment object at 0x000001EF27B50890>, estimator=lightgbm, fold=3, round=4, cross_validation=True, predict=True, fit_kwargs=None, groups=None, refit=True, probability_threshold=None, experiment_custom_tags=None, verbose=True, system=True, add_to_model_list=True, metrics=None, display=None, model_only=True, return_train_score=False, error_score=0.0, kwargs={})
2026-10-07 12:52:51,778:INFO:Checking exceptions
2026-10-07 12:52:51,779:INFO:Importing libraries
2026-10-07 12:52:51,779:INFO:Copying training dataset
2026-10-07 12:52:51,803:INFO:Defining folds
2026-10-07 12:52:51,803:INFO:Declaring metric variables
2026-10-07 12:52:51,803:INFO:Importing untrained model
2026-10-07 12:52:51,804:INFO:Light Gradient Boosting Machine Imported successfully
2026-10-07 12:52:51,804:INFO:Starting cross validation
2026-10-07 12:52:51,806:INFO:Cross validating with KFold(n_splits=3, random_state=None, shuffle=False), n_jobs=-1
2026-10-07 12:52:54,077:INFO:Calculating mean and std
2026-10-07 12:52:54,078:INFO:Creating metrics dataframe
2026-10-07 12:52:54,081:INFO:Finalizing model
2026-10-07 12:52:54,643:INFO:[LightGBM] [Warning] Found whitespace in feature_names, replace with underlines
2026-10-07 12:52:54,647:INFO:[LightGBM] [Info] Auto-choosing col-wise multi-threading, the overhead of testing was 0.001659 seconds.
2026-10-07 12:52:54,647:INFO:You can set `force_col_wise=true` to remove the overhead.
2026-10-07 12:52:54,648:INFO:[LightGBM] [Info] Total Bins 3774
2026-10-07 12:52:54,648:INFO:[LightGBM] [Info] Number of data points in the train set: 28560, number of used features: 59
2026-10-07 12:52:54,649:INFO:[LightGBM] [Info] Start training from score 77.591369
2026-10-07 12:52:54,904:INFO:Uploading results into container
2026-10-07 12:52:54,905:INFO:Uploading model into container now
2026-10-07 12:52:54,913:INFO:_master_model_container: 1
2026-10-07 12:52:54,913:INFO:_display_container: 2
2026-10-07 12:52:54,914:INFO:LGBMRegressor(n_jobs=-1, random_state=7)
2026-10-07 12:52:54,914:INFO:create_model() successfully completed......................................
2026-10-07 12:52:55,428:INFO:PyCaret RegressionExperiment
2026-10-07 12:52:55,428:INFO:Logging name: reg-default-name
2026-10-07 12:52:55,428:INFO:ML Usecase: MLUsecase.REGRESSION
2026-10-07 12:52:55,428:INFO:version 3.3.2
2026-10-07 12:52:55,428:INFO:Initializing setup()
2026-10-07 12:52:55,428:INFO:self.USI: d69d
2026-10-07 12:52:55,429:INFO:self._variable_keys: {'y', 'target_param', 'idx', 'exp_name_log', 'seed', 'memory', 'log_plots_param', 'data', 'X_train', 'transform_target_param', 'fold_generator', 'pipeline', 'y_test', 'X', 'n_jobs_param', 'exp_id', 'logging_param', '_available_plots', 'fold_groups_param', 'fold_shuffle_param', 'gpu_n_jobs_param', '_ml_usecase', 'y_train', 'X_test', 'USI', 'html_param', 'gpu_param'}
2026-10-07 12:52:55,429:INFO:Checking environment
2026-10-07 12:52:55,429:INFO:python_version: 3.11.9
2026-10-07 12:52:55,429:INFO:python_build: ('tags/v3.11.9:de54cf5', 'Apr  2 2024 10:12:12')
2026-10-07 12:52:55,430:INFO:machine: AMD64
2026-10-07 12:52:55,431:INFO:platform: Windows-10-10.0.26200-SP0
2026-10-07 12:52:55,431:INFO:Memory: svmem(total=16868499456, available=3213959168, percent=80.9, used=13654540288, free=3213959168)
2026-10-07 12:52:55,432:INFO:Physical Core: 8
2026-10-07 12:52:55,432:INFO:Logical Core: 16
2026-10-07 12:52:55,433:INFO:Checking libraries
2026-10-07 12:52:55,433:INFO:System:
2026-10-07 12:52:55,434:INFO:    python: 3.11.9 (tags/v3.11.9:de54cf5, Apr  2 2024, 10:12:12) [MSC v.1938 64 bit (AMD64)]
2026-10-07 12:52:55,435:INFO:executable: C:\Users\bordasm\.venv\Scripts\python.exe
2026-10-07 12:52:55,436:INFO:   machine: Windows-10-10.0.26200-SP0
2026-10-07 12:52:55,436:INFO:PyCaret required dependencies:
2026-10-07 12:52:55,436:INFO:                 pip: 26.2.1
2026-10-07 12:52:55,437:INFO:          setuptools: 65.5.0
2026-10-07 12:52:55,438:INFO:             pycaret: 3.3.2
2026-10-07 12:52:55,439:INFO:             IPython: 9.3.0
2026-10-07 12:52:55,439:INFO:          ipywidgets: 8.1.9
2026-10-07 12:52:55,440:INFO:                tqdm: 4.67.1
2026-10-07 12:52:55,440:INFO:               numpy: 1.26.4
2026-10-07 12:52:55,440:INFO:              pandas: 2.1.4
2026-10-07 12:52:55,441:INFO:              jinja2: 3.1.4
2026-10-07 12:52:55,441:INFO:               scipy: 1.11.4
2026-10-07 12:52:55,441:INFO:              joblib: 1.3.2
2026-10-07 12:52:55,441:INFO:             sklearn: 1.4.2
2026-10-07 12:52:55,442:INFO:                pyod: 3.4.0
2026-10-07 12:52:55,442:INFO:            imblearn: 0.13.0
2026-10-07 12:52:55,443:INFO:   category_encoders: 2.7.0
2026-10-07 12:52:55,444:INFO:            lightgbm: 4.6.0
2026-10-07 12:52:55,445:INFO:               numba: 0.68.0
2026-10-07 12:52:55,445:INFO:            requests: 2.32.3
2026-10-07 12:52:55,445:INFO:          matplotlib: 3.7.5
2026-10-07 12:52:55,446:INFO:          scikitplot: 0.3.7
2026-10-07 12:52:55,446:INFO:         yellowbrick: 1.5
2026-10-07 12:52:55,446:INFO:              plotly: 6.9.0
2026-10-07 12:52:55,446:INFO:    plotly-resampler: Not installed
2026-10-07 12:52:55,446:INFO:             kaleido: 1.5.0
2026-10-07 12:52:55,446:INFO:           schemdraw: 0.15
2026-10-07 12:52:55,447:INFO:         statsmodels: 0.15.0
2026-10-07 12:52:55,448:INFO:              sktime: 0.26.0
2026-10-07 12:52:55,448:INFO:               tbats: 1.1.3
2026-10-07 12:52:55,448:INFO:            pmdarima: 2.0.4
2026-10-07 12:52:55,449:INFO:              psutil: 7.0.0
2026-10-07 12:52:55,449:INFO:          markupsafe: 2.1.5
2026-10-07 12:52:55,449:INFO:             pickle5: Not installed
2026-10-07 12:52:55,450:INFO:         cloudpickle: 3.1.2
2026-10-07 12:52:55,451:INFO:         deprecation: 2.1.0
2026-10-07 12:52:55,451:INFO:              xxhash: 4.0.1
2026-10-07 12:52:55,452:INFO:           wurlitzer: Not installed
2026-10-07 12:52:55,452:INFO:PyCaret optional dependencies:
2026-10-07 12:52:55,452:INFO:                shap: Not installed
2026-10-07 12:52:55,452:INFO:           interpret: Not installed
2026-10-07 12:52:55,452:INFO:                umap: Not installed
2026-10-07 12:52:55,452:INFO:     ydata_profiling: Not installed
2026-10-07 12:52:55,453:INFO:  explainerdashboard: Not installed
2026-10-07 12:52:55,453:INFO:             autoviz: Not installed
2026-10-07 12:52:55,453:INFO:           fairlearn: Not installed
2026-10-07 12:52:55,453:INFO:          deepchecks: Not installed
2026-10-07 12:52:55,454:INFO:             xgboost: 3.1.2
2026-10-07 12:52:55,454:INFO:            catboost: Not installed
2026-10-07 12:52:55,454:INFO:              kmodes: Not installed
2026-10-07 12:52:55,455:INFO:             mlxtend: Not installed
2026-10-07 12:52:55,455:INFO:       statsforecast: Not installed
2026-10-07 12:52:55,455:INFO:        tune_sklearn: Not installed
2026-10-07 12:52:55,456:INFO:                 ray: Not installed
2026-10-07 12:52:55,457:INFO:            hyperopt: Not installed
2026-10-07 12:52:55,457:INFO:              optuna: Not installed
2026-10-07 12:52:55,457:INFO:               skopt: Not installed
2026-10-07 12:52:55,458:INFO:              mlflow: 3.17.0
2026-10-07 12:52:55,458:INFO:              gradio: Not installed
2026-10-07 12:52:55,459:INFO:             fastapi: 0.142.2
2026-10-07 12:52:55,459:INFO:             uvicorn: 0.54.0
2026-10-07 12:52:55,459:INFO:              m2cgen: Not installed
2026-10-07 12:52:55,459:INFO:           evidently: Not installed
2026-10-07 12:52:55,459:INFO:               fugue: Not installed
2026-10-07 12:52:55,459:INFO:           streamlit: Not installed
2026-10-07 12:52:55,460:INFO:             prophet: Not installed
2026-10-07 12:52:55,460:INFO:None
2026-10-07 12:52:55,461:INFO:Set up data.
2026-10-07 12:52:55,562:INFO:Set up folding strategy.
2026-10-07 12:52:55,562:INFO:Set up train/test split.
2026-10-07 12:52:55,606:INFO:Set up index.
2026-10-07 12:52:55,606:INFO:Assigning column types.
2026-10-07 12:52:55,621:INFO:Engine successfully changes for model 'lr' to 'sklearn'.
2026-10-07 12:52:55,621:INFO:Engine for model 'lasso' has not been set explicitly, hence returning None.
2026-10-07 12:52:55,626:INFO:Engine for model 'ridge' has not been set explicitly, hence returning None.
2026-10-07 12:52:55,634:INFO:Engine for model 'en' has not been set explicitly, hence returning None.
2026-10-07 12:52:55,696:INFO:Engine for model 'svm' has not been set explicitly, hence returning None.
2026-10-07 12:52:55,728:INFO:Engine for model 'knn' has not been set explicitly, hence returning None.
2026-10-07 12:52:55,729:INFO:Soft dependency imported: xgboost: 3.1.2
2026-10-07 12:52:55,732:WARNING:
'catboost' is a soft dependency and not included in the pycaret installation. Please run: `pip install catboost` to install.
Alternately, you can install this by running `pip install pycaret[models]`
2026-10-07 12:52:55,732:INFO:Engine for model 'lasso' has not been set explicitly, hence returning None.
2026-10-07 12:52:55,738:INFO:Engine for model 'ridge' has not been set explicitly, hence returning None.
2026-10-07 12:52:55,742:INFO:Engine for model 'en' has not been set explicitly, hence returning None.
2026-10-07 12:52:55,804:INFO:Engine for model 'svm' has not been set explicitly, hence returning None.
2026-10-07 12:52:55,840:INFO:Engine for model 'knn' has not been set explicitly, hence returning None.
2026-10-07 12:52:55,840:INFO:Soft dependency imported: xgboost: 3.1.2
2026-10-07 12:52:55,842:WARNING:
'catboost' is a soft dependency and not included in the pycaret installation. Please run: `pip install catboost` to install.
Alternately, you can install this by running `pip install pycaret[models]`
2026-10-07 12:52:55,842:INFO:Engine successfully changes for model 'lasso' to 'sklearn'.
2026-10-07 12:52:55,846:INFO:Engine for model 'ridge' has not been set explicitly, hence returning None.
2026-10-07 12:52:55,849:INFO:Engine for model 'en' has not been set explicitly, hence returning None.
2026-10-07 12:52:55,908:INFO:Engine for model 'svm' has not been set explicitly, hence returning None.
2026-10-07 12:52:55,942:INFO:Engine for model 'knn' has not been set explicitly, hence returning None.
2026-10-07 12:52:55,943:INFO:Soft dependency imported: xgboost: 3.1.2
2026-10-07 12:52:55,944:WARNING:
'catboost' is a soft dependency and not included in the pycaret installation. Please run: `pip install catboost` to install.
Alternately, you can install this by running `pip install pycaret[models]`
2026-10-07 12:52:55,948:INFO:Engine for model 'ridge' has not been set explicitly, hence returning None.
2026-10-07 12:52:55,952:INFO:Engine for model 'en' has not been set explicitly, hence returning None.
2026-10-07 12:52:56,007:INFO:Engine for model 'svm' has not been set explicitly, hence returning None.
2026-10-07 12:52:56,041:INFO:Engine for model 'knn' has not been set explicitly, hence returning None.
2026-10-07 12:52:56,042:INFO:Soft dependency imported: xgboost: 3.1.2
2026-10-07 12:52:56,043:WARNING:
'catboost' is a soft dependency and not included in the pycaret installation. Please run: `pip install catboost` to install.
Alternately, you can install this by running `pip install pycaret[models]`
2026-10-07 12:52:56,044:INFO:Engine successfully changes for model 'ridge' to 'sklearn'.
2026-10-07 12:52:56,050:INFO:Engine for model 'en' has not been set explicitly, hence returning None.
2026-10-07 12:52:56,105:INFO:Engine for model 'svm' has not been set explicitly, hence returning None.
2026-10-07 12:52:56,136:INFO:Engine for model 'knn' has not been set explicitly, hence returning None.
2026-10-07 12:52:56,137:INFO:Soft dependency imported: xgboost: 3.1.2
2026-10-07 12:52:56,139:WARNING:
'catboost' is a soft dependency and not included in the pycaret installation. Please run: `pip install catboost` to install.
Alternately, you can install this by running `pip install pycaret[models]`
2026-10-07 12:52:56,145:INFO:Engine for model 'en' has not been set explicitly, hence returning None.
2026-10-07 12:52:56,202:INFO:Engine for model 'svm' has not been set explicitly, hence returning None.
2026-10-07 12:52:56,234:INFO:Engine for model 'knn' has not been set explicitly, hence returning None.
2026-10-07 12:52:56,234:INFO:Soft dependency imported: xgboost: 3.1.2
2026-10-07 12:52:56,237:WARNING:
'catboost' is a soft dependency and not included in the pycaret installation. Please run: `pip install catboost` to install.
Alternately, you can install this by running `pip install pycaret[models]`
2026-10-07 12:52:56,237:INFO:Engine successfully changes for model 'en' to 'sklearn'.
2026-10-07 12:52:56,299:INFO:Engine for model 'svm' has not been set explicitly, hence returning None.
2026-10-07 12:52:56,340:INFO:Engine for model 'knn' has not been set explicitly, hence returning None.
2026-10-07 12:52:56,341:INFO:Soft dependency imported: xgboost: 3.1.2
2026-10-07 12:52:56,342:WARNING:
'catboost' is a soft dependency and not included in the pycaret installation. Please run: `pip install catboost` to install.
Alternately, you can install this by running `pip install pycaret[models]`
2026-10-07 12:52:56,403:INFO:Engine for model 'svm' has not been set explicitly, hence returning None.
2026-10-07 12:52:56,444:INFO:Engine for model 'knn' has not been set explicitly, hence returning None.
2026-10-07 12:52:56,444:INFO:Soft dependency imported: xgboost: 3.1.2
2026-10-07 12:52:56,446:WARNING:
'catboost' is a soft dependency and not included in the pycaret installation. Please run: `pip install catboost` to install.
Alternately, you can install this by running `pip install pycaret[models]`
2026-10-07 12:52:56,446:INFO:Engine successfully changes for model 'knn' to 'sklearn'.
2026-10-07 12:52:56,508:INFO:Engine for model 'svm' has not been set explicitly, hence returning None.
2026-10-07 12:52:56,540:INFO:Soft dependency imported: xgboost: 3.1.2
2026-10-07 12:52:56,542:WARNING:
'catboost' is a soft dependency and not included in the pycaret installation. Please run: `pip install catboost` to install.
Alternately, you can install this by running `pip install pycaret[models]`
2026-10-07 12:52:56,613:INFO:Engine for model 'svm' has not been set explicitly, hence returning None.
2026-10-07 12:52:56,656:INFO:Soft dependency imported: xgboost: 3.1.2
2026-10-07 12:52:56,659:WARNING:
'catboost' is a soft dependency and not included in the pycaret installation. Please run: `pip install catboost` to install.
Alternately, you can install this by running `pip install pycaret[models]`
2026-10-07 12:52:56,659:INFO:Engine successfully changes for model 'svm' to 'sklearn'.
2026-10-07 12:52:56,781:INFO:Soft dependency imported: xgboost: 3.1.2
2026-10-07 12:52:56,783:WARNING:
'catboost' is a soft dependency and not included in the pycaret installation. Please run: `pip install catboost` to install.
Alternately, you can install this by running `pip install pycaret[models]`
2026-10-07 12:52:56,871:INFO:Soft dependency imported: xgboost: 3.1.2
2026-10-07 12:52:56,873:WARNING:
'catboost' is a soft dependency and not included in the pycaret installation. Please run: `pip install catboost` to install.
Alternately, you can install this by running `pip install pycaret[models]`
2026-10-07 12:52:56,875:INFO:Preparing preprocessing pipeline...
2026-10-07 12:52:56,875:INFO:Set up simple imputation.
2026-10-07 12:52:56,887:INFO:Set up encoding of ordinal features.
2026-10-07 12:52:56,896:INFO:Set up encoding of categorical features.
2026-10-07 12:52:57,380:INFO:Finished creating preprocessing pipeline.
2026-10-07 12:52:57,404:INFO:Pipeline: Pipeline(memory=FastMemory(location=C:\Users\bordasm\AppData\Local\Temp\joblib),
         steps=[('numerical_imputer',
                 TransformerWrapper(include=['harvest_calendar_year',
                                             'harvest_month',
                                             'farm_size_hectares',
                                             'tree_age_years',
                                             'altitude_mean_meters',
                                             'avg_temp_c',
                                             'avg_annual_rainfall_mm',
                                             'humidity_pct',
                                             'drying_duration_days',
                                             'storage_months',
                                             'bean_size_screen', '...
                                             'processing_method',
                                             'drying_method',
                                             'traceability_level',
                                             'certification',
                                             'intended_buyer_segment',
                                             'roast_level'],
                                    transformer=OneHotEncoder(cols=['harvest_season',
                                                                    'country_of_origin',
                                                                    'farm_type',
                                                                    'processing_method',
                                                                    'drying_method',
                                                                    'traceability_level',
                                                                    'certification',
                                                                    'intended_buyer_segment',
                                                                    'roast_level'],
                                                              handle_missing='return_nan',
                                                              use_cat_names=True)))])
2026-10-07 12:52:57,404:INFO:Creating final display dataframe.
2026-10-07 12:52:58,245:INFO:Setup _display_container:                     Description                 Value
0                    Session id                     8
1                        Target  coffee_quality_score
2                   Target type            Regression
3           Original data shape           (35700, 36)
4        Transformed data shape           (35700, 60)
5   Transformed train set shape           (28560, 60)
6    Transformed test set shape            (7140, 60)
7               Ignore features                     4
8              Numeric features                    20
9          Categorical features                    11
10     Rows with missing values                 66.4%
11                   Preprocess                  True
12              Imputation type                simple
13           Numeric imputation                  mean
14       Categorical imputation                  mode
15     Maximum one-hot encoding                    25
16              Encoding method                  None
17               Fold Generator                 KFold
18                  Fold Number                    10
19                     CPU Jobs                    -1
20                      Use GPU                 False
21               Log Experiment                 False
22              Experiment Name      reg-default-name
23                          USI                  d69d
2026-10-07 12:52:58,351:INFO:Soft dependency imported: xgboost: 3.1.2
2026-10-07 12:52:58,353:WARNING:
'catboost' is a soft dependency and not included in the pycaret installation. Please run: `pip install catboost` to install.
Alternately, you can install this by running `pip install pycaret[models]`
2026-10-07 12:52:58,467:INFO:Soft dependency imported: xgboost: 3.1.2
2026-10-07 12:52:58,470:WARNING:
'catboost' is a soft dependency and not included in the pycaret installation. Please run: `pip install catboost` to install.
Alternately, you can install this by running `pip install pycaret[models]`
2026-10-07 12:52:58,472:INFO:setup() successfully completed in 3.09s...............
2026-10-07 12:52:58,473:INFO:Initializing create_model()
2026-10-07 12:52:58,473:INFO:create_model(self=<pycaret.regression.oop.RegressionExperiment object at 0x000001EF29CAA810>, estimator=lightgbm, fold=3, round=4, cross_validation=True, predict=True, fit_kwargs=None, groups=None, refit=True, probability_threshold=None, experiment_custom_tags=None, verbose=True, system=True, add_to_model_list=True, metrics=None, display=None, model_only=True, return_train_score=False, error_score=0.0, kwargs={})
2026-10-07 12:52:58,473:INFO:Checking exceptions
2026-10-07 12:52:58,474:INFO:Importing libraries
2026-10-07 12:52:58,474:INFO:Copying training dataset
2026-10-07 12:52:58,500:INFO:Defining folds
2026-10-07 12:52:58,501:INFO:Declaring metric variables
2026-10-07 12:52:58,501:INFO:Importing untrained model
2026-10-07 12:52:58,502:INFO:Light Gradient Boosting Machine Imported successfully
2026-10-07 12:52:58,502:INFO:Starting cross validation
2026-10-07 12:52:58,505:INFO:Cross validating with KFold(n_splits=3, random_state=None, shuffle=False), n_jobs=-1
2026-10-07 12:53:00,973:INFO:Calculating mean and std
2026-10-07 12:53:00,974:INFO:Creating metrics dataframe
2026-10-07 12:53:00,977:INFO:Finalizing model
2026-10-07 12:53:01,525:INFO:[LightGBM] [Warning] Found whitespace in feature_names, replace with underlines
2026-10-07 12:53:01,529:INFO:[LightGBM] [Info] Auto-choosing col-wise multi-threading, the overhead of testing was 0.001792 seconds.
2026-10-07 12:53:01,529:INFO:You can set `force_col_wise=true` to remove the overhead.
2026-10-07 12:53:01,529:INFO:[LightGBM] [Info] Total Bins 3769
2026-10-07 12:53:01,530:INFO:[LightGBM] [Info] Number of data points in the train set: 28560, number of used features: 59
2026-10-07 12:53:01,531:INFO:[LightGBM] [Info] Start training from score 77.603796
2026-10-07 12:53:01,780:INFO:Uploading results into container
2026-10-07 12:53:01,781:INFO:Uploading model into container now
2026-10-07 12:53:01,792:INFO:_master_model_container: 1
2026-10-07 12:53:01,792:INFO:_display_container: 2
2026-10-07 12:53:01,793:INFO:LGBMRegressor(n_jobs=-1, random_state=8)
2026-10-07 12:53:01,793:INFO:create_model() successfully completed......................................
2026-10-07 12:53:02,275:INFO:PyCaret RegressionExperiment
2026-10-07 12:53:02,276:INFO:Logging name: reg-default-name
2026-10-07 12:53:02,276:INFO:ML Usecase: MLUsecase.REGRESSION
2026-10-07 12:53:02,276:INFO:version 3.3.2
2026-10-07 12:53:02,276:INFO:Initializing setup()
2026-10-07 12:53:02,276:INFO:self.USI: bcce
2026-10-07 12:53:02,276:INFO:self._variable_keys: {'y', 'target_param', 'idx', 'exp_name_log', 'seed', 'memory', 'log_plots_param', 'data', 'X_train', 'transform_target_param', 'fold_generator', 'pipeline', 'y_test', 'X', 'n_jobs_param', 'exp_id', 'logging_param', '_available_plots', 'fold_groups_param', 'fold_shuffle_param', 'gpu_n_jobs_param', '_ml_usecase', 'y_train', 'X_test', 'USI', 'html_param', 'gpu_param'}
2026-10-07 12:53:02,276:INFO:Checking environment
2026-10-07 12:53:02,276:INFO:python_version: 3.11.9
2026-10-07 12:53:02,276:INFO:python_build: ('tags/v3.11.9:de54cf5', 'Apr  2 2024 10:12:12')
2026-10-07 12:53:02,276:INFO:machine: AMD64
2026-10-07 12:53:02,276:INFO:platform: Windows-10-10.0.26200-SP0
2026-10-07 12:53:02,277:INFO:Memory: svmem(total=16868499456, available=3193823232, percent=81.1, used=13674676224, free=3193823232)
2026-10-07 12:53:02,277:INFO:Physical Core: 8
2026-10-07 12:53:02,277:INFO:Logical Core: 16
2026-10-07 12:53:02,277:INFO:Checking libraries
2026-10-07 12:53:02,277:INFO:System:
2026-10-07 12:53:02,278:INFO:    python: 3.11.9 (tags/v3.11.9:de54cf5, Apr  2 2024, 10:12:12) [MSC v.1938 64 bit (AMD64)]
2026-10-07 12:53:02,278:INFO:executable: C:\Users\bordasm\.venv\Scripts\python.exe
2026-10-07 12:53:02,278:INFO:   machine: Windows-10-10.0.26200-SP0
2026-10-07 12:53:02,278:INFO:PyCaret required dependencies:
2026-10-07 12:53:02,278:INFO:                 pip: 26.2.1
2026-10-07 12:53:02,278:INFO:          setuptools: 65.5.0
2026-10-07 12:53:02,278:INFO:             pycaret: 3.3.2
2026-10-07 12:53:02,278:INFO:             IPython: 9.3.0
2026-10-07 12:53:02,278:INFO:          ipywidgets: 8.1.9
2026-10-07 12:53:02,279:INFO:                tqdm: 4.67.1
2026-10-07 12:53:02,279:INFO:               numpy: 1.26.4
2026-10-07 12:53:02,279:INFO:              pandas: 2.1.4
2026-10-07 12:53:02,280:INFO:              jinja2: 3.1.4
2026-10-07 12:53:02,280:INFO:               scipy: 1.11.4
2026-10-07 12:53:02,280:INFO:              joblib: 1.3.2
2026-10-07 12:53:02,280:INFO:             sklearn: 1.4.2
2026-10-07 12:53:02,280:INFO:                pyod: 3.4.0
2026-10-07 12:53:02,281:INFO:            imblearn: 0.13.0
2026-10-07 12:53:02,281:INFO:   category_encoders: 2.7.0
2026-10-07 12:53:02,281:INFO:            lightgbm: 4.6.0
2026-10-07 12:53:02,282:INFO:               numba: 0.68.0
2026-10-07 12:53:02,282:INFO:            requests: 2.32.3
2026-10-07 12:53:02,282:INFO:          matplotlib: 3.7.5
2026-10-07 12:53:02,283:INFO:          scikitplot: 0.3.7
2026-10-07 12:53:02,283:INFO:         yellowbrick: 1.5
2026-10-07 12:53:02,283:INFO:              plotly: 6.9.0
2026-10-07 12:53:02,283:INFO:    plotly-resampler: Not installed
2026-10-07 12:53:02,284:INFO:             kaleido: 1.5.0
2026-10-07 12:53:02,285:INFO:           schemdraw: 0.15
2026-10-07 12:53:02,285:INFO:         statsmodels: 0.15.0
2026-10-07 12:53:02,286:INFO:              sktime: 0.26.0
2026-10-07 12:53:02,286:INFO:               tbats: 1.1.3
2026-10-07 12:53:02,286:INFO:            pmdarima: 2.0.4
2026-10-07 12:53:02,286:INFO:              psutil: 7.0.0
2026-10-07 12:53:02,287:INFO:          markupsafe: 2.1.5
2026-10-07 12:53:02,288:INFO:             pickle5: Not installed
2026-10-07 12:53:02,288:INFO:         cloudpickle: 3.1.2
2026-10-07 12:53:02,289:INFO:         deprecation: 2.1.0
2026-10-07 12:53:02,289:INFO:              xxhash: 4.0.1
2026-10-07 12:53:02,290:INFO:           wurlitzer: Not installed
2026-10-07 12:53:02,290:INFO:PyCaret optional dependencies:
2026-10-07 12:53:02,291:INFO:                shap: Not installed
2026-10-07 12:53:02,291:INFO:           interpret: Not installed
2026-10-07 12:53:02,291:INFO:                umap: Not installed
2026-10-07 12:53:02,291:INFO:     ydata_profiling: Not installed
2026-10-07 12:53:02,291:INFO:  explainerdashboard: Not installed
2026-10-07 12:53:02,291:INFO:             autoviz: Not installed
2026-10-07 12:53:02,291:INFO:           fairlearn: Not installed
2026-10-07 12:53:02,292:INFO:          deepchecks: Not installed
2026-10-07 12:53:02,293:INFO:             xgboost: 3.1.2
2026-10-07 12:53:02,293:INFO:            catboost: Not installed
2026-10-07 12:53:02,294:INFO:              kmodes: Not installed
2026-10-07 12:53:02,294:INFO:             mlxtend: Not installed
2026-10-07 12:53:02,295:INFO:       statsforecast: Not installed
2026-10-07 12:53:02,295:INFO:        tune_sklearn: Not installed
2026-10-07 12:53:02,296:INFO:                 ray: Not installed
2026-10-07 12:53:02,297:INFO:            hyperopt: Not installed
2026-10-07 12:53:02,297:INFO:              optuna: Not installed
2026-10-07 12:53:02,297:INFO:               skopt: Not installed
2026-10-07 12:53:02,298:INFO:              mlflow: 3.17.0
2026-10-07 12:53:02,298:INFO:              gradio: Not installed
2026-10-07 12:53:02,299:INFO:             fastapi: 0.142.2
2026-10-07 12:53:02,299:INFO:             uvicorn: 0.54.0
2026-10-07 12:53:02,299:INFO:              m2cgen: Not installed
2026-10-07 12:53:02,300:INFO:           evidently: Not installed
2026-10-07 12:53:02,301:INFO:               fugue: Not installed
2026-10-07 12:53:02,301:INFO:           streamlit: Not installed
2026-10-07 12:53:02,301:INFO:             prophet: Not installed
2026-10-07 12:53:02,301:INFO:None
2026-10-07 12:53:02,302:INFO:Set up data.
2026-10-07 12:53:02,412:INFO:Set up folding strategy.
2026-10-07 12:53:02,412:INFO:Set up train/test split.
2026-10-07 12:53:02,453:INFO:Set up index.
2026-10-07 12:53:02,453:INFO:Assigning column types.
2026-10-07 12:53:02,468:INFO:Engine successfully changes for model 'lr' to 'sklearn'.
2026-10-07 12:53:02,468:INFO:Engine for model 'lasso' has not been set explicitly, hence returning None.
2026-10-07 12:53:02,477:INFO:Engine for model 'ridge' has not been set explicitly, hence returning None.
2026-10-07 12:53:02,480:INFO:Engine for model 'en' has not been set explicitly, hence returning None.
2026-10-07 12:53:02,533:INFO:Engine for model 'svm' has not been set explicitly, hence returning None.
2026-10-07 12:53:02,566:INFO:Engine for model 'knn' has not been set explicitly, hence returning None.
2026-10-07 12:53:02,567:INFO:Soft dependency imported: xgboost: 3.1.2
2026-10-07 12:53:02,570:WARNING:
'catboost' is a soft dependency and not included in the pycaret installation. Please run: `pip install catboost` to install.
Alternately, you can install this by running `pip install pycaret[models]`
2026-10-07 12:53:02,570:INFO:Engine for model 'lasso' has not been set explicitly, hence returning None.
2026-10-07 12:53:02,574:INFO:Engine for model 'ridge' has not been set explicitly, hence returning None.
2026-10-07 12:53:02,578:INFO:Engine for model 'en' has not been set explicitly, hence returning None.
2026-10-07 12:53:02,639:INFO:Engine for model 'svm' has not been set explicitly, hence returning None.
2026-10-07 12:53:02,673:INFO:Engine for model 'knn' has not been set explicitly, hence returning None.
2026-10-07 12:53:02,674:INFO:Soft dependency imported: xgboost: 3.1.2
2026-10-07 12:53:02,676:WARNING:
'catboost' is a soft dependency and not included in the pycaret installation. Please run: `pip install catboost` to install.
Alternately, you can install this by running `pip install pycaret[models]`
2026-10-07 12:53:02,676:INFO:Engine successfully changes for model 'lasso' to 'sklearn'.
2026-10-07 12:53:02,680:INFO:Engine for model 'ridge' has not been set explicitly, hence returning None.
2026-10-07 12:53:02,683:INFO:Engine for model 'en' has not been set explicitly, hence returning None.
2026-10-07 12:53:02,743:INFO:Engine for model 'svm' has not been set explicitly, hence returning None.
2026-10-07 12:53:02,779:INFO:Engine for model 'knn' has not been set explicitly, hence returning None.
2026-10-07 12:53:02,779:INFO:Soft dependency imported: xgboost: 3.1.2
2026-10-07 12:53:02,781:WARNING:
'catboost' is a soft dependency and not included in the pycaret installation. Please run: `pip install catboost` to install.
Alternately, you can install this by running `pip install pycaret[models]`
2026-10-07 12:53:02,786:INFO:Engine for model 'ridge' has not been set explicitly, hence returning None.
2026-10-07 12:53:02,791:INFO:Engine for model 'en' has not been set explicitly, hence returning None.
2026-10-07 12:53:02,845:INFO:Engine for model 'svm' has not been set explicitly, hence returning None.
2026-10-07 12:53:02,878:INFO:Engine for model 'knn' has not been set explicitly, hence returning None.
2026-10-07 12:53:02,878:INFO:Soft dependency imported: xgboost: 3.1.2
2026-10-07 12:53:02,880:WARNING:
'catboost' is a soft dependency and not included in the pycaret installation. Please run: `pip install catboost` to install.
Alternately, you can install this by running `pip install pycaret[models]`
2026-10-07 12:53:02,880:INFO:Engine successfully changes for model 'ridge' to 'sklearn'.
2026-10-07 12:53:02,886:INFO:Engine for model 'en' has not been set explicitly, hence returning None.
2026-10-07 12:53:02,941:INFO:Engine for model 'svm' has not been set explicitly, hence returning None.
2026-10-07 12:53:02,973:INFO:Engine for model 'knn' has not been set explicitly, hence returning None.
2026-10-07 12:53:02,973:INFO:Soft dependency imported: xgboost: 3.1.2
2026-10-07 12:53:02,975:WARNING:
'catboost' is a soft dependency and not included in the pycaret installation. Please run: `pip install catboost` to install.
Alternately, you can install this by running `pip install pycaret[models]`
2026-10-07 12:53:02,982:INFO:Engine for model 'en' has not been set explicitly, hence returning None.
2026-10-07 12:53:03,036:INFO:Engine for model 'svm' has not been set explicitly, hence returning None.
2026-10-07 12:53:03,069:INFO:Engine for model 'knn' has not been set explicitly, hence returning None.
2026-10-07 12:53:03,070:INFO:Soft dependency imported: xgboost: 3.1.2
2026-10-07 12:53:03,072:WARNING:
'catboost' is a soft dependency and not included in the pycaret installation. Please run: `pip install catboost` to install.
Alternately, you can install this by running `pip install pycaret[models]`
2026-10-07 12:53:03,072:INFO:Engine successfully changes for model 'en' to 'sklearn'.
2026-10-07 12:53:03,133:INFO:Engine for model 'svm' has not been set explicitly, hence returning None.
2026-10-07 12:53:03,166:INFO:Engine for model 'knn' has not been set explicitly, hence returning None.
2026-10-07 12:53:03,167:INFO:Soft dependency imported: xgboost: 3.1.2
2026-10-07 12:53:03,170:WARNING:
'catboost' is a soft dependency and not included in the pycaret installation. Please run: `pip install catboost` to install.
Alternately, you can install this by running `pip install pycaret[models]`
2026-10-07 12:53:03,231:INFO:Engine for model 'svm' has not been set explicitly, hence returning None.
2026-10-07 12:53:03,263:INFO:Engine for model 'knn' has not been set explicitly, hence returning None.
2026-10-07 12:53:03,263:INFO:Soft dependency imported: xgboost: 3.1.2
2026-10-07 12:53:03,266:WARNING:
'catboost' is a soft dependency and not included in the pycaret installation. Please run: `pip install catboost` to install.
Alternately, you can install this by running `pip install pycaret[models]`
2026-10-07 12:53:03,266:INFO:Engine successfully changes for model 'knn' to 'sklearn'.
2026-10-07 12:53:03,327:INFO:Engine for model 'svm' has not been set explicitly, hence returning None.
2026-10-07 12:53:03,360:INFO:Soft dependency imported: xgboost: 3.1.2
2026-10-07 12:53:03,362:WARNING:
'catboost' is a soft dependency and not included in the pycaret installation. Please run: `pip install catboost` to install.
Alternately, you can install this by running `pip install pycaret[models]`
2026-10-07 12:53:03,427:INFO:Engine for model 'svm' has not been set explicitly, hence returning None.
2026-10-07 12:53:03,458:INFO:Soft dependency imported: xgboost: 3.1.2
2026-10-07 12:53:03,460:WARNING:
'catboost' is a soft dependency and not included in the pycaret installation. Please run: `pip install catboost` to install.
Alternately, you can install this by running `pip install pycaret[models]`
2026-10-07 12:53:03,461:INFO:Engine successfully changes for model 'svm' to 'sklearn'.
2026-10-07 12:53:03,563:INFO:Soft dependency imported: xgboost: 3.1.2
2026-10-07 12:53:03,566:WARNING:
'catboost' is a soft dependency and not included in the pycaret installation. Please run: `pip install catboost` to install.
Alternately, you can install this by running `pip install pycaret[models]`
2026-10-07 12:53:03,665:INFO:Soft dependency imported: xgboost: 3.1.2
2026-10-07 12:53:03,669:WARNING:
'catboost' is a soft dependency and not included in the pycaret installation. Please run: `pip install catboost` to install.
Alternately, you can install this by running `pip install pycaret[models]`
2026-10-07 12:53:03,672:INFO:Preparing preprocessing pipeline...
2026-10-07 12:53:03,672:INFO:Set up simple imputation.
2026-10-07 12:53:03,683:INFO:Set up encoding of ordinal features.
2026-10-07 12:53:03,696:INFO:Set up encoding of categorical features.
2026-10-07 12:53:04,216:INFO:Finished creating preprocessing pipeline.
2026-10-07 12:53:04,236:INFO:Pipeline: Pipeline(memory=FastMemory(location=C:\Users\bordasm\AppData\Local\Temp\joblib),
         steps=[('numerical_imputer',
                 TransformerWrapper(include=['harvest_calendar_year',
                                             'harvest_month',
                                             'farm_size_hectares',
                                             'tree_age_years',
                                             'altitude_mean_meters',
                                             'avg_temp_c',
                                             'avg_annual_rainfall_mm',
                                             'humidity_pct',
                                             'drying_duration_days',
                                             'storage_months',
                                             'bean_size_screen', '...
                                             'processing_method',
                                             'drying_method',
                                             'traceability_level',
                                             'certification',
                                             'intended_buyer_segment',
                                             'roast_level'],
                                    transformer=OneHotEncoder(cols=['harvest_season',
                                                                    'country_of_origin',
                                                                    'farm_type',
                                                                    'processing_method',
                                                                    'drying_method',
                                                                    'traceability_level',
                                                                    'certification',
                                                                    'intended_buyer_segment',
                                                                    'roast_level'],
                                                              handle_missing='return_nan',
                                                              use_cat_names=True)))])
2026-10-07 12:53:04,236:INFO:Creating final display dataframe.
2026-10-07 12:53:05,055:INFO:Setup _display_container:                     Description                 Value
0                    Session id                     9
1                        Target  coffee_quality_score
2                   Target type            Regression
3           Original data shape           (35700, 36)
4        Transformed data shape           (35700, 60)
5   Transformed train set shape           (28560, 60)
6    Transformed test set shape            (7140, 60)
7               Ignore features                     4
8              Numeric features                    20
9          Categorical features                    11
10     Rows with missing values                 66.4%
11                   Preprocess                  True
12              Imputation type                simple
13           Numeric imputation                  mean
14       Categorical imputation                  mode
15     Maximum one-hot encoding                    25
16              Encoding method                  None
17               Fold Generator                 KFold
18                  Fold Number                    10
19                     CPU Jobs                    -1
20                      Use GPU                 False
21               Log Experiment                 False
22              Experiment Name      reg-default-name
23                          USI                  bcce
2026-10-07 12:53:05,149:INFO:Soft dependency imported: xgboost: 3.1.2
2026-10-07 12:53:05,151:WARNING:
'catboost' is a soft dependency and not included in the pycaret installation. Please run: `pip install catboost` to install.
Alternately, you can install this by running `pip install pycaret[models]`
2026-10-07 12:53:05,241:INFO:Soft dependency imported: xgboost: 3.1.2
2026-10-07 12:53:05,243:WARNING:
'catboost' is a soft dependency and not included in the pycaret installation. Please run: `pip install catboost` to install.
Alternately, you can install this by running `pip install pycaret[models]`
2026-10-07 12:53:05,243:INFO:setup() successfully completed in 3.05s...............
2026-10-07 12:53:05,243:INFO:Initializing create_model()
2026-10-07 12:53:05,243:INFO:create_model(self=<pycaret.regression.oop.RegressionExperiment object at 0x000001EF27F6AA90>, estimator=lightgbm, fold=3, round=4, cross_validation=True, predict=True, fit_kwargs=None, groups=None, refit=True, probability_threshold=None, experiment_custom_tags=None, verbose=True, system=True, add_to_model_list=True, metrics=None, display=None, model_only=True, return_train_score=False, error_score=0.0, kwargs={})
2026-10-07 12:53:05,243:INFO:Checking exceptions
2026-10-07 12:53:05,244:INFO:Importing libraries
2026-10-07 12:53:05,244:INFO:Copying training dataset
2026-10-07 12:53:05,270:INFO:Defining folds
2026-10-07 12:53:05,271:INFO:Declaring metric variables
2026-10-07 12:53:05,271:INFO:Importing untrained model
2026-10-07 12:53:05,271:INFO:Light Gradient Boosting Machine Imported successfully
2026-10-07 12:53:05,271:INFO:Starting cross validation
2026-10-07 12:53:05,273:INFO:Cross validating with KFold(n_splits=3, random_state=None, shuffle=False), n_jobs=-1
2026-10-07 12:53:07,493:INFO:Calculating mean and std
2026-10-07 12:53:07,494:INFO:Creating metrics dataframe
2026-10-07 12:53:07,496:INFO:Finalizing model
2026-10-07 12:53:08,019:INFO:[LightGBM] [Warning] Found whitespace in feature_names, replace with underlines
2026-10-07 12:53:08,023:INFO:[LightGBM] [Info] Auto-choosing col-wise multi-threading, the overhead of testing was 0.001843 seconds.
2026-10-07 12:53:08,023:INFO:You can set `force_col_wise=true` to remove the overhead.
2026-10-07 12:53:08,023:INFO:[LightGBM] [Info] Total Bins 3770
2026-10-07 12:53:08,024:INFO:[LightGBM] [Info] Number of data points in the train set: 28560, number of used features: 59
2026-10-07 12:53:08,025:INFO:[LightGBM] [Info] Start training from score 77.591646
2026-10-07 12:53:08,272:INFO:Uploading results into container
2026-10-07 12:53:08,273:INFO:Uploading model into container now
2026-10-07 12:53:08,281:INFO:_master_model_container: 1
2026-10-07 12:53:08,281:INFO:_display_container: 2
2026-10-07 12:53:08,282:INFO:LGBMRegressor(n_jobs=-1, random_state=9)
2026-10-07 12:53:08,282:INFO:create_model() successfully completed......................................
2026-10-07 12:53:08,766:INFO:PyCaret RegressionExperiment
2026-10-07 12:53:08,766:INFO:Logging name: reg-default-name
2026-10-07 12:53:08,766:INFO:ML Usecase: MLUsecase.REGRESSION
2026-10-07 12:53:08,766:INFO:version 3.3.2
2026-10-07 12:53:08,767:INFO:Initializing setup()
2026-10-07 12:53:08,767:INFO:self.USI: 359f
2026-10-07 12:53:08,767:INFO:self._variable_keys: {'y', 'target_param', 'idx', 'exp_name_log', 'seed', 'memory', 'log_plots_param', 'data', 'X_train', 'transform_target_param', 'fold_generator', 'pipeline', 'y_test', 'X', 'n_jobs_param', 'exp_id', 'logging_param', '_available_plots', 'fold_groups_param', 'fold_shuffle_param', 'gpu_n_jobs_param', '_ml_usecase', 'y_train', 'X_test', 'USI', 'html_param', 'gpu_param'}
2026-10-07 12:53:08,767:INFO:Checking environment
2026-10-07 12:53:08,768:INFO:python_version: 3.11.9
2026-10-07 12:53:08,768:INFO:python_build: ('tags/v3.11.9:de54cf5', 'Apr  2 2024 10:12:12')
2026-10-07 12:53:08,768:INFO:machine: AMD64
2026-10-07 12:53:08,768:INFO:platform: Windows-10-10.0.26200-SP0
2026-10-07 12:53:08,770:INFO:Memory: svmem(total=16868499456, available=3174313984, percent=81.2, used=13694185472, free=3174313984)
2026-10-07 12:53:08,770:INFO:Physical Core: 8
2026-10-07 12:53:08,770:INFO:Logical Core: 16
2026-10-07 12:53:08,770:INFO:Checking libraries
2026-10-07 12:53:08,770:INFO:System:
2026-10-07 12:53:08,770:INFO:    python: 3.11.9 (tags/v3.11.9:de54cf5, Apr  2 2024, 10:12:12) [MSC v.1938 64 bit (AMD64)]
2026-10-07 12:53:08,770:INFO:executable: C:\Users\bordasm\.venv\Scripts\python.exe
2026-10-07 12:53:08,771:INFO:   machine: Windows-10-10.0.26200-SP0
2026-10-07 12:53:08,771:INFO:PyCaret required dependencies:
2026-10-07 12:53:08,772:INFO:                 pip: 26.2.1
2026-10-07 12:53:08,773:INFO:          setuptools: 65.5.0
2026-10-07 12:53:08,773:INFO:             pycaret: 3.3.2
2026-10-07 12:53:08,773:INFO:             IPython: 9.3.0
2026-10-07 12:53:08,774:INFO:          ipywidgets: 8.1.9
2026-10-07 12:53:08,775:INFO:                tqdm: 4.67.1
2026-10-07 12:53:08,775:INFO:               numpy: 1.26.4
2026-10-07 12:53:08,776:INFO:              pandas: 2.1.4
2026-10-07 12:53:08,776:INFO:              jinja2: 3.1.4
2026-10-07 12:53:08,776:INFO:               scipy: 1.11.4
2026-10-07 12:53:08,777:INFO:              joblib: 1.3.2
2026-10-07 12:53:08,778:INFO:             sklearn: 1.4.2
2026-10-07 12:53:08,778:INFO:                pyod: 3.4.0
2026-10-07 12:53:08,778:INFO:            imblearn: 0.13.0
2026-10-07 12:53:08,778:INFO:   category_encoders: 2.7.0
2026-10-07 12:53:08,779:INFO:            lightgbm: 4.6.0
2026-10-07 12:53:08,779:INFO:               numba: 0.68.0
2026-10-07 12:53:08,779:INFO:            requests: 2.32.3
2026-10-07 12:53:08,779:INFO:          matplotlib: 3.7.5
2026-10-07 12:53:08,779:INFO:          scikitplot: 0.3.7
2026-10-07 12:53:08,779:INFO:         yellowbrick: 1.5
2026-10-07 12:53:08,780:INFO:              plotly: 6.9.0
2026-10-07 12:53:08,780:INFO:    plotly-resampler: Not installed
2026-10-07 12:53:08,780:INFO:             kaleido: 1.5.0
2026-10-07 12:53:08,780:INFO:           schemdraw: 0.15
2026-10-07 12:53:08,781:INFO:         statsmodels: 0.15.0
2026-10-07 12:53:08,781:INFO:              sktime: 0.26.0
2026-10-07 12:53:08,781:INFO:               tbats: 1.1.3
2026-10-07 12:53:08,782:INFO:            pmdarima: 2.0.4
2026-10-07 12:53:08,782:INFO:              psutil: 7.0.0
2026-10-07 12:53:08,783:INFO:          markupsafe: 2.1.5
2026-10-07 12:53:08,783:INFO:             pickle5: Not installed
2026-10-07 12:53:08,783:INFO:         cloudpickle: 3.1.2
2026-10-07 12:53:08,783:INFO:         deprecation: 2.1.0
2026-10-07 12:53:08,783:INFO:              xxhash: 4.0.1
2026-10-07 12:53:08,783:INFO:           wurlitzer: Not installed
2026-10-07 12:53:08,783:INFO:PyCaret optional dependencies:
2026-10-07 12:53:08,784:INFO:                shap: Not installed
2026-10-07 12:53:08,785:INFO:           interpret: Not installed
2026-10-07 12:53:08,786:INFO:                umap: Not installed
2026-10-07 12:53:08,786:INFO:     ydata_profiling: Not installed
2026-10-07 12:53:08,786:INFO:  explainerdashboard: Not installed
2026-10-07 12:53:08,786:INFO:             autoviz: Not installed
2026-10-07 12:53:08,786:INFO:           fairlearn: Not installed
2026-10-07 12:53:08,787:INFO:          deepchecks: Not installed
2026-10-07 12:53:08,788:INFO:             xgboost: 3.1.2
2026-10-07 12:53:08,788:INFO:            catboost: Not installed
2026-10-07 12:53:08,788:INFO:              kmodes: Not installed
2026-10-07 12:53:08,789:INFO:             mlxtend: Not installed
2026-10-07 12:53:08,789:INFO:       statsforecast: Not installed
2026-10-07 12:53:08,790:INFO:        tune_sklearn: Not installed
2026-10-07 12:53:08,790:INFO:                 ray: Not installed
2026-10-07 12:53:08,790:INFO:            hyperopt: Not installed
2026-10-07 12:53:08,790:INFO:              optuna: Not installed
2026-10-07 12:53:08,791:INFO:               skopt: Not installed
2026-10-07 12:53:08,791:INFO:              mlflow: 3.17.0
2026-10-07 12:53:08,792:INFO:              gradio: Not installed
2026-10-07 12:53:08,792:INFO:             fastapi: 0.142.2
2026-10-07 12:53:08,793:INFO:             uvicorn: 0.54.0
2026-10-07 12:53:08,794:INFO:              m2cgen: Not installed
2026-10-07 12:53:08,794:INFO:           evidently: Not installed
2026-10-07 12:53:08,794:INFO:               fugue: Not installed
2026-10-07 12:53:08,794:INFO:           streamlit: Not installed
2026-10-07 12:53:08,794:INFO:             prophet: Not installed
2026-10-07 12:53:08,795:INFO:None
2026-10-07 12:53:08,795:INFO:Set up data.
2026-10-07 12:53:08,897:INFO:Set up folding strategy.
2026-10-07 12:53:08,897:INFO:Set up train/test split.
2026-10-07 12:53:08,936:INFO:Set up index.
2026-10-07 12:53:08,937:INFO:Assigning column types.
2026-10-07 12:53:08,954:INFO:Engine successfully changes for model 'lr' to 'sklearn'.
2026-10-07 12:53:08,954:INFO:Engine for model 'lasso' has not been set explicitly, hence returning None.
2026-10-07 12:53:08,958:INFO:Engine for model 'ridge' has not been set explicitly, hence returning None.
2026-10-07 12:53:08,961:INFO:Engine for model 'en' has not been set explicitly, hence returning None.
2026-10-07 12:53:09,025:INFO:Engine for model 'svm' has not been set explicitly, hence returning None.
2026-10-07 12:53:09,066:INFO:Engine for model 'knn' has not been set explicitly, hence returning None.
2026-10-07 12:53:09,066:INFO:Soft dependency imported: xgboost: 3.1.2
2026-10-07 12:53:09,069:WARNING:
'catboost' is a soft dependency and not included in the pycaret installation. Please run: `pip install catboost` to install.
Alternately, you can install this by running `pip install pycaret[models]`
2026-10-07 12:53:09,070:INFO:Engine for model 'lasso' has not been set explicitly, hence returning None.
2026-10-07 12:53:09,074:INFO:Engine for model 'ridge' has not been set explicitly, hence returning None.
2026-10-07 12:53:09,078:INFO:Engine for model 'en' has not been set explicitly, hence returning None.
2026-10-07 12:53:09,149:INFO:Engine for model 'svm' has not been set explicitly, hence returning None.
2026-10-07 12:53:09,193:INFO:Engine for model 'knn' has not been set explicitly, hence returning None.
2026-10-07 12:53:09,194:INFO:Soft dependency imported: xgboost: 3.1.2
2026-10-07 12:53:09,196:WARNING:
'catboost' is a soft dependency and not included in the pycaret installation. Please run: `pip install catboost` to install.
Alternately, you can install this by running `pip install pycaret[models]`
2026-10-07 12:53:09,196:INFO:Engine successfully changes for model 'lasso' to 'sklearn'.
2026-10-07 12:53:09,201:INFO:Engine for model 'ridge' has not been set explicitly, hence returning None.
2026-10-07 12:53:09,206:INFO:Engine for model 'en' has not been set explicitly, hence returning None.
2026-10-07 12:53:09,270:INFO:Engine for model 'svm' has not been set explicitly, hence returning None.
2026-10-07 12:53:09,308:INFO:Engine for model 'knn' has not been set explicitly, hence returning None.
2026-10-07 12:53:09,309:INFO:Soft dependency imported: xgboost: 3.1.2
2026-10-07 12:53:09,311:WARNING:
'catboost' is a soft dependency and not included in the pycaret installation. Please run: `pip install catboost` to install.
Alternately, you can install this by running `pip install pycaret[models]`
2026-10-07 12:53:09,315:INFO:Engine for model 'ridge' has not been set explicitly, hence returning None.
2026-10-07 12:53:09,319:INFO:Engine for model 'en' has not been set explicitly, hence returning None.
2026-10-07 12:53:09,384:INFO:Engine for model 'svm' has not been set explicitly, hence returning None.
2026-10-07 12:53:09,421:INFO:Engine for model 'knn' has not been set explicitly, hence returning None.
2026-10-07 12:53:09,422:INFO:Soft dependency imported: xgboost: 3.1.2
2026-10-07 12:53:09,424:WARNING:
'catboost' is a soft dependency and not included in the pycaret installation. Please run: `pip install catboost` to install.
Alternately, you can install this by running `pip install pycaret[models]`
2026-10-07 12:53:09,424:INFO:Engine successfully changes for model 'ridge' to 'sklearn'.
2026-10-07 12:53:09,431:INFO:Engine for model 'en' has not been set explicitly, hence returning None.
2026-10-07 12:53:09,489:INFO:Engine for model 'svm' has not been set explicitly, hence returning None.
2026-10-07 12:53:09,522:INFO:Engine for model 'knn' has not been set explicitly, hence returning None.
2026-10-07 12:53:09,523:INFO:Soft dependency imported: xgboost: 3.1.2
2026-10-07 12:53:09,525:WARNING:
'catboost' is a soft dependency and not included in the pycaret installation. Please run: `pip install catboost` to install.
Alternately, you can install this by running `pip install pycaret[models]`
2026-10-07 12:53:09,531:INFO:Engine for model 'en' has not been set explicitly, hence returning None.
2026-10-07 12:53:09,592:INFO:Engine for model 'svm' has not been set explicitly, hence returning None.
2026-10-07 12:53:09,631:INFO:Engine for model 'knn' has not been set explicitly, hence returning None.
2026-10-07 12:53:09,632:INFO:Soft dependency imported: xgboost: 3.1.2
2026-10-07 12:53:09,635:WARNING:
'catboost' is a soft dependency and not included in the pycaret installation. Please run: `pip install catboost` to install.
Alternately, you can install this by running `pip install pycaret[models]`
2026-10-07 12:53:09,635:INFO:Engine successfully changes for model 'en' to 'sklearn'.
2026-10-07 12:53:09,719:INFO:Engine for model 'svm' has not been set explicitly, hence returning None.
2026-10-07 12:53:09,762:INFO:Engine for model 'knn' has not been set explicitly, hence returning None.
2026-10-07 12:53:09,763:INFO:Soft dependency imported: xgboost: 3.1.2
2026-10-07 12:53:09,765:WARNING:
'catboost' is a soft dependency and not included in the pycaret installation. Please run: `pip install catboost` to install.
Alternately, you can install this by running `pip install pycaret[models]`
2026-10-07 12:53:09,854:INFO:Engine for model 'svm' has not been set explicitly, hence returning None.
2026-10-07 12:53:09,892:INFO:Engine for model 'knn' has not been set explicitly, hence returning None.
2026-10-07 12:53:09,892:INFO:Soft dependency imported: xgboost: 3.1.2
2026-10-07 12:53:09,894:WARNING:
'catboost' is a soft dependency and not included in the pycaret installation. Please run: `pip install catboost` to install.
Alternately, you can install this by running `pip install pycaret[models]`
2026-10-07 12:53:09,894:INFO:Engine successfully changes for model 'knn' to 'sklearn'.
2026-10-07 12:53:09,962:INFO:Engine for model 'svm' has not been set explicitly, hence returning None.
2026-10-07 12:53:09,994:INFO:Soft dependency imported: xgboost: 3.1.2
2026-10-07 12:53:09,997:WARNING:
'catboost' is a soft dependency and not included in the pycaret installation. Please run: `pip install catboost` to install.
Alternately, you can install this by running `pip install pycaret[models]`
2026-10-07 12:53:10,063:INFO:Engine for model 'svm' has not been set explicitly, hence returning None.
2026-10-07 12:53:10,096:INFO:Soft dependency imported: xgboost: 3.1.2
2026-10-07 12:53:10,098:WARNING:
'catboost' is a soft dependency and not included in the pycaret installation. Please run: `pip install catboost` to install.
Alternately, you can install this by running `pip install pycaret[models]`
2026-10-07 12:53:10,098:INFO:Engine successfully changes for model 'svm' to 'sklearn'.
2026-10-07 12:53:10,197:INFO:Soft dependency imported: xgboost: 3.1.2
2026-10-07 12:53:10,200:WARNING:
'catboost' is a soft dependency and not included in the pycaret installation. Please run: `pip install catboost` to install.
Alternately, you can install this by running `pip install pycaret[models]`
2026-10-07 12:53:10,304:INFO:Soft dependency imported: xgboost: 3.1.2
2026-10-07 12:53:10,306:WARNING:
'catboost' is a soft dependency and not included in the pycaret installation. Please run: `pip install catboost` to install.
Alternately, you can install this by running `pip install pycaret[models]`
2026-10-07 12:53:10,308:INFO:Preparing preprocessing pipeline...
2026-10-07 12:53:10,309:INFO:Set up simple imputation.
2026-10-07 12:53:10,321:INFO:Set up encoding of ordinal features.
2026-10-07 12:53:10,330:INFO:Set up encoding of categorical features.
2026-10-07 12:53:10,894:INFO:Finished creating preprocessing pipeline.
2026-10-07 12:53:10,920:INFO:Pipeline: Pipeline(memory=FastMemory(location=C:\Users\bordasm\AppData\Local\Temp\joblib),
         steps=[('numerical_imputer',
                 TransformerWrapper(include=['harvest_calendar_year',
                                             'harvest_month',
                                             'farm_size_hectares',
                                             'tree_age_years',
                                             'altitude_mean_meters',
                                             'avg_temp_c',
                                             'avg_annual_rainfall_mm',
                                             'humidity_pct',
                                             'drying_duration_days',
                                             'storage_months',
                                             'bean_size_screen', '...
                                             'processing_method',
                                             'drying_method',
                                             'traceability_level',
                                             'certification',
                                             'intended_buyer_segment',
                                             'roast_level'],
                                    transformer=OneHotEncoder(cols=['harvest_season',
                                                                    'country_of_origin',
                                                                    'farm_type',
                                                                    'processing_method',
                                                                    'drying_method',
                                                                    'traceability_level',
                                                                    'certification',
                                                                    'intended_buyer_segment',
                                                                    'roast_level'],
                                                              handle_missing='return_nan',
                                                              use_cat_names=True)))])
2026-10-07 12:53:10,920:INFO:Creating final display dataframe.
2026-10-07 12:53:11,911:INFO:Setup _display_container:                     Description                 Value
0                    Session id                    10
1                        Target  coffee_quality_score
2                   Target type            Regression
3           Original data shape           (35700, 36)
4        Transformed data shape           (35700, 60)
5   Transformed train set shape           (28560, 60)
6    Transformed test set shape            (7140, 60)
7               Ignore features                     4
8              Numeric features                    20
9          Categorical features                    11
10     Rows with missing values                 66.4%
11                   Preprocess                  True
12              Imputation type                simple
13           Numeric imputation                  mean
14       Categorical imputation                  mode
15     Maximum one-hot encoding                    25
16              Encoding method                  None
17               Fold Generator                 KFold
18                  Fold Number                    10
19                     CPU Jobs                    -1
20                      Use GPU                 False
21               Log Experiment                 False
22              Experiment Name      reg-default-name
23                          USI                  359f
2026-10-07 12:53:12,037:INFO:Soft dependency imported: xgboost: 3.1.2
2026-10-07 12:53:12,040:WARNING:
'catboost' is a soft dependency and not included in the pycaret installation. Please run: `pip install catboost` to install.
Alternately, you can install this by running `pip install pycaret[models]`
2026-10-07 12:53:12,171:INFO:Soft dependency imported: xgboost: 3.1.2
2026-10-07 12:53:12,174:WARNING:
'catboost' is a soft dependency and not included in the pycaret installation. Please run: `pip install catboost` to install.
Alternately, you can install this by running `pip install pycaret[models]`
2026-10-07 12:53:12,175:INFO:setup() successfully completed in 3.49s...............
2026-10-07 12:53:12,175:INFO:Initializing create_model()
2026-10-07 12:53:12,175:INFO:create_model(self=<pycaret.regression.oop.RegressionExperiment object at 0x000001EF28B1D890>, estimator=lightgbm, fold=3, round=4, cross_validation=True, predict=True, fit_kwargs=None, groups=None, refit=True, probability_threshold=None, experiment_custom_tags=None, verbose=True, system=True, add_to_model_list=True, metrics=None, display=None, model_only=True, return_train_score=False, error_score=0.0, kwargs={})
2026-10-07 12:53:12,175:INFO:Checking exceptions
2026-10-07 12:53:12,176:INFO:Importing libraries
2026-10-07 12:53:12,176:INFO:Copying training dataset
2026-10-07 12:53:12,206:INFO:Defining folds
2026-10-07 12:53:12,206:INFO:Declaring metric variables
2026-10-07 12:53:12,207:INFO:Importing untrained model
2026-10-07 12:53:12,207:INFO:Light Gradient Boosting Machine Imported successfully
2026-10-07 12:53:12,207:INFO:Starting cross validation
2026-10-07 12:53:12,210:INFO:Cross validating with KFold(n_splits=3, random_state=None, shuffle=False), n_jobs=-1
2026-10-07 12:53:14,230:INFO:Calculating mean and std
2026-10-07 12:53:14,231:INFO:Creating metrics dataframe
2026-10-07 12:53:14,234:INFO:Finalizing model
2026-10-07 12:53:14,789:INFO:[LightGBM] [Warning] Found whitespace in feature_names, replace with underlines
2026-10-07 12:53:14,793:INFO:[LightGBM] [Info] Auto-choosing col-wise multi-threading, the overhead of testing was 0.001837 seconds.
2026-10-07 12:53:14,793:INFO:You can set `force_col_wise=true` to remove the overhead.
2026-10-07 12:53:14,794:INFO:[LightGBM] [Info] Total Bins 3774
2026-10-07 12:53:14,794:INFO:[LightGBM] [Info] Number of data points in the train set: 28560, number of used features: 59
2026-10-07 12:53:14,795:INFO:[LightGBM] [Info] Start training from score 77.600162
2026-10-07 12:53:15,057:INFO:Uploading results into container
2026-10-07 12:53:15,058:INFO:Uploading model into container now
2026-10-07 12:53:15,068:INFO:_master_model_container: 1
2026-10-07 12:53:15,069:INFO:_display_container: 2
2026-10-07 12:53:15,069:INFO:LGBMRegressor(n_jobs=-1, random_state=10)
2026-10-07 12:53:15,069:INFO:create_model() successfully completed......................................
2026-10-07 12:53:56,915:WARNING:
'cuml' is a soft dependency and not included in the pycaret installation. Please run: `pip install cuml` to install.
2026-10-07 12:53:56,916:WARNING:
'cuml' is a soft dependency and not included in the pycaret installation. Please run: `pip install cuml` to install.
2026-10-07 12:53:56,916:WARNING:
'cuml' is a soft dependency and not included in the pycaret installation. Please run: `pip install cuml` to install.
2026-10-07 12:53:56,916:WARNING:
'cuml' is a soft dependency and not included in the pycaret installation. Please run: `pip install cuml` to install.
2026-10-07 12:54:00,907:INFO:PyCaret RegressionExperiment
2026-10-07 12:54:00,907:INFO:Logging name: reg-default-name
2026-10-07 12:54:00,908:INFO:ML Usecase: MLUsecase.REGRESSION
2026-10-07 12:54:00,908:INFO:version 3.3.2
2026-10-07 12:54:00,908:INFO:Initializing setup()
2026-10-07 12:54:00,908:INFO:self.USI: 3e2e
2026-10-07 12:54:00,908:INFO:self._variable_keys: {'gpu_n_jobs_param', 'USI', 'fold_groups_param', 'y_train', 'exp_name_log', 'transform_target_param', 'log_plots_param', 'idx', 'html_param', 'y', 'data', 'pipeline', 'X', 'gpu_param', 'exp_id', 'y_test', 'memory', 'seed', 'logging_param', 'fold_shuffle_param', '_available_plots', 'n_jobs_param', 'target_param', 'fold_generator', '_ml_usecase', 'X_train', 'X_test'}
2026-10-07 12:54:00,908:INFO:Checking environment
2026-10-07 12:54:00,908:INFO:python_version: 3.11.9
2026-10-07 12:54:00,908:INFO:python_build: ('tags/v3.11.9:de54cf5', 'Apr  2 2024 10:12:12')
2026-10-07 12:54:00,908:INFO:machine: AMD64
2026-10-07 12:54:00,909:INFO:platform: Windows-10-10.0.26200-SP0
2026-10-07 12:54:00,910:INFO:Memory: svmem(total=16868499456, available=6052872192, percent=64.1, used=10815627264, free=6052872192)
2026-10-07 12:54:00,910:INFO:Physical Core: 8
2026-10-07 12:54:00,910:INFO:Logical Core: 16
2026-10-07 12:54:00,910:INFO:Checking libraries
2026-10-07 12:54:00,910:INFO:System:
2026-10-07 12:54:00,911:INFO:    python: 3.11.9 (tags/v3.11.9:de54cf5, Apr  2 2024, 10:12:12) [MSC v.1938 64 bit (AMD64)]
2026-10-07 12:54:00,911:INFO:executable: C:\Users\bordasm\.venv\Scripts\python.exe
2026-10-07 12:54:00,911:INFO:   machine: Windows-10-10.0.26200-SP0
2026-10-07 12:54:00,911:INFO:PyCaret required dependencies:
2026-10-07 12:54:00,913:WARNING:C:\Users\bordasm\.venv\Lib\site-packages\_distutils_hack\__init__.py:33: UserWarning: Setuptools is replacing distutils.
  warnings.warn("Setuptools is replacing distutils.")

2026-10-07 12:54:01,020:INFO:                 pip: 26.2.1
2026-10-07 12:54:01,020:INFO:          setuptools: 65.5.0
2026-10-07 12:54:01,020:INFO:             pycaret: 3.3.2
2026-10-07 12:54:01,020:INFO:             IPython: 9.3.0
2026-10-07 12:54:01,020:INFO:          ipywidgets: 8.1.9
2026-10-07 12:54:01,020:INFO:                tqdm: 4.67.1
2026-10-07 12:54:01,020:INFO:               numpy: 1.26.4
2026-10-07 12:54:01,020:INFO:              pandas: 2.1.4
2026-10-07 12:54:01,020:INFO:              jinja2: 3.1.4
2026-10-07 12:54:01,020:INFO:               scipy: 1.11.4
2026-10-07 12:54:01,020:INFO:              joblib: 1.3.2
2026-10-07 12:54:01,020:INFO:             sklearn: 1.4.2
2026-10-07 12:54:01,020:INFO:                pyod: 3.4.0
2026-10-07 12:54:01,020:INFO:            imblearn: 0.13.0
2026-10-07 12:54:01,020:INFO:   category_encoders: 2.7.0
2026-10-07 12:54:01,020:INFO:            lightgbm: 4.6.0
2026-10-07 12:54:01,020:INFO:               numba: 0.68.0
2026-10-07 12:54:01,020:INFO:            requests: 2.32.3
2026-10-07 12:54:01,020:INFO:          matplotlib: 3.7.5
2026-10-07 12:54:01,021:INFO:          scikitplot: 0.3.7
2026-10-07 12:54:01,021:INFO:         yellowbrick: 1.5
2026-10-07 12:54:01,021:INFO:              plotly: 6.9.0
2026-10-07 12:54:01,021:INFO:    plotly-resampler: Not installed
2026-10-07 12:54:01,021:INFO:             kaleido: 1.5.0
2026-10-07 12:54:01,021:INFO:           schemdraw: 0.15
2026-10-07 12:54:01,021:INFO:         statsmodels: 0.15.0
2026-10-07 12:54:01,021:INFO:              sktime: 0.26.0
2026-10-07 12:54:01,021:INFO:               tbats: 1.1.3
2026-10-07 12:54:01,021:INFO:            pmdarima: 2.0.4
2026-10-07 12:54:01,021:INFO:              psutil: 7.0.0
2026-10-07 12:54:01,021:INFO:          markupsafe: 2.1.5
2026-10-07 12:54:01,021:INFO:             pickle5: Not installed
2026-10-07 12:54:01,021:INFO:         cloudpickle: 3.1.2
2026-10-07 12:54:01,021:INFO:         deprecation: 2.1.0
2026-10-07 12:54:01,021:INFO:              xxhash: 4.0.1
2026-10-07 12:54:01,021:INFO:           wurlitzer: Not installed
2026-10-07 12:54:01,021:INFO:PyCaret optional dependencies:
2026-10-07 12:54:01,154:INFO:                shap: Not installed
2026-10-07 12:54:01,154:INFO:           interpret: Not installed
2026-10-07 12:54:01,154:INFO:                umap: Not installed
2026-10-07 12:54:01,154:INFO:     ydata_profiling: Not installed
2026-10-07 12:54:01,154:INFO:  explainerdashboard: Not installed
2026-10-07 12:54:01,155:INFO:             autoviz: Not installed
2026-10-07 12:54:01,155:INFO:           fairlearn: Not installed
2026-10-07 12:54:01,155:INFO:          deepchecks: Not installed
2026-10-07 12:54:01,155:INFO:             xgboost: 3.1.2
2026-10-07 12:54:01,155:INFO:            catboost: Not installed
2026-10-07 12:54:01,155:INFO:              kmodes: Not installed
2026-10-07 12:54:01,155:INFO:             mlxtend: Not installed
2026-10-07 12:54:01,155:INFO:       statsforecast: Not installed
2026-10-07 12:54:01,155:INFO:        tune_sklearn: Not installed
2026-10-07 12:54:01,155:INFO:                 ray: Not installed
2026-10-07 12:54:01,155:INFO:            hyperopt: Not installed
2026-10-07 12:54:01,155:INFO:              optuna: Not installed
2026-10-07 12:54:01,155:INFO:               skopt: Not installed
2026-10-07 12:54:01,155:INFO:              mlflow: 3.17.0
2026-10-07 12:54:01,155:INFO:              gradio: Not installed
2026-10-07 12:54:01,155:INFO:             fastapi: 0.142.2
2026-10-07 12:54:01,155:INFO:             uvicorn: 0.54.0
2026-10-07 12:54:01,155:INFO:              m2cgen: Not installed
2026-10-07 12:54:01,155:INFO:           evidently: Not installed
2026-10-07 12:54:01,155:INFO:               fugue: Not installed
2026-10-07 12:54:01,155:INFO:           streamlit: Not installed
2026-10-07 12:54:01,155:INFO:             prophet: Not installed
2026-10-07 12:54:01,155:INFO:None
2026-10-07 12:54:01,155:INFO:Set up data.
2026-10-07 12:54:01,259:INFO:Set up folding strategy.
2026-10-07 12:54:01,259:INFO:Set up train/test split.
2026-10-07 12:54:01,305:INFO:Set up index.
2026-10-07 12:54:01,307:INFO:Assigning column types.
2026-10-07 12:54:01,321:INFO:Engine successfully changes for model 'lr' to 'sklearn'.
2026-10-07 12:54:01,321:INFO:Engine for model 'lasso' has not been set explicitly, hence returning None.
2026-10-07 12:54:01,325:INFO:Engine for model 'ridge' has not been set explicitly, hence returning None.
2026-10-07 12:54:01,328:INFO:Engine for model 'en' has not been set explicitly, hence returning None.
2026-10-07 12:54:01,385:INFO:Engine for model 'svm' has not been set explicitly, hence returning None.
2026-10-07 12:54:01,416:INFO:Engine for model 'knn' has not been set explicitly, hence returning None.
2026-10-07 12:54:01,417:INFO:Soft dependency imported: xgboost: 3.1.2
2026-10-07 12:54:01,420:WARNING:
'catboost' is a soft dependency and not included in the pycaret installation. Please run: `pip install catboost` to install.
Alternately, you can install this by running `pip install pycaret[models]`
2026-10-07 12:54:01,420:INFO:Engine for model 'lasso' has not been set explicitly, hence returning None.
2026-10-07 12:54:01,424:INFO:Engine for model 'ridge' has not been set explicitly, hence returning None.
2026-10-07 12:54:01,429:INFO:Engine for model 'en' has not been set explicitly, hence returning None.
2026-10-07 12:54:01,484:INFO:Engine for model 'svm' has not been set explicitly, hence returning None.
2026-10-07 12:54:01,519:INFO:Engine for model 'knn' has not been set explicitly, hence returning None.
2026-10-07 12:54:01,520:INFO:Soft dependency imported: xgboost: 3.1.2
2026-10-07 12:54:01,522:WARNING:
'catboost' is a soft dependency and not included in the pycaret installation. Please run: `pip install catboost` to install.
Alternately, you can install this by running `pip install pycaret[models]`
2026-10-07 12:54:01,522:INFO:Engine successfully changes for model 'lasso' to 'sklearn'.
2026-10-07 12:54:01,525:INFO:Engine for model 'ridge' has not been set explicitly, hence returning None.
2026-10-07 12:54:01,528:INFO:Engine for model 'en' has not been set explicitly, hence returning None.
2026-10-07 12:54:01,586:INFO:Engine for model 'svm' has not been set explicitly, hence returning None.
2026-10-07 12:54:01,618:INFO:Engine for model 'knn' has not been set explicitly, hence returning None.
2026-10-07 12:54:01,618:INFO:Soft dependency imported: xgboost: 3.1.2
2026-10-07 12:54:01,620:WARNING:
'catboost' is a soft dependency and not included in the pycaret installation. Please run: `pip install catboost` to install.
Alternately, you can install this by running `pip install pycaret[models]`
2026-10-07 12:54:01,623:INFO:Engine for model 'ridge' has not been set explicitly, hence returning None.
2026-10-07 12:54:01,628:INFO:Engine for model 'en' has not been set explicitly, hence returning None.
2026-10-07 12:54:01,681:INFO:Engine for model 'svm' has not been set explicitly, hence returning None.
2026-10-07 12:54:01,717:INFO:Engine for model 'knn' has not been set explicitly, hence returning None.
2026-10-07 12:54:01,717:INFO:Soft dependency imported: xgboost: 3.1.2
2026-10-07 12:54:01,720:WARNING:
'catboost' is a soft dependency and not included in the pycaret installation. Please run: `pip install catboost` to install.
Alternately, you can install this by running `pip install pycaret[models]`
2026-10-07 12:54:01,720:INFO:Engine successfully changes for model 'ridge' to 'sklearn'.
2026-10-07 12:54:01,728:INFO:Engine for model 'en' has not been set explicitly, hence returning None.
2026-10-07 12:54:01,781:INFO:Engine for model 'svm' has not been set explicitly, hence returning None.
2026-10-07 12:54:01,816:INFO:Engine for model 'knn' has not been set explicitly, hence returning None.
2026-10-07 12:54:01,816:INFO:Soft dependency imported: xgboost: 3.1.2
2026-10-07 12:54:01,818:WARNING:
'catboost' is a soft dependency and not included in the pycaret installation. Please run: `pip install catboost` to install.
Alternately, you can install this by running `pip install pycaret[models]`
2026-10-07 12:54:01,825:INFO:Engine for model 'en' has not been set explicitly, hence returning None.
2026-10-07 12:54:01,877:INFO:Engine for model 'svm' has not been set explicitly, hence returning None.
2026-10-07 12:54:01,910:INFO:Engine for model 'knn' has not been set explicitly, hence returning None.
2026-10-07 12:54:01,911:INFO:Soft dependency imported: xgboost: 3.1.2
2026-10-07 12:54:01,912:WARNING:
'catboost' is a soft dependency and not included in the pycaret installation. Please run: `pip install catboost` to install.
Alternately, you can install this by running `pip install pycaret[models]`
2026-10-07 12:54:01,913:INFO:Engine successfully changes for model 'en' to 'sklearn'.
2026-10-07 12:54:01,982:INFO:Engine for model 'svm' has not been set explicitly, hence returning None.
2026-10-07 12:54:02,013:INFO:Engine for model 'knn' has not been set explicitly, hence returning None.
2026-10-07 12:54:02,014:INFO:Soft dependency imported: xgboost: 3.1.2
2026-10-07 12:54:02,016:WARNING:
'catboost' is a soft dependency and not included in the pycaret installation. Please run: `pip install catboost` to install.
Alternately, you can install this by running `pip install pycaret[models]`
2026-10-07 12:54:02,079:INFO:Engine for model 'svm' has not been set explicitly, hence returning None.
2026-10-07 12:54:02,113:INFO:Engine for model 'knn' has not been set explicitly, hence returning None.
2026-10-07 12:54:02,113:INFO:Soft dependency imported: xgboost: 3.1.2
2026-10-07 12:54:02,116:WARNING:
'catboost' is a soft dependency and not included in the pycaret installation. Please run: `pip install catboost` to install.
Alternately, you can install this by running `pip install pycaret[models]`
2026-10-07 12:54:02,117:INFO:Engine successfully changes for model 'knn' to 'sklearn'.
2026-10-07 12:54:02,186:INFO:Engine for model 'svm' has not been set explicitly, hence returning None.
2026-10-07 12:54:02,221:INFO:Soft dependency imported: xgboost: 3.1.2
2026-10-07 12:54:02,224:WARNING:
'catboost' is a soft dependency and not included in the pycaret installation. Please run: `pip install catboost` to install.
Alternately, you can install this by running `pip install pycaret[models]`
2026-10-07 12:54:02,284:INFO:Engine for model 'svm' has not been set explicitly, hence returning None.
2026-10-07 12:54:02,315:INFO:Soft dependency imported: xgboost: 3.1.2
2026-10-07 12:54:02,317:WARNING:
'catboost' is a soft dependency and not included in the pycaret installation. Please run: `pip install catboost` to install.
Alternately, you can install this by running `pip install pycaret[models]`
2026-10-07 12:54:02,317:INFO:Engine successfully changes for model 'svm' to 'sklearn'.
2026-10-07 12:54:02,423:INFO:Soft dependency imported: xgboost: 3.1.2
2026-10-07 12:54:02,426:WARNING:
'catboost' is a soft dependency and not included in the pycaret installation. Please run: `pip install catboost` to install.
Alternately, you can install this by running `pip install pycaret[models]`
2026-10-07 12:54:02,521:INFO:Soft dependency imported: xgboost: 3.1.2
2026-10-07 12:54:02,523:WARNING:
'catboost' is a soft dependency and not included in the pycaret installation. Please run: `pip install catboost` to install.
Alternately, you can install this by running `pip install pycaret[models]`
2026-10-07 12:54:02,528:INFO:Preparing preprocessing pipeline...
2026-10-07 12:54:02,528:INFO:Set up simple imputation.
2026-10-07 12:54:02,539:INFO:Set up encoding of ordinal features.
2026-10-07 12:54:02,550:INFO:Set up encoding of categorical features.
2026-10-07 12:54:02,837:INFO:Finished creating preprocessing pipeline.
2026-10-07 12:54:02,861:INFO:Pipeline: Pipeline(memory=FastMemory(location=C:\Users\bordasm\AppData\Local\Temp\joblib),
         steps=[('numerical_imputer',
                 TransformerWrapper(include=['harvest_calendar_year',
                                             'harvest_month',
                                             'farm_size_hectares',
                                             'tree_age_years',
                                             'altitude_mean_meters',
                                             'avg_temp_c',
                                             'avg_annual_rainfall_mm',
                                             'humidity_pct',
                                             'drying_duration_days',
                                             'storage_months',
                                             'bean_size_screen', '...
                                             'processing_method',
                                             'drying_method',
                                             'traceability_level',
                                             'certification',
                                             'intended_buyer_segment',
                                             'roast_level'],
                                    transformer=OneHotEncoder(cols=['harvest_season',
                                                                    'country_of_origin',
                                                                    'farm_type',
                                                                    'processing_method',
                                                                    'drying_method',
                                                                    'traceability_level',
                                                                    'certification',
                                                                    'intended_buyer_segment',
                                                                    'roast_level'],
                                                              handle_missing='return_nan',
                                                              use_cat_names=True)))])
2026-10-07 12:54:02,861:INFO:Creating final display dataframe.
2026-10-07 12:54:03,721:INFO:Setup _display_container:                     Description                 Value
0                    Session id                     1
1                        Target  coffee_quality_score
2                   Target type            Regression
3           Original data shape           (35700, 36)
4        Transformed data shape           (35700, 60)
5   Transformed train set shape           (28560, 60)
6    Transformed test set shape            (7140, 60)
7               Ignore features                     4
8              Numeric features                    20
9          Categorical features                    11
10     Rows with missing values                 66.4%
11                   Preprocess                  True
12              Imputation type                simple
13           Numeric imputation                  mean
14       Categorical imputation                  mode
15     Maximum one-hot encoding                    25
16              Encoding method                  None
17               Fold Generator                 KFold
18                  Fold Number                    10
19                     CPU Jobs                    -1
20                      Use GPU                 False
21               Log Experiment                 False
22              Experiment Name      reg-default-name
23                          USI                  3e2e
2026-10-07 12:54:03,812:INFO:Soft dependency imported: xgboost: 3.1.2
2026-10-07 12:54:03,815:WARNING:
'catboost' is a soft dependency and not included in the pycaret installation. Please run: `pip install catboost` to install.
Alternately, you can install this by running `pip install pycaret[models]`
2026-10-07 12:54:03,922:INFO:Soft dependency imported: xgboost: 3.1.2
2026-10-07 12:54:03,924:WARNING:
'catboost' is a soft dependency and not included in the pycaret installation. Please run: `pip install catboost` to install.
Alternately, you can install this by running `pip install pycaret[models]`
2026-10-07 12:54:03,925:INFO:setup() successfully completed in 3.22s...............
2026-10-07 12:54:03,925:INFO:Initializing create_model()
2026-10-07 12:54:03,925:INFO:create_model(self=<pycaret.regression.oop.RegressionExperiment object at 0x000001C4012C4750>, estimator=lightgbm, fold=3, round=4, cross_validation=True, predict=True, fit_kwargs=None, groups=None, refit=True, probability_threshold=None, experiment_custom_tags=None, verbose=True, system=True, add_to_model_list=True, metrics=None, display=None, model_only=True, return_train_score=False, error_score=0.0, kwargs={})
2026-10-07 12:54:03,925:INFO:Checking exceptions
2026-10-07 12:54:03,927:INFO:Importing libraries
2026-10-07 12:54:03,928:INFO:Copying training dataset
2026-10-07 12:54:03,955:INFO:Defining folds
2026-10-07 12:54:03,955:INFO:Declaring metric variables
2026-10-07 12:54:03,955:INFO:Importing untrained model
2026-10-07 12:54:03,956:INFO:Light Gradient Boosting Machine Imported successfully
2026-10-07 12:54:03,956:INFO:Starting cross validation
2026-10-07 12:54:03,972:INFO:Cross validating with KFold(n_splits=3, random_state=None, shuffle=False), n_jobs=-1
2026-10-07 12:54:15,479:WARNING:C:\Users\bordasm\.venv\Lib\site-packages\_distutils_hack\__init__.py:33: UserWarning: Setuptools is replacing distutils.
  warnings.warn("Setuptools is replacing distutils.")

2026-10-07 12:54:15,583:WARNING:C:\Users\bordasm\.venv\Lib\site-packages\_distutils_hack\__init__.py:33: UserWarning: Setuptools is replacing distutils.
  warnings.warn("Setuptools is replacing distutils.")

2026-10-07 12:54:15,854:WARNING:C:\Users\bordasm\.venv\Lib\site-packages\_distutils_hack\__init__.py:33: UserWarning: Setuptools is replacing distutils.
  warnings.warn("Setuptools is replacing distutils.")

2026-10-07 12:54:17,412:INFO:Calculating mean and std
2026-10-07 12:54:17,413:INFO:Creating metrics dataframe
2026-10-07 12:54:17,417:INFO:Finalizing model
2026-10-07 12:54:17,944:INFO:[LightGBM] [Warning] Found whitespace in feature_names, replace with underlines
2026-10-07 12:54:17,950:INFO:[LightGBM] [Info] Auto-choosing col-wise multi-threading, the overhead of testing was 0.002968 seconds.
2026-10-07 12:54:17,950:INFO:You can set `force_col_wise=true` to remove the overhead.
2026-10-07 12:54:17,953:INFO:[LightGBM] [Info] Total Bins 3771
2026-10-07 12:54:17,953:INFO:[LightGBM] [Info] Number of data points in the train set: 28560, number of used features: 59
2026-10-07 12:54:17,954:INFO:[LightGBM] [Info] Start training from score 77.601826
2026-10-07 12:54:18,202:INFO:Uploading results into container
2026-10-07 12:54:18,203:INFO:Uploading model into container now
2026-10-07 12:54:18,216:INFO:_master_model_container: 1
2026-10-07 12:54:18,216:INFO:_display_container: 2
2026-10-07 12:54:18,217:INFO:LGBMRegressor(n_jobs=-1, random_state=1)
2026-10-07 12:54:18,217:INFO:create_model() successfully completed......................................
2026-10-07 12:54:18,865:INFO:PyCaret RegressionExperiment
2026-10-07 12:54:18,866:INFO:Logging name: reg-default-name
2026-10-07 12:54:18,866:INFO:ML Usecase: MLUsecase.REGRESSION
2026-10-07 12:54:18,866:INFO:version 3.3.2
2026-10-07 12:54:18,866:INFO:Initializing setup()
2026-10-07 12:54:18,866:INFO:self.USI: f0f2
2026-10-07 12:54:18,866:INFO:self._variable_keys: {'gpu_n_jobs_param', 'USI', 'fold_groups_param', 'y_train', 'exp_name_log', 'transform_target_param', 'log_plots_param', 'idx', 'html_param', 'y', 'data', 'pipeline', 'X', 'gpu_param', 'exp_id', 'y_test', 'memory', 'seed', 'logging_param', 'fold_shuffle_param', '_available_plots', 'n_jobs_param', 'target_param', 'fold_generator', '_ml_usecase', 'X_train', 'X_test'}
2026-10-07 12:54:18,866:INFO:Checking environment
2026-10-07 12:54:18,866:INFO:python_version: 3.11.9
2026-10-07 12:54:18,866:INFO:python_build: ('tags/v3.11.9:de54cf5', 'Apr  2 2024 10:12:12')
2026-10-07 12:54:18,868:INFO:machine: AMD64
2026-10-07 12:54:18,868:INFO:platform: Windows-10-10.0.26200-SP0
2026-10-07 12:54:18,869:INFO:Memory: svmem(total=16868499456, available=5207240704, percent=69.1, used=11661258752, free=5207240704)
2026-10-07 12:54:18,869:INFO:Physical Core: 8
2026-10-07 12:54:18,869:INFO:Logical Core: 16
2026-10-07 12:54:18,869:INFO:Checking libraries
2026-10-07 12:54:18,869:INFO:System:
2026-10-07 12:54:18,870:INFO:    python: 3.11.9 (tags/v3.11.9:de54cf5, Apr  2 2024, 10:12:12) [MSC v.1938 64 bit (AMD64)]
2026-10-07 12:54:18,870:INFO:executable: C:\Users\bordasm\.venv\Scripts\python.exe
2026-10-07 12:54:18,870:INFO:   machine: Windows-10-10.0.26200-SP0
2026-10-07 12:54:18,871:INFO:PyCaret required dependencies:
2026-10-07 12:54:18,872:INFO:                 pip: 26.2.1
2026-10-07 12:54:18,872:INFO:          setuptools: 65.5.0
2026-10-07 12:54:18,872:INFO:             pycaret: 3.3.2
2026-10-07 12:54:18,872:INFO:             IPython: 9.3.0
2026-10-07 12:54:18,872:INFO:          ipywidgets: 8.1.9
2026-10-07 12:54:18,872:INFO:                tqdm: 4.67.1
2026-10-07 12:54:18,873:INFO:               numpy: 1.26.4
2026-10-07 12:54:18,873:INFO:              pandas: 2.1.4
2026-10-07 12:54:18,874:INFO:              jinja2: 3.1.4
2026-10-07 12:54:18,874:INFO:               scipy: 1.11.4
2026-10-07 12:54:18,875:INFO:              joblib: 1.3.2
2026-10-07 12:54:18,875:INFO:             sklearn: 1.4.2
2026-10-07 12:54:18,875:INFO:                pyod: 3.4.0
2026-10-07 12:54:18,876:INFO:            imblearn: 0.13.0
2026-10-07 12:54:18,876:INFO:   category_encoders: 2.7.0
2026-10-07 12:54:18,878:INFO:            lightgbm: 4.6.0
2026-10-07 12:54:18,878:INFO:               numba: 0.68.0
2026-10-07 12:54:18,878:INFO:            requests: 2.32.3
2026-10-07 12:54:18,878:INFO:          matplotlib: 3.7.5
2026-10-07 12:54:18,879:INFO:          scikitplot: 0.3.7
2026-10-07 12:54:18,879:INFO:         yellowbrick: 1.5
2026-10-07 12:54:18,880:INFO:              plotly: 6.9.0
2026-10-07 12:54:18,880:INFO:    plotly-resampler: Not installed
2026-10-07 12:54:18,880:INFO:             kaleido: 1.5.0
2026-10-07 12:54:18,880:INFO:           schemdraw: 0.15
2026-10-07 12:54:18,881:INFO:         statsmodels: 0.15.0
2026-10-07 12:54:18,881:INFO:              sktime: 0.26.0
2026-10-07 12:54:18,881:INFO:               tbats: 1.1.3
2026-10-07 12:54:18,883:INFO:            pmdarima: 2.0.4
2026-10-07 12:54:18,883:INFO:              psutil: 7.0.0
2026-10-07 12:54:18,883:INFO:          markupsafe: 2.1.5
2026-10-07 12:54:18,884:INFO:             pickle5: Not installed
2026-10-07 12:54:18,884:INFO:         cloudpickle: 3.1.2
2026-10-07 12:54:18,885:INFO:         deprecation: 2.1.0
2026-10-07 12:54:18,885:INFO:              xxhash: 4.0.1
2026-10-07 12:54:18,886:INFO:           wurlitzer: Not installed
2026-10-07 12:54:18,887:INFO:PyCaret optional dependencies:
2026-10-07 12:54:18,887:INFO:                shap: Not installed
2026-10-07 12:54:18,888:INFO:           interpret: Not installed
2026-10-07 12:54:18,888:INFO:                umap: Not installed
2026-10-07 12:54:18,888:INFO:     ydata_profiling: Not installed
2026-10-07 12:54:18,888:INFO:  explainerdashboard: Not installed
2026-10-07 12:54:18,889:INFO:             autoviz: Not installed
2026-10-07 12:54:18,889:INFO:           fairlearn: Not installed
2026-10-07 12:54:18,889:INFO:          deepchecks: Not installed
2026-10-07 12:54:18,890:INFO:             xgboost: 3.1.2
2026-10-07 12:54:18,891:INFO:            catboost: Not installed
2026-10-07 12:54:18,891:INFO:              kmodes: Not installed
2026-10-07 12:54:18,891:INFO:             mlxtend: Not installed
2026-10-07 12:54:18,892:INFO:       statsforecast: Not installed
2026-10-07 12:54:18,892:INFO:        tune_sklearn: Not installed
2026-10-07 12:54:18,892:INFO:                 ray: Not installed
2026-10-07 12:54:18,892:INFO:            hyperopt: Not installed
2026-10-07 12:54:18,892:INFO:              optuna: Not installed
2026-10-07 12:54:18,892:INFO:               skopt: Not installed
2026-10-07 12:54:18,893:INFO:              mlflow: 3.17.0
2026-10-07 12:54:18,893:INFO:              gradio: Not installed
2026-10-07 12:54:18,893:INFO:             fastapi: 0.142.2
2026-10-07 12:54:18,894:INFO:             uvicorn: 0.54.0
2026-10-07 12:54:18,894:INFO:              m2cgen: Not installed
2026-10-07 12:54:18,894:INFO:           evidently: Not installed
2026-10-07 12:54:18,894:INFO:               fugue: Not installed
2026-10-07 12:54:18,895:INFO:           streamlit: Not installed
2026-10-07 12:54:18,895:INFO:             prophet: Not installed
2026-10-07 12:54:18,896:INFO:None
2026-10-07 12:54:18,896:INFO:Set up data.
2026-10-07 12:54:19,002:INFO:Set up folding strategy.
2026-10-07 12:54:19,002:INFO:Set up train/test split.
2026-10-07 12:54:19,056:INFO:Set up index.
2026-10-07 12:54:19,057:INFO:Assigning column types.
2026-10-07 12:54:19,074:INFO:Engine successfully changes for model 'lr' to 'sklearn'.
2026-10-07 12:54:19,074:INFO:Engine for model 'lasso' has not been set explicitly, hence returning None.
2026-10-07 12:54:19,078:INFO:Engine for model 'ridge' has not been set explicitly, hence returning None.
2026-10-07 12:54:19,082:INFO:Engine for model 'en' has not been set explicitly, hence returning None.
2026-10-07 12:54:19,140:INFO:Engine for model 'svm' has not been set explicitly, hence returning None.
2026-10-07 12:54:19,174:INFO:Engine for model 'knn' has not been set explicitly, hence returning None.
2026-10-07 12:54:19,175:INFO:Soft dependency imported: xgboost: 3.1.2
2026-10-07 12:54:19,177:WARNING:
'catboost' is a soft dependency and not included in the pycaret installation. Please run: `pip install catboost` to install.
Alternately, you can install this by running `pip install pycaret[models]`
2026-10-07 12:54:19,177:INFO:Engine for model 'lasso' has not been set explicitly, hence returning None.
2026-10-07 12:54:19,180:INFO:Engine for model 'ridge' has not been set explicitly, hence returning None.
2026-10-07 12:54:19,183:INFO:Engine for model 'en' has not been set explicitly, hence returning None.
2026-10-07 12:54:19,237:INFO:Engine for model 'svm' has not been set explicitly, hence returning None.
2026-10-07 12:54:19,268:INFO:Engine for model 'knn' has not been set explicitly, hence returning None.
2026-10-07 12:54:19,269:INFO:Soft dependency imported: xgboost: 3.1.2
2026-10-07 12:54:19,271:WARNING:
'catboost' is a soft dependency and not included in the pycaret installation. Please run: `pip install catboost` to install.
Alternately, you can install this by running `pip install pycaret[models]`
2026-10-07 12:54:19,271:INFO:Engine successfully changes for model 'lasso' to 'sklearn'.
2026-10-07 12:54:19,274:INFO:Engine for model 'ridge' has not been set explicitly, hence returning None.
2026-10-07 12:54:19,278:INFO:Engine for model 'en' has not been set explicitly, hence returning None.
2026-10-07 12:54:19,339:INFO:Engine for model 'svm' has not been set explicitly, hence returning None.
2026-10-07 12:54:19,375:INFO:Engine for model 'knn' has not been set explicitly, hence returning None.
2026-10-07 12:54:19,375:INFO:Soft dependency imported: xgboost: 3.1.2
2026-10-07 12:54:19,377:WARNING:
'catboost' is a soft dependency and not included in the pycaret installation. Please run: `pip install catboost` to install.
Alternately, you can install this by running `pip install pycaret[models]`
2026-10-07 12:54:19,382:INFO:Engine for model 'ridge' has not been set explicitly, hence returning None.
2026-10-07 12:54:19,385:INFO:Engine for model 'en' has not been set explicitly, hence returning None.
2026-10-07 12:54:19,449:INFO:Engine for model 'svm' has not been set explicitly, hence returning None.
2026-10-07 12:54:19,485:INFO:Engine for model 'knn' has not been set explicitly, hence returning None.
2026-10-07 12:54:19,485:INFO:Soft dependency imported: xgboost: 3.1.2
2026-10-07 12:54:19,487:WARNING:
'catboost' is a soft dependency and not included in the pycaret installation. Please run: `pip install catboost` to install.
Alternately, you can install this by running `pip install pycaret[models]`
2026-10-07 12:54:19,488:INFO:Engine successfully changes for model 'ridge' to 'sklearn'.
2026-10-07 12:54:19,494:INFO:Engine for model 'en' has not been set explicitly, hence returning None.
2026-10-07 12:54:19,549:INFO:Engine for model 'svm' has not been set explicitly, hence returning None.
2026-10-07 12:54:19,585:INFO:Engine for model 'knn' has not been set explicitly, hence returning None.
2026-10-07 12:54:19,585:INFO:Soft dependency imported: xgboost: 3.1.2
2026-10-07 12:54:19,587:WARNING:
'catboost' is a soft dependency and not included in the pycaret installation. Please run: `pip install catboost` to install.
Alternately, you can install this by running `pip install pycaret[models]`
2026-10-07 12:54:19,594:INFO:Engine for model 'en' has not been set explicitly, hence returning None.
2026-10-07 12:54:19,647:INFO:Engine for model 'svm' has not been set explicitly, hence returning None.
2026-10-07 12:54:19,679:INFO:Engine for model 'knn' has not been set explicitly, hence returning None.
2026-10-07 12:54:19,679:INFO:Soft dependency imported: xgboost: 3.1.2
2026-10-07 12:54:19,681:WARNING:
'catboost' is a soft dependency and not included in the pycaret installation. Please run: `pip install catboost` to install.
Alternately, you can install this by running `pip install pycaret[models]`
2026-10-07 12:54:19,683:INFO:Engine successfully changes for model 'en' to 'sklearn'.
2026-10-07 12:54:19,748:INFO:Engine for model 'svm' has not been set explicitly, hence returning None.
2026-10-07 12:54:19,781:INFO:Engine for model 'knn' has not been set explicitly, hence returning None.
2026-10-07 12:54:19,782:INFO:Soft dependency imported: xgboost: 3.1.2
2026-10-07 12:54:19,784:WARNING:
'catboost' is a soft dependency and not included in the pycaret installation. Please run: `pip install catboost` to install.
Alternately, you can install this by running `pip install pycaret[models]`
2026-10-07 12:54:19,844:INFO:Engine for model 'svm' has not been set explicitly, hence returning None.
2026-10-07 12:54:19,880:INFO:Engine for model 'knn' has not been set explicitly, hence returning None.
2026-10-07 12:54:19,880:INFO:Soft dependency imported: xgboost: 3.1.2
2026-10-07 12:54:19,882:WARNING:
'catboost' is a soft dependency and not included in the pycaret installation. Please run: `pip install catboost` to install.
Alternately, you can install this by running `pip install pycaret[models]`
2026-10-07 12:54:19,883:INFO:Engine successfully changes for model 'knn' to 'sklearn'.
2026-10-07 12:54:19,943:INFO:Engine for model 'svm' has not been set explicitly, hence returning None.
2026-10-07 12:54:19,976:INFO:Soft dependency imported: xgboost: 3.1.2
2026-10-07 12:54:19,979:WARNING:
'catboost' is a soft dependency and not included in the pycaret installation. Please run: `pip install catboost` to install.
Alternately, you can install this by running `pip install pycaret[models]`
2026-10-07 12:54:20,041:INFO:Engine for model 'svm' has not been set explicitly, hence returning None.
2026-10-07 12:54:20,074:INFO:Soft dependency imported: xgboost: 3.1.2
2026-10-07 12:54:20,076:WARNING:
'catboost' is a soft dependency and not included in the pycaret installation. Please run: `pip install catboost` to install.
Alternately, you can install this by running `pip install pycaret[models]`
2026-10-07 12:54:20,076:INFO:Engine successfully changes for model 'svm' to 'sklearn'.
2026-10-07 12:54:20,187:INFO:Soft dependency imported: xgboost: 3.1.2
2026-10-07 12:54:20,189:WARNING:
'catboost' is a soft dependency and not included in the pycaret installation. Please run: `pip install catboost` to install.
Alternately, you can install this by running `pip install pycaret[models]`
2026-10-07 12:54:20,296:INFO:Soft dependency imported: xgboost: 3.1.2
2026-10-07 12:54:20,298:WARNING:
'catboost' is a soft dependency and not included in the pycaret installation. Please run: `pip install catboost` to install.
Alternately, you can install this by running `pip install pycaret[models]`
2026-10-07 12:54:20,300:INFO:Preparing preprocessing pipeline...
2026-10-07 12:54:20,301:INFO:Set up simple imputation.
2026-10-07 12:54:20,311:INFO:Set up encoding of ordinal features.
2026-10-07 12:54:20,319:INFO:Set up encoding of categorical features.
2026-10-07 12:54:20,587:INFO:Finished creating preprocessing pipeline.
2026-10-07 12:54:20,608:INFO:Pipeline: Pipeline(memory=FastMemory(location=C:\Users\bordasm\AppData\Local\Temp\joblib),
         steps=[('numerical_imputer',
                 TransformerWrapper(include=['harvest_calendar_year',
                                             'harvest_month',
                                             'farm_size_hectares',
                                             'tree_age_years',
                                             'altitude_mean_meters',
                                             'avg_temp_c',
                                             'avg_annual_rainfall_mm',
                                             'humidity_pct',
                                             'drying_duration_days',
                                             'storage_months',
                                             'bean_size_screen', '...
                                             'processing_method',
                                             'drying_method',
                                             'traceability_level',
                                             'certification',
                                             'intended_buyer_segment',
                                             'roast_level'],
                                    transformer=OneHotEncoder(cols=['harvest_season',
                                                                    'country_of_origin',
                                                                    'farm_type',
                                                                    'processing_method',
                                                                    'drying_method',
                                                                    'traceability_level',
                                                                    'certification',
                                                                    'intended_buyer_segment',
                                                                    'roast_level'],
                                                              handle_missing='return_nan',
                                                              use_cat_names=True)))])
2026-10-07 12:54:20,609:INFO:Creating final display dataframe.
2026-10-07 12:54:21,435:INFO:Setup _display_container:                     Description                 Value
0                    Session id                     2
1                        Target  coffee_quality_score
2                   Target type            Regression
3           Original data shape           (35700, 36)
4        Transformed data shape           (35700, 60)
5   Transformed train set shape           (28560, 60)
6    Transformed test set shape            (7140, 60)
7               Ignore features                     4
8              Numeric features                    20
9          Categorical features                    11
10     Rows with missing values                 66.4%
11                   Preprocess                  True
12              Imputation type                simple
13           Numeric imputation                  mean
14       Categorical imputation                  mode
15     Maximum one-hot encoding                    25
16              Encoding method                  None
17               Fold Generator                 KFold
18                  Fold Number                    10
19                     CPU Jobs                    -1
20                      Use GPU                 False
21               Log Experiment                 False
22              Experiment Name      reg-default-name
23                          USI                  f0f2
2026-10-07 12:54:21,530:INFO:Soft dependency imported: xgboost: 3.1.2
2026-10-07 12:54:21,533:WARNING:
'catboost' is a soft dependency and not included in the pycaret installation. Please run: `pip install catboost` to install.
Alternately, you can install this by running `pip install pycaret[models]`
2026-10-07 12:54:21,625:INFO:Soft dependency imported: xgboost: 3.1.2
2026-10-07 12:54:21,627:WARNING:
'catboost' is a soft dependency and not included in the pycaret installation. Please run: `pip install catboost` to install.
Alternately, you can install this by running `pip install pycaret[models]`
2026-10-07 12:54:21,627:INFO:setup() successfully completed in 2.86s...............
2026-10-07 12:54:21,627:INFO:Initializing create_model()
2026-10-07 12:54:21,627:INFO:create_model(self=<pycaret.regression.oop.RegressionExperiment object at 0x000001C4019B4890>, estimator=lightgbm, fold=3, round=4, cross_validation=True, predict=True, fit_kwargs=None, groups=None, refit=True, probability_threshold=None, experiment_custom_tags=None, verbose=True, system=True, add_to_model_list=True, metrics=None, display=None, model_only=True, return_train_score=False, error_score=0.0, kwargs={})
2026-10-07 12:54:21,627:INFO:Checking exceptions
2026-10-07 12:54:21,628:INFO:Importing libraries
2026-10-07 12:54:21,628:INFO:Copying training dataset
2026-10-07 12:54:21,652:INFO:Defining folds
2026-10-07 12:54:21,652:INFO:Declaring metric variables
2026-10-07 12:54:21,652:INFO:Importing untrained model
2026-10-07 12:54:21,652:INFO:Light Gradient Boosting Machine Imported successfully
2026-10-07 12:54:21,652:INFO:Starting cross validation
2026-10-07 12:54:21,654:INFO:Cross validating with KFold(n_splits=3, random_state=None, shuffle=False), n_jobs=-1
2026-10-07 12:54:31,362:WARNING:C:\Users\bordasm\.venv\Lib\site-packages\_distutils_hack\__init__.py:33: UserWarning: Setuptools is replacing distutils.
  warnings.warn("Setuptools is replacing distutils.")

2026-10-07 12:54:31,523:WARNING:C:\Users\bordasm\.venv\Lib\site-packages\_distutils_hack\__init__.py:33: UserWarning: Setuptools is replacing distutils.
  warnings.warn("Setuptools is replacing distutils.")

2026-10-07 12:54:31,609:WARNING:C:\Users\bordasm\.venv\Lib\site-packages\_distutils_hack\__init__.py:33: UserWarning: Setuptools is replacing distutils.
  warnings.warn("Setuptools is replacing distutils.")

2026-10-07 12:54:33,842:INFO:Calculating mean and std
2026-10-07 12:54:33,843:INFO:Creating metrics dataframe
2026-10-07 12:54:33,847:INFO:Finalizing model
2026-10-07 12:54:34,562:INFO:[LightGBM] [Warning] Found whitespace in feature_names, replace with underlines
2026-10-07 12:54:34,567:INFO:[LightGBM] [Info] Auto-choosing col-wise multi-threading, the overhead of testing was 0.002939 seconds.
2026-10-07 12:54:34,568:INFO:You can set `force_col_wise=true` to remove the overhead.
2026-10-07 12:54:34,568:INFO:[LightGBM] [Info] Total Bins 3770
2026-10-07 12:54:34,568:INFO:[LightGBM] [Info] Number of data points in the train set: 28560, number of used features: 59
2026-10-07 12:54:34,569:INFO:[LightGBM] [Info] Start training from score 77.602097
2026-10-07 12:54:35,140:INFO:Uploading results into container
2026-10-07 12:54:35,142:INFO:Uploading model into container now
2026-10-07 12:54:35,155:INFO:_master_model_container: 1
2026-10-07 12:54:35,155:INFO:_display_container: 2
2026-10-07 12:54:35,156:INFO:LGBMRegressor(n_jobs=-1, random_state=2)
2026-10-07 12:54:35,156:INFO:create_model() successfully completed......................................
2026-10-07 12:54:35,818:INFO:PyCaret RegressionExperiment
2026-10-07 12:54:35,818:INFO:Logging name: reg-default-name
2026-10-07 12:54:35,819:INFO:ML Usecase: MLUsecase.REGRESSION
2026-10-07 12:54:35,819:INFO:version 3.3.2
2026-10-07 12:54:35,819:INFO:Initializing setup()
2026-10-07 12:54:35,820:INFO:self.USI: baba
2026-10-07 12:54:35,820:INFO:self._variable_keys: {'gpu_n_jobs_param', 'USI', 'fold_groups_param', 'y_train', 'exp_name_log', 'transform_target_param', 'log_plots_param', 'idx', 'html_param', 'y', 'data', 'pipeline', 'X', 'gpu_param', 'exp_id', 'y_test', 'memory', 'seed', 'logging_param', 'fold_shuffle_param', '_available_plots', 'n_jobs_param', 'target_param', 'fold_generator', '_ml_usecase', 'X_train', 'X_test'}
2026-10-07 12:54:35,820:INFO:Checking environment
2026-10-07 12:54:35,821:INFO:python_version: 3.11.9
2026-10-07 12:54:35,821:INFO:python_build: ('tags/v3.11.9:de54cf5', 'Apr  2 2024 10:12:12')
2026-10-07 12:54:35,822:INFO:machine: AMD64
2026-10-07 12:54:35,822:INFO:platform: Windows-10-10.0.26200-SP0
2026-10-07 12:54:35,823:INFO:Memory: svmem(total=16868499456, available=4639412224, percent=72.5, used=12229087232, free=4639412224)
2026-10-07 12:54:35,823:INFO:Physical Core: 8
2026-10-07 12:54:35,823:INFO:Logical Core: 16
2026-10-07 12:54:35,824:INFO:Checking libraries
2026-10-07 12:54:35,824:INFO:System:
2026-10-07 12:54:35,824:INFO:    python: 3.11.9 (tags/v3.11.9:de54cf5, Apr  2 2024, 10:12:12) [MSC v.1938 64 bit (AMD64)]
2026-10-07 12:54:35,824:INFO:executable: C:\Users\bordasm\.venv\Scripts\python.exe
2026-10-07 12:54:35,825:INFO:   machine: Windows-10-10.0.26200-SP0
2026-10-07 12:54:35,826:INFO:PyCaret required dependencies:
2026-10-07 12:54:35,826:INFO:                 pip: 26.2.1
2026-10-07 12:54:35,827:INFO:          setuptools: 65.5.0
2026-10-07 12:54:35,828:INFO:             pycaret: 3.3.2
2026-10-07 12:54:35,828:INFO:             IPython: 9.3.0
2026-10-07 12:54:35,828:INFO:          ipywidgets: 8.1.9
2026-10-07 12:54:35,829:INFO:                tqdm: 4.67.1
2026-10-07 12:54:35,829:INFO:               numpy: 1.26.4
2026-10-07 12:54:35,829:INFO:              pandas: 2.1.4
2026-10-07 12:54:35,829:INFO:              jinja2: 3.1.4
2026-10-07 12:54:35,830:INFO:               scipy: 1.11.4
2026-10-07 12:54:35,830:INFO:              joblib: 1.3.2
2026-10-07 12:54:35,831:INFO:             sklearn: 1.4.2
2026-10-07 12:54:35,831:INFO:                pyod: 3.4.0
2026-10-07 12:54:35,831:INFO:            imblearn: 0.13.0
2026-10-07 12:54:35,831:INFO:   category_encoders: 2.7.0
2026-10-07 12:54:35,831:INFO:            lightgbm: 4.6.0
2026-10-07 12:54:35,831:INFO:               numba: 0.68.0
2026-10-07 12:54:35,832:INFO:            requests: 2.32.3
2026-10-07 12:54:35,832:INFO:          matplotlib: 3.7.5
2026-10-07 12:54:35,832:INFO:          scikitplot: 0.3.7
2026-10-07 12:54:35,833:INFO:         yellowbrick: 1.5
2026-10-07 12:54:35,833:INFO:              plotly: 6.9.0
2026-10-07 12:54:35,833:INFO:    plotly-resampler: Not installed
2026-10-07 12:54:35,834:INFO:             kaleido: 1.5.0
2026-10-07 12:54:35,834:INFO:           schemdraw: 0.15
2026-10-07 12:54:35,834:INFO:         statsmodels: 0.15.0
2026-10-07 12:54:35,834:INFO:              sktime: 0.26.0
2026-10-07 12:54:35,834:INFO:               tbats: 1.1.3
2026-10-07 12:54:35,835:INFO:            pmdarima: 2.0.4
2026-10-07 12:54:35,835:INFO:              psutil: 7.0.0
2026-10-07 12:54:35,835:INFO:          markupsafe: 2.1.5
2026-10-07 12:54:35,835:INFO:             pickle5: Not installed
2026-10-07 12:54:35,836:INFO:         cloudpickle: 3.1.2
2026-10-07 12:54:35,836:INFO:         deprecation: 2.1.0
2026-10-07 12:54:35,836:INFO:              xxhash: 4.0.1
2026-10-07 12:54:35,836:INFO:           wurlitzer: Not installed
2026-10-07 12:54:35,836:INFO:PyCaret optional dependencies:
2026-10-07 12:54:35,836:INFO:                shap: Not installed
2026-10-07 12:54:35,836:INFO:           interpret: Not installed
2026-10-07 12:54:35,837:INFO:                umap: Not installed
2026-10-07 12:54:35,838:INFO:     ydata_profiling: Not installed
2026-10-07 12:54:35,838:INFO:  explainerdashboard: Not installed
2026-10-07 12:54:35,839:INFO:             autoviz: Not installed
2026-10-07 12:54:35,839:INFO:           fairlearn: Not installed
2026-10-07 12:54:35,839:INFO:          deepchecks: Not installed
2026-10-07 12:54:35,839:INFO:             xgboost: 3.1.2
2026-10-07 12:54:35,839:INFO:            catboost: Not installed
2026-10-07 12:54:35,839:INFO:              kmodes: Not installed
2026-10-07 12:54:35,840:INFO:             mlxtend: Not installed
2026-10-07 12:54:35,841:INFO:       statsforecast: Not installed
2026-10-07 12:54:35,841:INFO:        tune_sklearn: Not installed
2026-10-07 12:54:35,841:INFO:                 ray: Not installed
2026-10-07 12:54:35,841:INFO:            hyperopt: Not installed
2026-10-07 12:54:35,841:INFO:              optuna: Not installed
2026-10-07 12:54:35,841:INFO:               skopt: Not installed
2026-10-07 12:54:35,841:INFO:              mlflow: 3.17.0
2026-10-07 12:54:35,842:INFO:              gradio: Not installed
2026-10-07 12:54:35,842:INFO:             fastapi: 0.142.2
2026-10-07 12:54:35,842:INFO:             uvicorn: 0.54.0
2026-10-07 12:54:35,843:INFO:              m2cgen: Not installed
2026-10-07 12:54:35,843:INFO:           evidently: Not installed
2026-10-07 12:54:35,843:INFO:               fugue: Not installed
2026-10-07 12:54:35,844:INFO:           streamlit: Not installed
2026-10-07 12:54:35,844:INFO:             prophet: Not installed
2026-10-07 12:54:35,844:INFO:None
2026-10-07 12:54:35,845:INFO:Set up data.
2026-10-07 12:54:36,031:INFO:Set up folding strategy.
2026-10-07 12:54:36,032:INFO:Set up train/test split.
2026-10-07 12:54:36,115:INFO:Set up index.
2026-10-07 12:54:36,116:INFO:Assigning column types.
2026-10-07 12:54:36,158:INFO:Engine successfully changes for model 'lr' to 'sklearn'.
2026-10-07 12:54:36,158:INFO:Engine for model 'lasso' has not been set explicitly, hence returning None.
2026-10-07 12:54:36,164:INFO:Engine for model 'ridge' has not been set explicitly, hence returning None.
2026-10-07 12:54:36,169:INFO:Engine for model 'en' has not been set explicitly, hence returning None.
2026-10-07 12:54:36,258:INFO:Engine for model 'svm' has not been set explicitly, hence returning None.
2026-10-07 12:54:36,308:INFO:Engine for model 'knn' has not been set explicitly, hence returning None.
2026-10-07 12:54:36,310:INFO:Soft dependency imported: xgboost: 3.1.2
2026-10-07 12:54:36,312:WARNING:
'catboost' is a soft dependency and not included in the pycaret installation. Please run: `pip install catboost` to install.
Alternately, you can install this by running `pip install pycaret[models]`
2026-10-07 12:54:36,312:INFO:Engine for model 'lasso' has not been set explicitly, hence returning None.
2026-10-07 12:54:36,317:INFO:Engine for model 'ridge' has not been set explicitly, hence returning None.
2026-10-07 12:54:36,322:INFO:Engine for model 'en' has not been set explicitly, hence returning None.
2026-10-07 12:54:36,399:INFO:Engine for model 'svm' has not been set explicitly, hence returning None.
2026-10-07 12:54:36,439:INFO:Engine for model 'knn' has not been set explicitly, hence returning None.
2026-10-07 12:54:36,439:INFO:Soft dependency imported: xgboost: 3.1.2
2026-10-07 12:54:36,441:WARNING:
'catboost' is a soft dependency and not included in the pycaret installation. Please run: `pip install catboost` to install.
Alternately, you can install this by running `pip install pycaret[models]`
2026-10-07 12:54:36,442:INFO:Engine successfully changes for model 'lasso' to 'sklearn'.
2026-10-07 12:54:36,445:INFO:Engine for model 'ridge' has not been set explicitly, hence returning None.
2026-10-07 12:54:36,449:INFO:Engine for model 'en' has not been set explicitly, hence returning None.
2026-10-07 12:54:36,515:INFO:Engine for model 'svm' has not been set explicitly, hence returning None.
2026-10-07 12:54:36,557:INFO:Engine for model 'knn' has not been set explicitly, hence returning None.
2026-10-07 12:54:36,559:INFO:Soft dependency imported: xgboost: 3.1.2
2026-10-07 12:54:36,562:WARNING:
'catboost' is a soft dependency and not included in the pycaret installation. Please run: `pip install catboost` to install.
Alternately, you can install this by running `pip install pycaret[models]`
2026-10-07 12:54:36,568:INFO:Engine for model 'ridge' has not been set explicitly, hence returning None.
2026-10-07 12:54:36,572:INFO:Engine for model 'en' has not been set explicitly, hence returning None.
2026-10-07 12:54:36,642:INFO:Engine for model 'svm' has not been set explicitly, hence returning None.
2026-10-07 12:54:36,686:INFO:Engine for model 'knn' has not been set explicitly, hence returning None.
2026-10-07 12:54:36,686:INFO:Soft dependency imported: xgboost: 3.1.2
2026-10-07 12:54:36,690:WARNING:
'catboost' is a soft dependency and not included in the pycaret installation. Please run: `pip install catboost` to install.
Alternately, you can install this by running `pip install pycaret[models]`
2026-10-07 12:54:36,690:INFO:Engine successfully changes for model 'ridge' to 'sklearn'.
2026-10-07 12:54:36,701:INFO:Engine for model 'en' has not been set explicitly, hence returning None.
2026-10-07 12:54:36,821:INFO:Engine for model 'svm' has not been set explicitly, hence returning None.
2026-10-07 12:54:36,888:INFO:Engine for model 'knn' has not been set explicitly, hence returning None.
2026-10-07 12:54:36,889:INFO:Soft dependency imported: xgboost: 3.1.2
2026-10-07 12:54:36,895:WARNING:
'catboost' is a soft dependency and not included in the pycaret installation. Please run: `pip install catboost` to install.
Alternately, you can install this by running `pip install pycaret[models]`
2026-10-07 12:54:36,910:INFO:Engine for model 'en' has not been set explicitly, hence returning None.
2026-10-07 12:54:37,023:INFO:Engine for model 'svm' has not been set explicitly, hence returning None.
2026-10-07 12:54:37,076:INFO:Engine for model 'knn' has not been set explicitly, hence returning None.
2026-10-07 12:54:37,077:INFO:Soft dependency imported: xgboost: 3.1.2
2026-10-07 12:54:37,080:WARNING:
'catboost' is a soft dependency and not included in the pycaret installation. Please run: `pip install catboost` to install.
Alternately, you can install this by running `pip install pycaret[models]`
2026-10-07 12:54:37,081:INFO:Engine successfully changes for model 'en' to 'sklearn'.
2026-10-07 12:54:37,158:INFO:Engine for model 'svm' has not been set explicitly, hence returning None.
2026-10-07 12:54:37,197:INFO:Engine for model 'knn' has not been set explicitly, hence returning None.
2026-10-07 12:54:37,198:INFO:Soft dependency imported: xgboost: 3.1.2
2026-10-07 12:54:37,200:WARNING:
'catboost' is a soft dependency and not included in the pycaret installation. Please run: `pip install catboost` to install.
Alternately, you can install this by running `pip install pycaret[models]`
2026-10-07 12:54:37,298:INFO:Engine for model 'svm' has not been set explicitly, hence returning None.
2026-10-07 12:54:37,337:INFO:Engine for model 'knn' has not been set explicitly, hence returning None.
2026-10-07 12:54:37,338:INFO:Soft dependency imported: xgboost: 3.1.2
2026-10-07 12:54:37,341:WARNING:
'catboost' is a soft dependency and not included in the pycaret installation. Please run: `pip install catboost` to install.
Alternately, you can install this by running `pip install pycaret[models]`
2026-10-07 12:54:37,341:INFO:Engine successfully changes for model 'knn' to 'sklearn'.
2026-10-07 12:54:37,425:INFO:Engine for model 'svm' has not been set explicitly, hence returning None.
2026-10-07 12:54:37,471:INFO:Soft dependency imported: xgboost: 3.1.2
2026-10-07 12:54:37,473:WARNING:
'catboost' is a soft dependency and not included in the pycaret installation. Please run: `pip install catboost` to install.
Alternately, you can install this by running `pip install pycaret[models]`
2026-10-07 12:54:37,553:INFO:Engine for model 'svm' has not been set explicitly, hence returning None.
2026-10-07 12:54:37,587:INFO:Soft dependency imported: xgboost: 3.1.2
2026-10-07 12:54:37,590:WARNING:
'catboost' is a soft dependency and not included in the pycaret installation. Please run: `pip install catboost` to install.
Alternately, you can install this by running `pip install pycaret[models]`
2026-10-07 12:54:37,590:INFO:Engine successfully changes for model 'svm' to 'sklearn'.
2026-10-07 12:54:37,704:INFO:Soft dependency imported: xgboost: 3.1.2
2026-10-07 12:54:37,707:WARNING:
'catboost' is a soft dependency and not included in the pycaret installation. Please run: `pip install catboost` to install.
Alternately, you can install this by running `pip install pycaret[models]`
2026-10-07 12:54:37,809:INFO:Soft dependency imported: xgboost: 3.1.2
2026-10-07 12:54:37,811:WARNING:
'catboost' is a soft dependency and not included in the pycaret installation. Please run: `pip install catboost` to install.
Alternately, you can install this by running `pip install pycaret[models]`
2026-10-07 12:54:37,815:INFO:Preparing preprocessing pipeline...
2026-10-07 12:54:37,815:INFO:Set up simple imputation.
2026-10-07 12:54:37,828:INFO:Set up encoding of ordinal features.
2026-10-07 12:54:37,841:INFO:Set up encoding of categorical features.
2026-10-07 12:54:38,135:INFO:Finished creating preprocessing pipeline.
2026-10-07 12:54:38,156:INFO:Pipeline: Pipeline(memory=FastMemory(location=C:\Users\bordasm\AppData\Local\Temp\joblib),
         steps=[('numerical_imputer',
                 TransformerWrapper(include=['harvest_calendar_year',
                                             'harvest_month',
                                             'farm_size_hectares',
                                             'tree_age_years',
                                             'altitude_mean_meters',
                                             'avg_temp_c',
                                             'avg_annual_rainfall_mm',
                                             'humidity_pct',
                                             'drying_duration_days',
                                             'storage_months',
                                             'bean_size_screen', '...
                                             'processing_method',
                                             'drying_method',
                                             'traceability_level',
                                             'certification',
                                             'intended_buyer_segment',
                                             'roast_level'],
                                    transformer=OneHotEncoder(cols=['harvest_season',
                                                                    'country_of_origin',
                                                                    'farm_type',
                                                                    'processing_method',
                                                                    'drying_method',
                                                                    'traceability_level',
                                                                    'certification',
                                                                    'intended_buyer_segment',
                                                                    'roast_level'],
                                                              handle_missing='return_nan',
                                                              use_cat_names=True)))])
2026-10-07 12:54:38,156:INFO:Creating final display dataframe.
2026-10-07 12:54:39,043:INFO:Setup _display_container:                     Description                 Value
0                    Session id                     3
1                        Target  coffee_quality_score
2                   Target type            Regression
3           Original data shape           (35700, 36)
4        Transformed data shape           (35700, 60)
5   Transformed train set shape           (28560, 60)
6    Transformed test set shape            (7140, 60)
7               Ignore features                     4
8              Numeric features                    20
9          Categorical features                    11
10     Rows with missing values                 66.4%
11                   Preprocess                  True
12              Imputation type                simple
13           Numeric imputation                  mean
14       Categorical imputation                  mode
15     Maximum one-hot encoding                    25
16              Encoding method                  None
17               Fold Generator                 KFold
18                  Fold Number                    10
19                     CPU Jobs                    -1
20                      Use GPU                 False
21               Log Experiment                 False
22              Experiment Name      reg-default-name
23                          USI                  baba
2026-10-07 12:54:39,141:INFO:Soft dependency imported: xgboost: 3.1.2
2026-10-07 12:54:39,144:WARNING:
'catboost' is a soft dependency and not included in the pycaret installation. Please run: `pip install catboost` to install.
Alternately, you can install this by running `pip install pycaret[models]`
2026-10-07 12:54:39,240:INFO:Soft dependency imported: xgboost: 3.1.2
2026-10-07 12:54:39,243:WARNING:
'catboost' is a soft dependency and not included in the pycaret installation. Please run: `pip install catboost` to install.
Alternately, you can install this by running `pip install pycaret[models]`
2026-10-07 12:54:39,243:INFO:setup() successfully completed in 3.56s...............
2026-10-07 12:54:39,244:INFO:Initializing create_model()
2026-10-07 12:54:39,244:INFO:create_model(self=<pycaret.regression.oop.RegressionExperiment object at 0x000001C4019E0950>, estimator=lightgbm, fold=3, round=4, cross_validation=True, predict=True, fit_kwargs=None, groups=None, refit=True, probability_threshold=None, experiment_custom_tags=None, verbose=True, system=True, add_to_model_list=True, metrics=None, display=None, model_only=True, return_train_score=False, error_score=0.0, kwargs={})
2026-10-07 12:54:39,244:INFO:Checking exceptions
2026-10-07 12:54:39,245:INFO:Importing libraries
2026-10-07 12:54:39,245:INFO:Copying training dataset
2026-10-07 12:54:39,270:INFO:Defining folds
2026-10-07 12:54:39,270:INFO:Declaring metric variables
2026-10-07 12:54:39,271:INFO:Importing untrained model
2026-10-07 12:54:39,271:INFO:Light Gradient Boosting Machine Imported successfully
2026-10-07 12:54:39,271:INFO:Starting cross validation
2026-10-07 12:54:39,273:INFO:Cross validating with KFold(n_splits=3, random_state=None, shuffle=False), n_jobs=-1
2026-10-07 12:54:48,133:WARNING:C:\Users\bordasm\.venv\Lib\site-packages\_distutils_hack\__init__.py:33: UserWarning: Setuptools is replacing distutils.
  warnings.warn("Setuptools is replacing distutils.")

2026-10-07 12:54:48,367:WARNING:C:\Users\bordasm\.venv\Lib\site-packages\_distutils_hack\__init__.py:33: UserWarning: Setuptools is replacing distutils.
  warnings.warn("Setuptools is replacing distutils.")

2026-10-07 12:54:48,413:WARNING:C:\Users\bordasm\.venv\Lib\site-packages\_distutils_hack\__init__.py:33: UserWarning: Setuptools is replacing distutils.
  warnings.warn("Setuptools is replacing distutils.")

2026-10-07 12:54:51,146:INFO:Calculating mean and std
2026-10-07 12:54:51,147:INFO:Creating metrics dataframe
2026-10-07 12:54:51,151:INFO:Finalizing model
2026-10-07 12:54:51,785:INFO:[LightGBM] [Warning] Found whitespace in feature_names, replace with underlines
2026-10-07 12:54:51,790:INFO:[LightGBM] [Info] Auto-choosing col-wise multi-threading, the overhead of testing was 0.002248 seconds.
2026-10-07 12:54:51,790:INFO:You can set `force_col_wise=true` to remove the overhead.
2026-10-07 12:54:51,791:INFO:[LightGBM] [Info] Total Bins 3775
2026-10-07 12:54:51,792:INFO:[LightGBM] [Info] Number of data points in the train set: 28560, number of used features: 59
2026-10-07 12:54:51,792:INFO:[LightGBM] [Info] Start training from score 77.599149
2026-10-07 12:54:52,073:INFO:Uploading results into container
2026-10-07 12:54:52,075:INFO:Uploading model into container now
2026-10-07 12:54:52,084:INFO:_master_model_container: 1
2026-10-07 12:54:52,084:INFO:_display_container: 2
2026-10-07 12:54:52,085:INFO:LGBMRegressor(n_jobs=-1, random_state=3)
2026-10-07 12:54:52,085:INFO:create_model() successfully completed......................................
2026-10-07 12:54:52,767:INFO:PyCaret RegressionExperiment
2026-10-07 12:54:52,767:INFO:Logging name: reg-default-name
2026-10-07 12:54:52,767:INFO:ML Usecase: MLUsecase.REGRESSION
2026-10-07 12:54:52,767:INFO:version 3.3.2
2026-10-07 12:54:52,767:INFO:Initializing setup()
2026-10-07 12:54:52,767:INFO:self.USI: 1870
2026-10-07 12:54:52,767:INFO:self._variable_keys: {'gpu_n_jobs_param', 'USI', 'fold_groups_param', 'y_train', 'exp_name_log', 'transform_target_param', 'log_plots_param', 'idx', 'html_param', 'y', 'data', 'pipeline', 'X', 'gpu_param', 'exp_id', 'y_test', 'memory', 'seed', 'logging_param', 'fold_shuffle_param', '_available_plots', 'n_jobs_param', 'target_param', 'fold_generator', '_ml_usecase', 'X_train', 'X_test'}
2026-10-07 12:54:52,768:INFO:Checking environment
2026-10-07 12:54:52,768:INFO:python_version: 3.11.9
2026-10-07 12:54:52,768:INFO:python_build: ('tags/v3.11.9:de54cf5', 'Apr  2 2024 10:12:12')
2026-10-07 12:54:52,768:INFO:machine: AMD64
2026-10-07 12:54:52,769:INFO:platform: Windows-10-10.0.26200-SP0
2026-10-07 12:54:52,770:INFO:Memory: svmem(total=16868499456, available=4172472320, percent=75.3, used=12696027136, free=4172472320)
2026-10-07 12:54:52,771:INFO:Physical Core: 8
2026-10-07 12:54:52,771:INFO:Logical Core: 16
2026-10-07 12:54:52,771:INFO:Checking libraries
2026-10-07 12:54:52,771:INFO:System:
2026-10-07 12:54:52,772:INFO:    python: 3.11.9 (tags/v3.11.9:de54cf5, Apr  2 2024, 10:12:12) [MSC v.1938 64 bit (AMD64)]
2026-10-07 12:54:52,772:INFO:executable: C:\Users\bordasm\.venv\Scripts\python.exe
2026-10-07 12:54:52,772:INFO:   machine: Windows-10-10.0.26200-SP0
2026-10-07 12:54:52,772:INFO:PyCaret required dependencies:
2026-10-07 12:54:52,772:INFO:                 pip: 26.2.1
2026-10-07 12:54:52,773:INFO:          setuptools: 65.5.0
2026-10-07 12:54:52,773:INFO:             pycaret: 3.3.2
2026-10-07 12:54:52,774:INFO:             IPython: 9.3.0
2026-10-07 12:54:52,775:INFO:          ipywidgets: 8.1.9
2026-10-07 12:54:52,775:INFO:                tqdm: 4.67.1
2026-10-07 12:54:52,776:INFO:               numpy: 1.26.4
2026-10-07 12:54:52,776:INFO:              pandas: 2.1.4
2026-10-07 12:54:52,777:INFO:              jinja2: 3.1.4
2026-10-07 12:54:52,778:INFO:               scipy: 1.11.4
2026-10-07 12:54:52,778:INFO:              joblib: 1.3.2
2026-10-07 12:54:52,778:INFO:             sklearn: 1.4.2
2026-10-07 12:54:52,778:INFO:                pyod: 3.4.0
2026-10-07 12:54:52,779:INFO:            imblearn: 0.13.0
2026-10-07 12:54:52,779:INFO:   category_encoders: 2.7.0
2026-10-07 12:54:52,780:INFO:            lightgbm: 4.6.0
2026-10-07 12:54:52,781:INFO:               numba: 0.68.0
2026-10-07 12:54:52,781:INFO:            requests: 2.32.3
2026-10-07 12:54:52,781:INFO:          matplotlib: 3.7.5
2026-10-07 12:54:52,781:INFO:          scikitplot: 0.3.7
2026-10-07 12:54:52,781:INFO:         yellowbrick: 1.5
2026-10-07 12:54:52,781:INFO:              plotly: 6.9.0
2026-10-07 12:54:52,781:INFO:    plotly-resampler: Not installed
2026-10-07 12:54:52,781:INFO:             kaleido: 1.5.0
2026-10-07 12:54:52,781:INFO:           schemdraw: 0.15
2026-10-07 12:54:52,781:INFO:         statsmodels: 0.15.0
2026-10-07 12:54:52,781:INFO:              sktime: 0.26.0
2026-10-07 12:54:52,782:INFO:               tbats: 1.1.3
2026-10-07 12:54:52,782:INFO:            pmdarima: 2.0.4
2026-10-07 12:54:52,782:INFO:              psutil: 7.0.0
2026-10-07 12:54:52,783:INFO:          markupsafe: 2.1.5
2026-10-07 12:54:52,783:INFO:             pickle5: Not installed
2026-10-07 12:54:52,783:INFO:         cloudpickle: 3.1.2
2026-10-07 12:54:52,783:INFO:         deprecation: 2.1.0
2026-10-07 12:54:52,783:INFO:              xxhash: 4.0.1
2026-10-07 12:54:52,784:INFO:           wurlitzer: Not installed
2026-10-07 12:54:52,784:INFO:PyCaret optional dependencies:
2026-10-07 12:54:52,784:INFO:                shap: Not installed
2026-10-07 12:54:52,785:INFO:           interpret: Not installed
2026-10-07 12:54:52,786:INFO:                umap: Not installed
2026-10-07 12:54:52,786:INFO:     ydata_profiling: Not installed
2026-10-07 12:54:52,786:INFO:  explainerdashboard: Not installed
2026-10-07 12:54:52,787:INFO:             autoviz: Not installed
2026-10-07 12:54:52,788:INFO:           fairlearn: Not installed
2026-10-07 12:54:52,788:INFO:          deepchecks: Not installed
2026-10-07 12:54:52,788:INFO:             xgboost: 3.1.2
2026-10-07 12:54:52,789:INFO:            catboost: Not installed
2026-10-07 12:54:52,789:INFO:              kmodes: Not installed
2026-10-07 12:54:52,790:INFO:             mlxtend: Not installed
2026-10-07 12:54:52,790:INFO:       statsforecast: Not installed
2026-10-07 12:54:52,791:INFO:        tune_sklearn: Not installed
2026-10-07 12:54:52,791:INFO:                 ray: Not installed
2026-10-07 12:54:52,792:INFO:            hyperopt: Not installed
2026-10-07 12:54:52,793:INFO:              optuna: Not installed
2026-10-07 12:54:52,793:INFO:               skopt: Not installed
2026-10-07 12:54:52,794:INFO:              mlflow: 3.17.0
2026-10-07 12:54:52,795:INFO:              gradio: Not installed
2026-10-07 12:54:52,795:INFO:             fastapi: 0.142.2
2026-10-07 12:54:52,795:INFO:             uvicorn: 0.54.0
2026-10-07 12:54:52,795:INFO:              m2cgen: Not installed
2026-10-07 12:54:52,795:INFO:           evidently: Not installed
2026-10-07 12:54:52,796:INFO:               fugue: Not installed
2026-10-07 12:54:52,796:INFO:           streamlit: Not installed
2026-10-07 12:54:52,797:INFO:             prophet: Not installed
2026-10-07 12:54:52,797:INFO:None
2026-10-07 12:54:52,797:INFO:Set up data.
2026-10-07 12:54:52,921:INFO:Set up folding strategy.
2026-10-07 12:54:52,922:INFO:Set up train/test split.
2026-10-07 12:54:52,972:INFO:Set up index.
2026-10-07 12:54:52,973:INFO:Assigning column types.
2026-10-07 12:54:52,990:INFO:Engine successfully changes for model 'lr' to 'sklearn'.
2026-10-07 12:54:52,990:INFO:Engine for model 'lasso' has not been set explicitly, hence returning None.
2026-10-07 12:54:52,993:INFO:Engine for model 'ridge' has not been set explicitly, hence returning None.
2026-10-07 12:54:52,997:INFO:Engine for model 'en' has not been set explicitly, hence returning None.
2026-10-07 12:54:53,061:INFO:Engine for model 'svm' has not been set explicitly, hence returning None.
2026-10-07 12:54:53,095:INFO:Engine for model 'knn' has not been set explicitly, hence returning None.
2026-10-07 12:54:53,096:INFO:Soft dependency imported: xgboost: 3.1.2
2026-10-07 12:54:53,098:WARNING:
'catboost' is a soft dependency and not included in the pycaret installation. Please run: `pip install catboost` to install.
Alternately, you can install this by running `pip install pycaret[models]`
2026-10-07 12:54:53,099:INFO:Engine for model 'lasso' has not been set explicitly, hence returning None.
2026-10-07 12:54:53,102:INFO:Engine for model 'ridge' has not been set explicitly, hence returning None.
2026-10-07 12:54:53,106:INFO:Engine for model 'en' has not been set explicitly, hence returning None.
2026-10-07 12:54:53,163:INFO:Engine for model 'svm' has not been set explicitly, hence returning None.
2026-10-07 12:54:53,200:INFO:Engine for model 'knn' has not been set explicitly, hence returning None.
2026-10-07 12:54:53,201:INFO:Soft dependency imported: xgboost: 3.1.2
2026-10-07 12:54:53,204:WARNING:
'catboost' is a soft dependency and not included in the pycaret installation. Please run: `pip install catboost` to install.
Alternately, you can install this by running `pip install pycaret[models]`
2026-10-07 12:54:53,204:INFO:Engine successfully changes for model 'lasso' to 'sklearn'.
2026-10-07 12:54:53,207:INFO:Engine for model 'ridge' has not been set explicitly, hence returning None.
2026-10-07 12:54:53,211:INFO:Engine for model 'en' has not been set explicitly, hence returning None.
2026-10-07 12:54:53,266:INFO:Engine for model 'svm' has not been set explicitly, hence returning None.
2026-10-07 12:54:53,300:INFO:Engine for model 'knn' has not been set explicitly, hence returning None.
2026-10-07 12:54:53,300:INFO:Soft dependency imported: xgboost: 3.1.2
2026-10-07 12:54:53,302:WARNING:
'catboost' is a soft dependency and not included in the pycaret installation. Please run: `pip install catboost` to install.
Alternately, you can install this by running `pip install pycaret[models]`
2026-10-07 12:54:53,306:INFO:Engine for model 'ridge' has not been set explicitly, hence returning None.
2026-10-07 12:54:53,310:INFO:Engine for model 'en' has not been set explicitly, hence returning None.
2026-10-07 12:54:53,366:INFO:Engine for model 'svm' has not been set explicitly, hence returning None.
2026-10-07 12:54:53,401:INFO:Engine for model 'knn' has not been set explicitly, hence returning None.
2026-10-07 12:54:53,401:INFO:Soft dependency imported: xgboost: 3.1.2
2026-10-07 12:54:53,403:WARNING:
'catboost' is a soft dependency and not included in the pycaret installation. Please run: `pip install catboost` to install.
Alternately, you can install this by running `pip install pycaret[models]`
2026-10-07 12:54:53,403:INFO:Engine successfully changes for model 'ridge' to 'sklearn'.
2026-10-07 12:54:53,410:INFO:Engine for model 'en' has not been set explicitly, hence returning None.
2026-10-07 12:54:53,471:INFO:Engine for model 'svm' has not been set explicitly, hence returning None.
2026-10-07 12:54:53,502:INFO:Engine for model 'knn' has not been set explicitly, hence returning None.
2026-10-07 12:54:53,502:INFO:Soft dependency imported: xgboost: 3.1.2
2026-10-07 12:54:53,504:WARNING:
'catboost' is a soft dependency and not included in the pycaret installation. Please run: `pip install catboost` to install.
Alternately, you can install this by running `pip install pycaret[models]`
2026-10-07 12:54:53,512:INFO:Engine for model 'en' has not been set explicitly, hence returning None.
2026-10-07 12:54:53,567:INFO:Engine for model 'svm' has not been set explicitly, hence returning None.
2026-10-07 12:54:53,598:INFO:Engine for model 'knn' has not been set explicitly, hence returning None.
2026-10-07 12:54:53,599:INFO:Soft dependency imported: xgboost: 3.1.2
2026-10-07 12:54:53,601:WARNING:
'catboost' is a soft dependency and not included in the pycaret installation. Please run: `pip install catboost` to install.
Alternately, you can install this by running `pip install pycaret[models]`
2026-10-07 12:54:53,602:INFO:Engine successfully changes for model 'en' to 'sklearn'.
2026-10-07 12:54:53,671:INFO:Engine for model 'svm' has not been set explicitly, hence returning None.
2026-10-07 12:54:53,703:INFO:Engine for model 'knn' has not been set explicitly, hence returning None.
2026-10-07 12:54:53,704:INFO:Soft dependency imported: xgboost: 3.1.2
2026-10-07 12:54:53,705:WARNING:
'catboost' is a soft dependency and not included in the pycaret installation. Please run: `pip install catboost` to install.
Alternately, you can install this by running `pip install pycaret[models]`
2026-10-07 12:54:53,766:INFO:Engine for model 'svm' has not been set explicitly, hence returning None.
2026-10-07 12:54:53,799:INFO:Engine for model 'knn' has not been set explicitly, hence returning None.
2026-10-07 12:54:53,800:INFO:Soft dependency imported: xgboost: 3.1.2
2026-10-07 12:54:53,802:WARNING:
'catboost' is a soft dependency and not included in the pycaret installation. Please run: `pip install catboost` to install.
Alternately, you can install this by running `pip install pycaret[models]`
2026-10-07 12:54:53,802:INFO:Engine successfully changes for model 'knn' to 'sklearn'.
2026-10-07 12:54:53,865:INFO:Engine for model 'svm' has not been set explicitly, hence returning None.
2026-10-07 12:54:53,898:INFO:Soft dependency imported: xgboost: 3.1.2
2026-10-07 12:54:53,901:WARNING:
'catboost' is a soft dependency and not included in the pycaret installation. Please run: `pip install catboost` to install.
Alternately, you can install this by running `pip install pycaret[models]`
2026-10-07 12:54:53,974:INFO:Engine for model 'svm' has not been set explicitly, hence returning None.
2026-10-07 12:54:54,012:INFO:Soft dependency imported: xgboost: 3.1.2
2026-10-07 12:54:54,015:WARNING:
'catboost' is a soft dependency and not included in the pycaret installation. Please run: `pip install catboost` to install.
Alternately, you can install this by running `pip install pycaret[models]`
2026-10-07 12:54:54,015:INFO:Engine successfully changes for model 'svm' to 'sklearn'.
2026-10-07 12:54:54,116:INFO:Soft dependency imported: xgboost: 3.1.2
2026-10-07 12:54:54,119:WARNING:
'catboost' is a soft dependency and not included in the pycaret installation. Please run: `pip install catboost` to install.
Alternately, you can install this by running `pip install pycaret[models]`
2026-10-07 12:54:54,217:INFO:Soft dependency imported: xgboost: 3.1.2
2026-10-07 12:54:54,219:WARNING:
'catboost' is a soft dependency and not included in the pycaret installation. Please run: `pip install catboost` to install.
Alternately, you can install this by running `pip install pycaret[models]`
2026-10-07 12:54:54,220:INFO:Preparing preprocessing pipeline...
2026-10-07 12:54:54,220:INFO:Set up simple imputation.
2026-10-07 12:54:54,231:INFO:Set up encoding of ordinal features.
2026-10-07 12:54:54,241:INFO:Set up encoding of categorical features.
2026-10-07 12:54:54,501:INFO:Finished creating preprocessing pipeline.
2026-10-07 12:54:54,526:INFO:Pipeline: Pipeline(memory=FastMemory(location=C:\Users\bordasm\AppData\Local\Temp\joblib),
         steps=[('numerical_imputer',
                 TransformerWrapper(include=['harvest_calendar_year',
                                             'harvest_month',
                                             'farm_size_hectares',
                                             'tree_age_years',
                                             'altitude_mean_meters',
                                             'avg_temp_c',
                                             'avg_annual_rainfall_mm',
                                             'humidity_pct',
                                             'drying_duration_days',
                                             'storage_months',
                                             'bean_size_screen', '...
                                             'processing_method',
                                             'drying_method',
                                             'traceability_level',
                                             'certification',
                                             'intended_buyer_segment',
                                             'roast_level'],
                                    transformer=OneHotEncoder(cols=['harvest_season',
                                                                    'country_of_origin',
                                                                    'farm_type',
                                                                    'processing_method',
                                                                    'drying_method',
                                                                    'traceability_level',
                                                                    'certification',
                                                                    'intended_buyer_segment',
                                                                    'roast_level'],
                                                              handle_missing='return_nan',
                                                              use_cat_names=True)))])
2026-10-07 12:54:54,526:INFO:Creating final display dataframe.
2026-10-07 12:54:55,352:INFO:Setup _display_container:                     Description                 Value
0                    Session id                     4
1                        Target  coffee_quality_score
2                   Target type            Regression
3           Original data shape           (35700, 36)
4        Transformed data shape           (35700, 60)
5   Transformed train set shape           (28560, 60)
6    Transformed test set shape            (7140, 60)
7               Ignore features                     4
8              Numeric features                    20
9          Categorical features                    11
10     Rows with missing values                 66.4%
11                   Preprocess                  True
12              Imputation type                simple
13           Numeric imputation                  mean
14       Categorical imputation                  mode
15     Maximum one-hot encoding                    25
16              Encoding method                  None
17               Fold Generator                 KFold
18                  Fold Number                    10
19                     CPU Jobs                    -1
20                      Use GPU                 False
21               Log Experiment                 False
22              Experiment Name      reg-default-name
23                          USI                  1870
2026-10-07 12:54:55,448:INFO:Soft dependency imported: xgboost: 3.1.2
2026-10-07 12:54:55,451:WARNING:
'catboost' is a soft dependency and not included in the pycaret installation. Please run: `pip install catboost` to install.
Alternately, you can install this by running `pip install pycaret[models]`
2026-10-07 12:54:55,546:INFO:Soft dependency imported: xgboost: 3.1.2
2026-10-07 12:54:55,549:WARNING:
'catboost' is a soft dependency and not included in the pycaret installation. Please run: `pip install catboost` to install.
Alternately, you can install this by running `pip install pycaret[models]`
2026-10-07 12:54:55,550:INFO:setup() successfully completed in 2.89s...............
2026-10-07 12:54:55,550:INFO:Initializing create_model()
2026-10-07 12:54:55,550:INFO:create_model(self=<pycaret.regression.oop.RegressionExperiment object at 0x000001C40138C650>, estimator=lightgbm, fold=3, round=4, cross_validation=True, predict=True, fit_kwargs=None, groups=None, refit=True, probability_threshold=None, experiment_custom_tags=None, verbose=True, system=True, add_to_model_list=True, metrics=None, display=None, model_only=True, return_train_score=False, error_score=0.0, kwargs={})
2026-10-07 12:54:55,550:INFO:Checking exceptions
2026-10-07 12:54:55,551:INFO:Importing libraries
2026-10-07 12:54:55,552:INFO:Copying training dataset
2026-10-07 12:54:55,573:INFO:Defining folds
2026-10-07 12:54:55,573:INFO:Declaring metric variables
2026-10-07 12:54:55,573:INFO:Importing untrained model
2026-10-07 12:54:55,573:INFO:Light Gradient Boosting Machine Imported successfully
2026-10-07 12:54:55,574:INFO:Starting cross validation
2026-10-07 12:54:55,575:INFO:Cross validating with KFold(n_splits=3, random_state=None, shuffle=False), n_jobs=-1
2026-10-07 12:55:04,941:WARNING:C:\Users\bordasm\.venv\Lib\site-packages\_distutils_hack\__init__.py:33: UserWarning: Setuptools is replacing distutils.
  warnings.warn("Setuptools is replacing distutils.")

2026-10-07 12:55:05,038:WARNING:C:\Users\bordasm\.venv\Lib\site-packages\_distutils_hack\__init__.py:33: UserWarning: Setuptools is replacing distutils.
  warnings.warn("Setuptools is replacing distutils.")

2026-10-07 12:55:05,074:WARNING:C:\Users\bordasm\.venv\Lib\site-packages\_distutils_hack\__init__.py:33: UserWarning: Setuptools is replacing distutils.
  warnings.warn("Setuptools is replacing distutils.")

2026-10-07 12:55:06,745:INFO:Calculating mean and std
2026-10-07 12:55:06,746:INFO:Creating metrics dataframe
2026-10-07 12:55:06,751:INFO:Finalizing model
2026-10-07 12:55:07,305:INFO:[LightGBM] [Warning] Found whitespace in feature_names, replace with underlines
2026-10-07 12:55:07,309:INFO:[LightGBM] [Info] Auto-choosing col-wise multi-threading, the overhead of testing was 0.001910 seconds.
2026-10-07 12:55:07,309:INFO:You can set `force_col_wise=true` to remove the overhead.
2026-10-07 12:55:07,310:INFO:[LightGBM] [Info] Total Bins 3774
2026-10-07 12:55:07,310:INFO:[LightGBM] [Info] Number of data points in the train set: 28560, number of used features: 59
2026-10-07 12:55:07,311:INFO:[LightGBM] [Info] Start training from score 77.598721
2026-10-07 12:55:07,576:INFO:Uploading results into container
2026-10-07 12:55:07,577:INFO:Uploading model into container now
2026-10-07 12:55:07,587:INFO:_master_model_container: 1
2026-10-07 12:55:07,588:INFO:_display_container: 2
2026-10-07 12:55:07,588:INFO:LGBMRegressor(n_jobs=-1, random_state=4)
2026-10-07 12:55:07,588:INFO:create_model() successfully completed......................................
2026-10-07 12:55:08,154:INFO:PyCaret RegressionExperiment
2026-10-07 12:55:08,155:INFO:Logging name: reg-default-name
2026-10-07 12:55:08,155:INFO:ML Usecase: MLUsecase.REGRESSION
2026-10-07 12:55:08,155:INFO:version 3.3.2
2026-10-07 12:55:08,155:INFO:Initializing setup()
2026-10-07 12:55:08,155:INFO:self.USI: e925
2026-10-07 12:55:08,155:INFO:self._variable_keys: {'gpu_n_jobs_param', 'USI', 'fold_groups_param', 'y_train', 'exp_name_log', 'transform_target_param', 'log_plots_param', 'idx', 'html_param', 'y', 'data', 'pipeline', 'X', 'gpu_param', 'exp_id', 'y_test', 'memory', 'seed', 'logging_param', 'fold_shuffle_param', '_available_plots', 'n_jobs_param', 'target_param', 'fold_generator', '_ml_usecase', 'X_train', 'X_test'}
2026-10-07 12:55:08,155:INFO:Checking environment
2026-10-07 12:55:08,155:INFO:python_version: 3.11.9
2026-10-07 12:55:08,155:INFO:python_build: ('tags/v3.11.9:de54cf5', 'Apr  2 2024 10:12:12')
2026-10-07 12:55:08,155:INFO:machine: AMD64
2026-10-07 12:55:08,155:INFO:platform: Windows-10-10.0.26200-SP0
2026-10-07 12:55:08,156:INFO:Memory: svmem(total=16868499456, available=3821510656, percent=77.3, used=13046988800, free=3821510656)
2026-10-07 12:55:08,156:INFO:Physical Core: 8
2026-10-07 12:55:08,156:INFO:Logical Core: 16
2026-10-07 12:55:08,156:INFO:Checking libraries
2026-10-07 12:55:08,156:INFO:System:
2026-10-07 12:55:08,156:INFO:    python: 3.11.9 (tags/v3.11.9:de54cf5, Apr  2 2024, 10:12:12) [MSC v.1938 64 bit (AMD64)]
2026-10-07 12:55:08,156:INFO:executable: C:\Users\bordasm\.venv\Scripts\python.exe
2026-10-07 12:55:08,156:INFO:   machine: Windows-10-10.0.26200-SP0
2026-10-07 12:55:08,156:INFO:PyCaret required dependencies:
2026-10-07 12:55:08,156:INFO:                 pip: 26.2.1
2026-10-07 12:55:08,156:INFO:          setuptools: 65.5.0
2026-10-07 12:55:08,156:INFO:             pycaret: 3.3.2
2026-10-07 12:55:08,156:INFO:             IPython: 9.3.0
2026-10-07 12:55:08,156:INFO:          ipywidgets: 8.1.9
2026-10-07 12:55:08,156:INFO:                tqdm: 4.67.1
2026-10-07 12:55:08,156:INFO:               numpy: 1.26.4
2026-10-07 12:55:08,156:INFO:              pandas: 2.1.4
2026-10-07 12:55:08,157:INFO:              jinja2: 3.1.4
2026-10-07 12:55:08,157:INFO:               scipy: 1.11.4
2026-10-07 12:55:08,157:INFO:              joblib: 1.3.2
2026-10-07 12:55:08,157:INFO:             sklearn: 1.4.2
2026-10-07 12:55:08,157:INFO:                pyod: 3.4.0
2026-10-07 12:55:08,157:INFO:            imblearn: 0.13.0
2026-10-07 12:55:08,157:INFO:   category_encoders: 2.7.0
2026-10-07 12:55:08,157:INFO:            lightgbm: 4.6.0
2026-10-07 12:55:08,158:INFO:               numba: 0.68.0
2026-10-07 12:55:08,158:INFO:            requests: 2.32.3
2026-10-07 12:55:08,158:INFO:          matplotlib: 3.7.5
2026-10-07 12:55:08,159:INFO:          scikitplot: 0.3.7
2026-10-07 12:55:08,159:INFO:         yellowbrick: 1.5
2026-10-07 12:55:08,159:INFO:              plotly: 6.9.0
2026-10-07 12:55:08,160:INFO:    plotly-resampler: Not installed
2026-10-07 12:55:08,160:INFO:             kaleido: 1.5.0
2026-10-07 12:55:08,160:INFO:           schemdraw: 0.15
2026-10-07 12:55:08,161:INFO:         statsmodels: 0.15.0
2026-10-07 12:55:08,161:INFO:              sktime: 0.26.0
2026-10-07 12:55:08,161:INFO:               tbats: 1.1.3
2026-10-07 12:55:08,162:INFO:            pmdarima: 2.0.4
2026-10-07 12:55:08,162:INFO:              psutil: 7.0.0
2026-10-07 12:55:08,163:INFO:          markupsafe: 2.1.5
2026-10-07 12:55:08,164:INFO:             pickle5: Not installed
2026-10-07 12:55:08,164:INFO:         cloudpickle: 3.1.2
2026-10-07 12:55:08,164:INFO:         deprecation: 2.1.0
2026-10-07 12:55:08,164:INFO:              xxhash: 4.0.1
2026-10-07 12:55:08,165:INFO:           wurlitzer: Not installed
2026-10-07 12:55:08,166:INFO:PyCaret optional dependencies:
2026-10-07 12:55:08,166:INFO:                shap: Not installed
2026-10-07 12:55:08,166:INFO:           interpret: Not installed
2026-10-07 12:55:08,167:INFO:                umap: Not installed
2026-10-07 12:55:08,168:INFO:     ydata_profiling: Not installed
2026-10-07 12:55:08,168:INFO:  explainerdashboard: Not installed
2026-10-07 12:55:08,168:INFO:             autoviz: Not installed
2026-10-07 12:55:08,168:INFO:           fairlearn: Not installed
2026-10-07 12:55:08,168:INFO:          deepchecks: Not installed
2026-10-07 12:55:08,168:INFO:             xgboost: 3.1.2
2026-10-07 12:55:08,169:INFO:            catboost: Not installed
2026-10-07 12:55:08,170:INFO:              kmodes: Not installed
2026-10-07 12:55:08,171:INFO:             mlxtend: Not installed
2026-10-07 12:55:08,172:INFO:       statsforecast: Not installed
2026-10-07 12:55:08,172:INFO:        tune_sklearn: Not installed
2026-10-07 12:55:08,172:INFO:                 ray: Not installed
2026-10-07 12:55:08,172:INFO:            hyperopt: Not installed
2026-10-07 12:55:08,173:INFO:              optuna: Not installed
2026-10-07 12:55:08,173:INFO:               skopt: Not installed
2026-10-07 12:55:08,174:INFO:              mlflow: 3.17.0
2026-10-07 12:55:08,175:INFO:              gradio: Not installed
2026-10-07 12:55:08,175:INFO:             fastapi: 0.142.2
2026-10-07 12:55:08,175:INFO:             uvicorn: 0.54.0
2026-10-07 12:55:08,176:INFO:              m2cgen: Not installed
2026-10-07 12:55:08,176:INFO:           evidently: Not installed
2026-10-07 12:55:08,177:INFO:               fugue: Not installed
2026-10-07 12:55:08,177:INFO:           streamlit: Not installed
2026-10-07 12:55:08,177:INFO:             prophet: Not installed
2026-10-07 12:55:08,178:INFO:None
2026-10-07 12:55:08,178:INFO:Set up data.
2026-10-07 12:55:08,291:INFO:Set up folding strategy.
2026-10-07 12:55:08,291:INFO:Set up train/test split.
2026-10-07 12:55:08,334:INFO:Set up index.
2026-10-07 12:55:08,335:INFO:Assigning column types.
2026-10-07 12:55:08,348:INFO:Engine successfully changes for model 'lr' to 'sklearn'.
2026-10-07 12:55:08,348:INFO:Engine for model 'lasso' has not been set explicitly, hence returning None.
2026-10-07 12:55:08,353:INFO:Engine for model 'ridge' has not been set explicitly, hence returning None.
2026-10-07 12:55:08,357:INFO:Engine for model 'en' has not been set explicitly, hence returning None.
2026-10-07 12:55:08,425:INFO:Engine for model 'svm' has not been set explicitly, hence returning None.
2026-10-07 12:55:08,467:INFO:Engine for model 'knn' has not been set explicitly, hence returning None.
2026-10-07 12:55:08,468:INFO:Soft dependency imported: xgboost: 3.1.2
2026-10-07 12:55:08,470:WARNING:
'catboost' is a soft dependency and not included in the pycaret installation. Please run: `pip install catboost` to install.
Alternately, you can install this by running `pip install pycaret[models]`
2026-10-07 12:55:08,470:INFO:Engine for model 'lasso' has not been set explicitly, hence returning None.
2026-10-07 12:55:08,474:INFO:Engine for model 'ridge' has not been set explicitly, hence returning None.
2026-10-07 12:55:08,478:INFO:Engine for model 'en' has not been set explicitly, hence returning None.
2026-10-07 12:55:08,537:INFO:Engine for model 'svm' has not been set explicitly, hence returning None.
2026-10-07 12:55:08,574:INFO:Engine for model 'knn' has not been set explicitly, hence returning None.
2026-10-07 12:55:08,575:INFO:Soft dependency imported: xgboost: 3.1.2
2026-10-07 12:55:08,577:WARNING:
'catboost' is a soft dependency and not included in the pycaret installation. Please run: `pip install catboost` to install.
Alternately, you can install this by running `pip install pycaret[models]`
2026-10-07 12:55:08,578:INFO:Engine successfully changes for model 'lasso' to 'sklearn'.
2026-10-07 12:55:08,582:INFO:Engine for model 'ridge' has not been set explicitly, hence returning None.
2026-10-07 12:55:08,586:INFO:Engine for model 'en' has not been set explicitly, hence returning None.
2026-10-07 12:55:08,644:INFO:Engine for model 'svm' has not been set explicitly, hence returning None.
2026-10-07 12:55:08,677:INFO:Engine for model 'knn' has not been set explicitly, hence returning None.
2026-10-07 12:55:08,678:INFO:Soft dependency imported: xgboost: 3.1.2
2026-10-07 12:55:08,680:WARNING:
'catboost' is a soft dependency and not included in the pycaret installation. Please run: `pip install catboost` to install.
Alternately, you can install this by running `pip install pycaret[models]`
2026-10-07 12:55:08,684:INFO:Engine for model 'ridge' has not been set explicitly, hence returning None.
2026-10-07 12:55:08,688:INFO:Engine for model 'en' has not been set explicitly, hence returning None.
2026-10-07 12:55:08,750:INFO:Engine for model 'svm' has not been set explicitly, hence returning None.
2026-10-07 12:55:08,783:INFO:Engine for model 'knn' has not been set explicitly, hence returning None.
2026-10-07 12:55:08,784:INFO:Soft dependency imported: xgboost: 3.1.2
2026-10-07 12:55:08,786:WARNING:
'catboost' is a soft dependency and not included in the pycaret installation. Please run: `pip install catboost` to install.
Alternately, you can install this by running `pip install pycaret[models]`
2026-10-07 12:55:08,786:INFO:Engine successfully changes for model 'ridge' to 'sklearn'.
2026-10-07 12:55:08,794:INFO:Engine for model 'en' has not been set explicitly, hence returning None.
2026-10-07 12:55:08,849:INFO:Engine for model 'svm' has not been set explicitly, hence returning None.
2026-10-07 12:55:08,884:INFO:Engine for model 'knn' has not been set explicitly, hence returning None.
2026-10-07 12:55:08,885:INFO:Soft dependency imported: xgboost: 3.1.2
2026-10-07 12:55:08,887:WARNING:
'catboost' is a soft dependency and not included in the pycaret installation. Please run: `pip install catboost` to install.
Alternately, you can install this by running `pip install pycaret[models]`
2026-10-07 12:55:08,894:INFO:Engine for model 'en' has not been set explicitly, hence returning None.
2026-10-07 12:55:08,950:INFO:Engine for model 'svm' has not been set explicitly, hence returning None.
2026-10-07 12:55:08,989:INFO:Engine for model 'knn' has not been set explicitly, hence returning None.
2026-10-07 12:55:08,990:INFO:Soft dependency imported: xgboost: 3.1.2
2026-10-07 12:55:08,992:WARNING:
'catboost' is a soft dependency and not included in the pycaret installation. Please run: `pip install catboost` to install.
Alternately, you can install this by running `pip install pycaret[models]`
2026-10-07 12:55:08,992:INFO:Engine successfully changes for model 'en' to 'sklearn'.
2026-10-07 12:55:09,057:INFO:Engine for model 'svm' has not been set explicitly, hence returning None.
2026-10-07 12:55:09,090:INFO:Engine for model 'knn' has not been set explicitly, hence returning None.
2026-10-07 12:55:09,090:INFO:Soft dependency imported: xgboost: 3.1.2
2026-10-07 12:55:09,093:WARNING:
'catboost' is a soft dependency and not included in the pycaret installation. Please run: `pip install catboost` to install.
Alternately, you can install this by running `pip install pycaret[models]`
2026-10-07 12:55:09,162:INFO:Engine for model 'svm' has not been set explicitly, hence returning None.
2026-10-07 12:55:09,195:INFO:Engine for model 'knn' has not been set explicitly, hence returning None.
2026-10-07 12:55:09,196:INFO:Soft dependency imported: xgboost: 3.1.2
2026-10-07 12:55:09,198:WARNING:
'catboost' is a soft dependency and not included in the pycaret installation. Please run: `pip install catboost` to install.
Alternately, you can install this by running `pip install pycaret[models]`
2026-10-07 12:55:09,198:INFO:Engine successfully changes for model 'knn' to 'sklearn'.
2026-10-07 12:55:09,259:INFO:Engine for model 'svm' has not been set explicitly, hence returning None.
2026-10-07 12:55:09,293:INFO:Soft dependency imported: xgboost: 3.1.2
2026-10-07 12:55:09,295:WARNING:
'catboost' is a soft dependency and not included in the pycaret installation. Please run: `pip install catboost` to install.
Alternately, you can install this by running `pip install pycaret[models]`
2026-10-07 12:55:09,362:INFO:Engine for model 'svm' has not been set explicitly, hence returning None.
2026-10-07 12:55:09,397:INFO:Soft dependency imported: xgboost: 3.1.2
2026-10-07 12:55:09,400:WARNING:
'catboost' is a soft dependency and not included in the pycaret installation. Please run: `pip install catboost` to install.
Alternately, you can install this by running `pip install pycaret[models]`
2026-10-07 12:55:09,400:INFO:Engine successfully changes for model 'svm' to 'sklearn'.
2026-10-07 12:55:09,503:INFO:Soft dependency imported: xgboost: 3.1.2
2026-10-07 12:55:09,505:WARNING:
'catboost' is a soft dependency and not included in the pycaret installation. Please run: `pip install catboost` to install.
Alternately, you can install this by running `pip install pycaret[models]`
2026-10-07 12:55:09,603:INFO:Soft dependency imported: xgboost: 3.1.2
2026-10-07 12:55:09,605:WARNING:
'catboost' is a soft dependency and not included in the pycaret installation. Please run: `pip install catboost` to install.
Alternately, you can install this by running `pip install pycaret[models]`
2026-10-07 12:55:09,608:INFO:Preparing preprocessing pipeline...
2026-10-07 12:55:09,608:INFO:Set up simple imputation.
2026-10-07 12:55:09,622:INFO:Set up encoding of ordinal features.
2026-10-07 12:55:09,632:INFO:Set up encoding of categorical features.
2026-10-07 12:55:09,899:INFO:Finished creating preprocessing pipeline.
2026-10-07 12:55:09,920:INFO:Pipeline: Pipeline(memory=FastMemory(location=C:\Users\bordasm\AppData\Local\Temp\joblib),
         steps=[('numerical_imputer',
                 TransformerWrapper(include=['harvest_calendar_year',
                                             'harvest_month',
                                             'farm_size_hectares',
                                             'tree_age_years',
                                             'altitude_mean_meters',
                                             'avg_temp_c',
                                             'avg_annual_rainfall_mm',
                                             'humidity_pct',
                                             'drying_duration_days',
                                             'storage_months',
                                             'bean_size_screen', '...
                                             'processing_method',
                                             'drying_method',
                                             'traceability_level',
                                             'certification',
                                             'intended_buyer_segment',
                                             'roast_level'],
                                    transformer=OneHotEncoder(cols=['harvest_season',
                                                                    'country_of_origin',
                                                                    'farm_type',
                                                                    'processing_method',
                                                                    'drying_method',
                                                                    'traceability_level',
                                                                    'certification',
                                                                    'intended_buyer_segment',
                                                                    'roast_level'],
                                                              handle_missing='return_nan',
                                                              use_cat_names=True)))])
2026-10-07 12:55:09,920:INFO:Creating final display dataframe.
2026-10-07 12:55:10,757:INFO:Setup _display_container:                     Description                 Value
0                    Session id                     5
1                        Target  coffee_quality_score
2                   Target type            Regression
3           Original data shape           (35700, 36)
4        Transformed data shape           (35700, 60)
5   Transformed train set shape           (28560, 60)
6    Transformed test set shape            (7140, 60)
7               Ignore features                     4
8              Numeric features                    20
9          Categorical features                    11
10     Rows with missing values                 66.4%
11                   Preprocess                  True
12              Imputation type                simple
13           Numeric imputation                  mean
14       Categorical imputation                  mode
15     Maximum one-hot encoding                    25
16              Encoding method                  None
17               Fold Generator                 KFold
18                  Fold Number                    10
19                     CPU Jobs                    -1
20                      Use GPU                 False
21               Log Experiment                 False
22              Experiment Name      reg-default-name
23                          USI                  e925
2026-10-07 12:55:10,854:INFO:Soft dependency imported: xgboost: 3.1.2
2026-10-07 12:55:10,856:WARNING:
'catboost' is a soft dependency and not included in the pycaret installation. Please run: `pip install catboost` to install.
Alternately, you can install this by running `pip install pycaret[models]`
2026-10-07 12:55:10,965:INFO:Soft dependency imported: xgboost: 3.1.2
2026-10-07 12:55:10,968:WARNING:
'catboost' is a soft dependency and not included in the pycaret installation. Please run: `pip install catboost` to install.
Alternately, you can install this by running `pip install pycaret[models]`
2026-10-07 12:55:10,969:INFO:setup() successfully completed in 2.92s...............
2026-10-07 12:55:10,970:INFO:Initializing create_model()
2026-10-07 12:55:10,970:INFO:create_model(self=<pycaret.regression.oop.RegressionExperiment object at 0x000001C4019E3410>, estimator=lightgbm, fold=3, round=4, cross_validation=True, predict=True, fit_kwargs=None, groups=None, refit=True, probability_threshold=None, experiment_custom_tags=None, verbose=True, system=True, add_to_model_list=True, metrics=None, display=None, model_only=True, return_train_score=False, error_score=0.0, kwargs={})
2026-10-07 12:55:10,970:INFO:Checking exceptions
2026-10-07 12:55:10,971:INFO:Importing libraries
2026-10-07 12:55:10,971:INFO:Copying training dataset
2026-10-07 12:55:10,998:INFO:Defining folds
2026-10-07 12:55:10,999:INFO:Declaring metric variables
2026-10-07 12:55:10,999:INFO:Importing untrained model
2026-10-07 12:55:11,000:INFO:Light Gradient Boosting Machine Imported successfully
2026-10-07 12:55:11,000:INFO:Starting cross validation
2026-10-07 12:55:11,003:INFO:Cross validating with KFold(n_splits=3, random_state=None, shuffle=False), n_jobs=-1
2026-10-07 12:55:20,464:WARNING:C:\Users\bordasm\.venv\Lib\site-packages\_distutils_hack\__init__.py:33: UserWarning: Setuptools is replacing distutils.
  warnings.warn("Setuptools is replacing distutils.")

2026-10-07 12:55:20,537:WARNING:C:\Users\bordasm\.venv\Lib\site-packages\_distutils_hack\__init__.py:33: UserWarning: Setuptools is replacing distutils.
  warnings.warn("Setuptools is replacing distutils.")

2026-10-07 12:55:20,748:WARNING:C:\Users\bordasm\.venv\Lib\site-packages\_distutils_hack\__init__.py:33: UserWarning: Setuptools is replacing distutils.
  warnings.warn("Setuptools is replacing distutils.")

2026-10-07 12:55:22,558:INFO:Calculating mean and std
2026-10-07 12:55:22,558:INFO:Creating metrics dataframe
2026-10-07 12:55:22,562:INFO:Finalizing model
2026-10-07 12:55:23,095:INFO:[LightGBM] [Warning] Found whitespace in feature_names, replace with underlines
2026-10-07 12:55:23,100:INFO:[LightGBM] [Info] Auto-choosing col-wise multi-threading, the overhead of testing was 0.002686 seconds.
2026-10-07 12:55:23,100:INFO:You can set `force_col_wise=true` to remove the overhead.
2026-10-07 12:55:23,100:INFO:[LightGBM] [Info] Total Bins 3776
2026-10-07 12:55:23,101:INFO:[LightGBM] [Info] Number of data points in the train set: 28560, number of used features: 59
2026-10-07 12:55:23,101:INFO:[LightGBM] [Info] Start training from score 77.593713
2026-10-07 12:55:23,337:INFO:Uploading results into container
2026-10-07 12:55:23,338:INFO:Uploading model into container now
2026-10-07 12:55:23,346:INFO:_master_model_container: 1
2026-10-07 12:55:23,347:INFO:_display_container: 2
2026-10-07 12:55:23,347:INFO:LGBMRegressor(n_jobs=-1, random_state=5)
2026-10-07 12:55:23,348:INFO:create_model() successfully completed......................................
2026-10-07 12:55:24,017:INFO:PyCaret RegressionExperiment
2026-10-07 12:55:24,018:INFO:Logging name: reg-default-name
2026-10-07 12:55:24,018:INFO:ML Usecase: MLUsecase.REGRESSION
2026-10-07 12:55:24,018:INFO:version 3.3.2
2026-10-07 12:55:24,018:INFO:Initializing setup()
2026-10-07 12:55:24,018:INFO:self.USI: 4997
2026-10-07 12:55:24,018:INFO:self._variable_keys: {'gpu_n_jobs_param', 'USI', 'fold_groups_param', 'y_train', 'exp_name_log', 'transform_target_param', 'log_plots_param', 'idx', 'html_param', 'y', 'data', 'pipeline', 'X', 'gpu_param', 'exp_id', 'y_test', 'memory', 'seed', 'logging_param', 'fold_shuffle_param', '_available_plots', 'n_jobs_param', 'target_param', 'fold_generator', '_ml_usecase', 'X_train', 'X_test'}
2026-10-07 12:55:24,018:INFO:Checking environment
2026-10-07 12:55:24,018:INFO:python_version: 3.11.9
2026-10-07 12:55:24,019:INFO:python_build: ('tags/v3.11.9:de54cf5', 'Apr  2 2024 10:12:12')
2026-10-07 12:55:24,020:INFO:machine: AMD64
2026-10-07 12:55:24,020:INFO:platform: Windows-10-10.0.26200-SP0
2026-10-07 12:55:24,021:INFO:Memory: svmem(total=16868499456, available=3376599040, percent=80.0, used=13491900416, free=3376599040)
2026-10-07 12:55:24,021:INFO:Physical Core: 8
2026-10-07 12:55:24,021:INFO:Logical Core: 16
2026-10-07 12:55:24,021:INFO:Checking libraries
2026-10-07 12:55:24,022:INFO:System:
2026-10-07 12:55:24,022:INFO:    python: 3.11.9 (tags/v3.11.9:de54cf5, Apr  2 2024, 10:12:12) [MSC v.1938 64 bit (AMD64)]
2026-10-07 12:55:24,022:INFO:executable: C:\Users\bordasm\.venv\Scripts\python.exe
2026-10-07 12:55:24,022:INFO:   machine: Windows-10-10.0.26200-SP0
2026-10-07 12:55:24,022:INFO:PyCaret required dependencies:
2026-10-07 12:55:24,023:INFO:                 pip: 26.2.1
2026-10-07 12:55:24,024:INFO:          setuptools: 65.5.0
2026-10-07 12:55:24,024:INFO:             pycaret: 3.3.2
2026-10-07 12:55:24,024:INFO:             IPython: 9.3.0
2026-10-07 12:55:24,025:INFO:          ipywidgets: 8.1.9
2026-10-07 12:55:24,025:INFO:                tqdm: 4.67.1
2026-10-07 12:55:24,025:INFO:               numpy: 1.26.4
2026-10-07 12:55:24,025:INFO:              pandas: 2.1.4
2026-10-07 12:55:24,026:INFO:              jinja2: 3.1.4
2026-10-07 12:55:24,026:INFO:               scipy: 1.11.4
2026-10-07 12:55:24,027:INFO:              joblib: 1.3.2
2026-10-07 12:55:24,027:INFO:             sklearn: 1.4.2
2026-10-07 12:55:24,027:INFO:                pyod: 3.4.0
2026-10-07 12:55:24,027:INFO:            imblearn: 0.13.0
2026-10-07 12:55:24,028:INFO:   category_encoders: 2.7.0
2026-10-07 12:55:24,028:INFO:            lightgbm: 4.6.0
2026-10-07 12:55:24,028:INFO:               numba: 0.68.0
2026-10-07 12:55:24,028:INFO:            requests: 2.32.3
2026-10-07 12:55:24,029:INFO:          matplotlib: 3.7.5
2026-10-07 12:55:24,030:INFO:          scikitplot: 0.3.7
2026-10-07 12:55:24,030:INFO:         yellowbrick: 1.5
2026-10-07 12:55:24,030:INFO:              plotly: 6.9.0
2026-10-07 12:55:24,030:INFO:    plotly-resampler: Not installed
2026-10-07 12:55:24,031:INFO:             kaleido: 1.5.0
2026-10-07 12:55:24,032:INFO:           schemdraw: 0.15
2026-10-07 12:55:24,032:INFO:         statsmodels: 0.15.0
2026-10-07 12:55:24,034:INFO:              sktime: 0.26.0
2026-10-07 12:55:24,034:INFO:               tbats: 1.1.3
2026-10-07 12:55:24,034:INFO:            pmdarima: 2.0.4
2026-10-07 12:55:24,034:INFO:              psutil: 7.0.0
2026-10-07 12:55:24,035:INFO:          markupsafe: 2.1.5
2026-10-07 12:55:24,035:INFO:             pickle5: Not installed
2026-10-07 12:55:24,035:INFO:         cloudpickle: 3.1.2
2026-10-07 12:55:24,036:INFO:         deprecation: 2.1.0
2026-10-07 12:55:24,037:INFO:              xxhash: 4.0.1
2026-10-07 12:55:24,037:INFO:           wurlitzer: Not installed
2026-10-07 12:55:24,038:INFO:PyCaret optional dependencies:
2026-10-07 12:55:24,039:INFO:                shap: Not installed
2026-10-07 12:55:24,039:INFO:           interpret: Not installed
2026-10-07 12:55:24,039:INFO:                umap: Not installed
2026-10-07 12:55:24,040:INFO:     ydata_profiling: Not installed
2026-10-07 12:55:24,040:INFO:  explainerdashboard: Not installed
2026-10-07 12:55:24,040:INFO:             autoviz: Not installed
2026-10-07 12:55:24,040:INFO:           fairlearn: Not installed
2026-10-07 12:55:24,041:INFO:          deepchecks: Not installed
2026-10-07 12:55:24,041:INFO:             xgboost: 3.1.2
2026-10-07 12:55:24,042:INFO:            catboost: Not installed
2026-10-07 12:55:24,042:INFO:              kmodes: Not installed
2026-10-07 12:55:24,042:INFO:             mlxtend: Not installed
2026-10-07 12:55:24,043:INFO:       statsforecast: Not installed
2026-10-07 12:55:24,043:INFO:        tune_sklearn: Not installed
2026-10-07 12:55:24,044:INFO:                 ray: Not installed
2026-10-07 12:55:24,044:INFO:            hyperopt: Not installed
2026-10-07 12:55:24,044:INFO:              optuna: Not installed
2026-10-07 12:55:24,044:INFO:               skopt: Not installed
2026-10-07 12:55:24,045:INFO:              mlflow: 3.17.0
2026-10-07 12:55:24,045:INFO:              gradio: Not installed
2026-10-07 12:55:24,045:INFO:             fastapi: 0.142.2
2026-10-07 12:55:24,046:INFO:             uvicorn: 0.54.0
2026-10-07 12:55:24,046:INFO:              m2cgen: Not installed
2026-10-07 12:55:24,046:INFO:           evidently: Not installed
2026-10-07 12:55:24,047:INFO:               fugue: Not installed
2026-10-07 12:55:24,048:INFO:           streamlit: Not installed
2026-10-07 12:55:24,048:INFO:             prophet: Not installed
2026-10-07 12:55:24,048:INFO:None
2026-10-07 12:55:24,049:INFO:Set up data.
2026-10-07 12:55:24,172:INFO:Set up folding strategy.
2026-10-07 12:55:24,172:INFO:Set up train/test split.
2026-10-07 12:55:24,215:INFO:Set up index.
2026-10-07 12:55:24,216:INFO:Assigning column types.
2026-10-07 12:55:24,234:INFO:Engine successfully changes for model 'lr' to 'sklearn'.
2026-10-07 12:55:24,234:INFO:Engine for model 'lasso' has not been set explicitly, hence returning None.
2026-10-07 12:55:24,238:INFO:Engine for model 'ridge' has not been set explicitly, hence returning None.
2026-10-07 12:55:24,241:INFO:Engine for model 'en' has not been set explicitly, hence returning None.
2026-10-07 12:55:24,296:INFO:Engine for model 'svm' has not been set explicitly, hence returning None.
2026-10-07 12:55:24,329:INFO:Engine for model 'knn' has not been set explicitly, hence returning None.
2026-10-07 12:55:24,329:INFO:Soft dependency imported: xgboost: 3.1.2
2026-10-07 12:55:24,331:WARNING:
'catboost' is a soft dependency and not included in the pycaret installation. Please run: `pip install catboost` to install.
Alternately, you can install this by running `pip install pycaret[models]`
2026-10-07 12:55:24,332:INFO:Engine for model 'lasso' has not been set explicitly, hence returning None.
2026-10-07 12:55:24,335:INFO:Engine for model 'ridge' has not been set explicitly, hence returning None.
2026-10-07 12:55:24,338:INFO:Engine for model 'en' has not been set explicitly, hence returning None.
2026-10-07 12:55:24,395:INFO:Engine for model 'svm' has not been set explicitly, hence returning None.
2026-10-07 12:55:24,433:INFO:Engine for model 'knn' has not been set explicitly, hence returning None.
2026-10-07 12:55:24,433:INFO:Soft dependency imported: xgboost: 3.1.2
2026-10-07 12:55:24,436:WARNING:
'catboost' is a soft dependency and not included in the pycaret installation. Please run: `pip install catboost` to install.
Alternately, you can install this by running `pip install pycaret[models]`
2026-10-07 12:55:24,436:INFO:Engine successfully changes for model 'lasso' to 'sklearn'.
2026-10-07 12:55:24,439:INFO:Engine for model 'ridge' has not been set explicitly, hence returning None.
2026-10-07 12:55:24,442:INFO:Engine for model 'en' has not been set explicitly, hence returning None.
2026-10-07 12:55:24,507:INFO:Engine for model 'svm' has not been set explicitly, hence returning None.
2026-10-07 12:55:24,542:INFO:Engine for model 'knn' has not been set explicitly, hence returning None.
2026-10-07 12:55:24,543:INFO:Soft dependency imported: xgboost: 3.1.2
2026-10-07 12:55:24,545:WARNING:
'catboost' is a soft dependency and not included in the pycaret installation. Please run: `pip install catboost` to install.
Alternately, you can install this by running `pip install pycaret[models]`
2026-10-07 12:55:24,549:INFO:Engine for model 'ridge' has not been set explicitly, hence returning None.
2026-10-07 12:55:24,553:INFO:Engine for model 'en' has not been set explicitly, hence returning None.
2026-10-07 12:55:24,611:INFO:Engine for model 'svm' has not been set explicitly, hence returning None.
2026-10-07 12:55:24,645:INFO:Engine for model 'knn' has not been set explicitly, hence returning None.
2026-10-07 12:55:24,646:INFO:Soft dependency imported: xgboost: 3.1.2
2026-10-07 12:55:24,648:WARNING:
'catboost' is a soft dependency and not included in the pycaret installation. Please run: `pip install catboost` to install.
Alternately, you can install this by running `pip install pycaret[models]`
2026-10-07 12:55:24,648:INFO:Engine successfully changes for model 'ridge' to 'sklearn'.
2026-10-07 12:55:24,656:INFO:Engine for model 'en' has not been set explicitly, hence returning None.
2026-10-07 12:55:24,712:INFO:Engine for model 'svm' has not been set explicitly, hence returning None.
2026-10-07 12:55:24,746:INFO:Engine for model 'knn' has not been set explicitly, hence returning None.
2026-10-07 12:55:24,746:INFO:Soft dependency imported: xgboost: 3.1.2
2026-10-07 12:55:24,748:WARNING:
'catboost' is a soft dependency and not included in the pycaret installation. Please run: `pip install catboost` to install.
Alternately, you can install this by running `pip install pycaret[models]`
2026-10-07 12:55:24,756:INFO:Engine for model 'en' has not been set explicitly, hence returning None.
2026-10-07 12:55:24,810:INFO:Engine for model 'svm' has not been set explicitly, hence returning None.
2026-10-07 12:55:24,843:INFO:Engine for model 'knn' has not been set explicitly, hence returning None.
2026-10-07 12:55:24,843:INFO:Soft dependency imported: xgboost: 3.1.2
2026-10-07 12:55:24,845:WARNING:
'catboost' is a soft dependency and not included in the pycaret installation. Please run: `pip install catboost` to install.
Alternately, you can install this by running `pip install pycaret[models]`
2026-10-07 12:55:24,845:INFO:Engine successfully changes for model 'en' to 'sklearn'.
2026-10-07 12:55:24,913:INFO:Engine for model 'svm' has not been set explicitly, hence returning None.
2026-10-07 12:55:24,946:INFO:Engine for model 'knn' has not been set explicitly, hence returning None.
2026-10-07 12:55:24,946:INFO:Soft dependency imported: xgboost: 3.1.2
2026-10-07 12:55:24,949:WARNING:
'catboost' is a soft dependency and not included in the pycaret installation. Please run: `pip install catboost` to install.
Alternately, you can install this by running `pip install pycaret[models]`
2026-10-07 12:55:25,012:INFO:Engine for model 'svm' has not been set explicitly, hence returning None.
2026-10-07 12:55:25,045:INFO:Engine for model 'knn' has not been set explicitly, hence returning None.
2026-10-07 12:55:25,045:INFO:Soft dependency imported: xgboost: 3.1.2
2026-10-07 12:55:25,047:WARNING:
'catboost' is a soft dependency and not included in the pycaret installation. Please run: `pip install catboost` to install.
Alternately, you can install this by running `pip install pycaret[models]`
2026-10-07 12:55:25,048:INFO:Engine successfully changes for model 'knn' to 'sklearn'.
2026-10-07 12:55:25,110:INFO:Engine for model 'svm' has not been set explicitly, hence returning None.
2026-10-07 12:55:25,142:INFO:Soft dependency imported: xgboost: 3.1.2
2026-10-07 12:55:25,144:WARNING:
'catboost' is a soft dependency and not included in the pycaret installation. Please run: `pip install catboost` to install.
Alternately, you can install this by running `pip install pycaret[models]`
2026-10-07 12:55:25,211:INFO:Engine for model 'svm' has not been set explicitly, hence returning None.
2026-10-07 12:55:25,248:INFO:Soft dependency imported: xgboost: 3.1.2
2026-10-07 12:55:25,250:WARNING:
'catboost' is a soft dependency and not included in the pycaret installation. Please run: `pip install catboost` to install.
Alternately, you can install this by running `pip install pycaret[models]`
2026-10-07 12:55:25,250:INFO:Engine successfully changes for model 'svm' to 'sklearn'.
2026-10-07 12:55:25,342:INFO:Soft dependency imported: xgboost: 3.1.2
2026-10-07 12:55:25,344:WARNING:
'catboost' is a soft dependency and not included in the pycaret installation. Please run: `pip install catboost` to install.
Alternately, you can install this by running `pip install pycaret[models]`
2026-10-07 12:55:25,438:INFO:Soft dependency imported: xgboost: 3.1.2
2026-10-07 12:55:25,440:WARNING:
'catboost' is a soft dependency and not included in the pycaret installation. Please run: `pip install catboost` to install.
Alternately, you can install this by running `pip install pycaret[models]`
2026-10-07 12:55:25,441:INFO:Preparing preprocessing pipeline...
2026-10-07 12:55:25,441:INFO:Set up simple imputation.
2026-10-07 12:55:25,454:INFO:Set up encoding of ordinal features.
2026-10-07 12:55:25,463:INFO:Set up encoding of categorical features.
2026-10-07 12:55:25,735:INFO:Finished creating preprocessing pipeline.
2026-10-07 12:55:25,755:INFO:Pipeline: Pipeline(memory=FastMemory(location=C:\Users\bordasm\AppData\Local\Temp\joblib),
         steps=[('numerical_imputer',
                 TransformerWrapper(include=['harvest_calendar_year',
                                             'harvest_month',
                                             'farm_size_hectares',
                                             'tree_age_years',
                                             'altitude_mean_meters',
                                             'avg_temp_c',
                                             'avg_annual_rainfall_mm',
                                             'humidity_pct',
                                             'drying_duration_days',
                                             'storage_months',
                                             'bean_size_screen', '...
                                             'processing_method',
                                             'drying_method',
                                             'traceability_level',
                                             'certification',
                                             'intended_buyer_segment',
                                             'roast_level'],
                                    transformer=OneHotEncoder(cols=['harvest_season',
                                                                    'country_of_origin',
                                                                    'farm_type',
                                                                    'processing_method',
                                                                    'drying_method',
                                                                    'traceability_level',
                                                                    'certification',
                                                                    'intended_buyer_segment',
                                                                    'roast_level'],
                                                              handle_missing='return_nan',
                                                              use_cat_names=True)))])
2026-10-07 12:55:25,756:INFO:Creating final display dataframe.
2026-10-07 12:55:26,580:INFO:Setup _display_container:                     Description                 Value
0                    Session id                     6
1                        Target  coffee_quality_score
2                   Target type            Regression
3           Original data shape           (35700, 36)
4        Transformed data shape           (35700, 60)
5   Transformed train set shape           (28560, 60)
6    Transformed test set shape            (7140, 60)
7               Ignore features                     4
8              Numeric features                    20
9          Categorical features                    11
10     Rows with missing values                 66.4%
11                   Preprocess                  True
12              Imputation type                simple
13           Numeric imputation                  mean
14       Categorical imputation                  mode
15     Maximum one-hot encoding                    25
16              Encoding method                  None
17               Fold Generator                 KFold
18                  Fold Number                    10
19                     CPU Jobs                    -1
20                      Use GPU                 False
21               Log Experiment                 False
22              Experiment Name      reg-default-name
23                          USI                  4997
2026-10-07 12:55:26,674:INFO:Soft dependency imported: xgboost: 3.1.2
2026-10-07 12:55:26,676:WARNING:
'catboost' is a soft dependency and not included in the pycaret installation. Please run: `pip install catboost` to install.
Alternately, you can install this by running `pip install pycaret[models]`
2026-10-07 12:55:26,775:INFO:Soft dependency imported: xgboost: 3.1.2
2026-10-07 12:55:26,777:WARNING:
'catboost' is a soft dependency and not included in the pycaret installation. Please run: `pip install catboost` to install.
Alternately, you can install this by running `pip install pycaret[models]`
2026-10-07 12:55:26,777:INFO:setup() successfully completed in 2.88s...............
2026-10-07 12:55:26,778:INFO:Initializing create_model()
2026-10-07 12:55:26,778:INFO:create_model(self=<pycaret.regression.oop.RegressionExperiment object at 0x000001C4011F7B10>, estimator=lightgbm, fold=3, round=4, cross_validation=True, predict=True, fit_kwargs=None, groups=None, refit=True, probability_threshold=None, experiment_custom_tags=None, verbose=True, system=True, add_to_model_list=True, metrics=None, display=None, model_only=True, return_train_score=False, error_score=0.0, kwargs={})
2026-10-07 12:55:26,778:INFO:Checking exceptions
2026-10-07 12:55:26,779:INFO:Importing libraries
2026-10-07 12:55:26,779:INFO:Copying training dataset
2026-10-07 12:55:26,803:INFO:Defining folds
2026-10-07 12:55:26,803:INFO:Declaring metric variables
2026-10-07 12:55:26,803:INFO:Importing untrained model
2026-10-07 12:55:26,804:INFO:Light Gradient Boosting Machine Imported successfully
2026-10-07 12:55:26,804:INFO:Starting cross validation
2026-10-07 12:55:26,806:INFO:Cross validating with KFold(n_splits=3, random_state=None, shuffle=False), n_jobs=-1
2026-10-07 12:55:33,812:WARNING:C:\Users\bordasm\.venv\Lib\site-packages\_distutils_hack\__init__.py:33: UserWarning: Setuptools is replacing distutils.
  warnings.warn("Setuptools is replacing distutils.")

2026-10-07 12:55:34,658:INFO:Calculating mean and std
2026-10-07 12:55:34,659:INFO:Creating metrics dataframe
2026-10-07 12:55:34,661:INFO:Finalizing model
2026-10-07 12:55:35,252:INFO:[LightGBM] [Warning] Found whitespace in feature_names, replace with underlines
2026-10-07 12:55:35,258:INFO:[LightGBM] [Info] Auto-choosing col-wise multi-threading, the overhead of testing was 0.001762 seconds.
2026-10-07 12:55:35,258:INFO:You can set `force_col_wise=true` to remove the overhead.
2026-10-07 12:55:35,258:INFO:[LightGBM] [Info] Total Bins 3771
2026-10-07 12:55:35,259:INFO:[LightGBM] [Info] Number of data points in the train set: 28560, number of used features: 59
2026-10-07 12:55:35,259:INFO:[LightGBM] [Info] Start training from score 77.614846
2026-10-07 12:55:35,508:INFO:Uploading results into container
2026-10-07 12:55:35,509:INFO:Uploading model into container now
2026-10-07 12:55:35,520:INFO:_master_model_container: 1
2026-10-07 12:55:35,521:INFO:_display_container: 2
2026-10-07 12:55:35,521:INFO:LGBMRegressor(n_jobs=-1, random_state=6)
2026-10-07 12:55:35,521:INFO:create_model() successfully completed......................................
2026-10-07 12:55:36,110:INFO:PyCaret RegressionExperiment
2026-10-07 12:55:36,110:INFO:Logging name: reg-default-name
2026-10-07 12:55:36,110:INFO:ML Usecase: MLUsecase.REGRESSION
2026-10-07 12:55:36,110:INFO:version 3.3.2
2026-10-07 12:55:36,110:INFO:Initializing setup()
2026-10-07 12:55:36,111:INFO:self.USI: 2f3c
2026-10-07 12:55:36,111:INFO:self._variable_keys: {'gpu_n_jobs_param', 'USI', 'fold_groups_param', 'y_train', 'exp_name_log', 'transform_target_param', 'log_plots_param', 'idx', 'html_param', 'y', 'data', 'pipeline', 'X', 'gpu_param', 'exp_id', 'y_test', 'memory', 'seed', 'logging_param', 'fold_shuffle_param', '_available_plots', 'n_jobs_param', 'target_param', 'fold_generator', '_ml_usecase', 'X_train', 'X_test'}
2026-10-07 12:55:36,111:INFO:Checking environment
2026-10-07 12:55:36,111:INFO:python_version: 3.11.9
2026-10-07 12:55:36,111:INFO:python_build: ('tags/v3.11.9:de54cf5', 'Apr  2 2024 10:12:12')
2026-10-07 12:55:36,111:INFO:machine: AMD64
2026-10-07 12:55:36,111:INFO:platform: Windows-10-10.0.26200-SP0
2026-10-07 12:55:36,111:INFO:Memory: svmem(total=16868499456, available=3211423744, percent=81.0, used=13657075712, free=3211423744)
2026-10-07 12:55:36,111:INFO:Physical Core: 8
2026-10-07 12:55:36,111:INFO:Logical Core: 16
2026-10-07 12:55:36,111:INFO:Checking libraries
2026-10-07 12:55:36,111:INFO:System:
2026-10-07 12:55:36,111:INFO:    python: 3.11.9 (tags/v3.11.9:de54cf5, Apr  2 2024, 10:12:12) [MSC v.1938 64 bit (AMD64)]
2026-10-07 12:55:36,111:INFO:executable: C:\Users\bordasm\.venv\Scripts\python.exe
2026-10-07 12:55:36,111:INFO:   machine: Windows-10-10.0.26200-SP0
2026-10-07 12:55:36,111:INFO:PyCaret required dependencies:
2026-10-07 12:55:36,112:INFO:                 pip: 26.2.1
2026-10-07 12:55:36,112:INFO:          setuptools: 65.5.0
2026-10-07 12:55:36,112:INFO:             pycaret: 3.3.2
2026-10-07 12:55:36,112:INFO:             IPython: 9.3.0
2026-10-07 12:55:36,112:INFO:          ipywidgets: 8.1.9
2026-10-07 12:55:36,112:INFO:                tqdm: 4.67.1
2026-10-07 12:55:36,112:INFO:               numpy: 1.26.4
2026-10-07 12:55:36,112:INFO:              pandas: 2.1.4
2026-10-07 12:55:36,112:INFO:              jinja2: 3.1.4
2026-10-07 12:55:36,112:INFO:               scipy: 1.11.4
2026-10-07 12:55:36,112:INFO:              joblib: 1.3.2
2026-10-07 12:55:36,112:INFO:             sklearn: 1.4.2
2026-10-07 12:55:36,112:INFO:                pyod: 3.4.0
2026-10-07 12:55:36,112:INFO:            imblearn: 0.13.0
2026-10-07 12:55:36,112:INFO:   category_encoders: 2.7.0
2026-10-07 12:55:36,112:INFO:            lightgbm: 4.6.0
2026-10-07 12:55:36,112:INFO:               numba: 0.68.0
2026-10-07 12:55:36,112:INFO:            requests: 2.32.3
2026-10-07 12:55:36,112:INFO:          matplotlib: 3.7.5
2026-10-07 12:55:36,112:INFO:          scikitplot: 0.3.7
2026-10-07 12:55:36,112:INFO:         yellowbrick: 1.5
2026-10-07 12:55:36,112:INFO:              plotly: 6.9.0
2026-10-07 12:55:36,112:INFO:    plotly-resampler: Not installed
2026-10-07 12:55:36,112:INFO:             kaleido: 1.5.0
2026-10-07 12:55:36,112:INFO:           schemdraw: 0.15
2026-10-07 12:55:36,112:INFO:         statsmodels: 0.15.0
2026-10-07 12:55:36,112:INFO:              sktime: 0.26.0
2026-10-07 12:55:36,112:INFO:               tbats: 1.1.3
2026-10-07 12:55:36,112:INFO:            pmdarima: 2.0.4
2026-10-07 12:55:36,113:INFO:              psutil: 7.0.0
2026-10-07 12:55:36,113:INFO:          markupsafe: 2.1.5
2026-10-07 12:55:36,113:INFO:             pickle5: Not installed
2026-10-07 12:55:36,113:INFO:         cloudpickle: 3.1.2
2026-10-07 12:55:36,113:INFO:         deprecation: 2.1.0
2026-10-07 12:55:36,113:INFO:              xxhash: 4.0.1
2026-10-07 12:55:36,113:INFO:           wurlitzer: Not installed
2026-10-07 12:55:36,113:INFO:PyCaret optional dependencies:
2026-10-07 12:55:36,113:INFO:                shap: Not installed
2026-10-07 12:55:36,113:INFO:           interpret: Not installed
2026-10-07 12:55:36,113:INFO:                umap: Not installed
2026-10-07 12:55:36,113:INFO:     ydata_profiling: Not installed
2026-10-07 12:55:36,113:INFO:  explainerdashboard: Not installed
2026-10-07 12:55:36,113:INFO:             autoviz: Not installed
2026-10-07 12:55:36,113:INFO:           fairlearn: Not installed
2026-10-07 12:55:36,113:INFO:          deepchecks: Not installed
2026-10-07 12:55:36,113:INFO:             xgboost: 3.1.2
2026-10-07 12:55:36,113:INFO:            catboost: Not installed
2026-10-07 12:55:36,113:INFO:              kmodes: Not installed
2026-10-07 12:55:36,113:INFO:             mlxtend: Not installed
2026-10-07 12:55:36,113:INFO:       statsforecast: Not installed
2026-10-07 12:55:36,113:INFO:        tune_sklearn: Not installed
2026-10-07 12:55:36,113:INFO:                 ray: Not installed
2026-10-07 12:55:36,113:INFO:            hyperopt: Not installed
2026-10-07 12:55:36,113:INFO:              optuna: Not installed
2026-10-07 12:55:36,113:INFO:               skopt: Not installed
2026-10-07 12:55:36,113:INFO:              mlflow: 3.17.0
2026-10-07 12:55:36,113:INFO:              gradio: Not installed
2026-10-07 12:55:36,113:INFO:             fastapi: 0.142.2
2026-10-07 12:55:36,113:INFO:             uvicorn: 0.54.0
2026-10-07 12:55:36,113:INFO:              m2cgen: Not installed
2026-10-07 12:55:36,114:INFO:           evidently: Not installed
2026-10-07 12:55:36,114:INFO:               fugue: Not installed
2026-10-07 12:55:36,114:INFO:           streamlit: Not installed
2026-10-07 12:55:36,114:INFO:             prophet: Not installed
2026-10-07 12:55:36,114:INFO:None
2026-10-07 12:55:36,114:INFO:Set up data.
2026-10-07 12:55:36,219:INFO:Set up folding strategy.
2026-10-07 12:55:36,220:INFO:Set up train/test split.
2026-10-07 12:55:36,258:INFO:Set up index.
2026-10-07 12:55:36,259:INFO:Assigning column types.
2026-10-07 12:55:36,275:INFO:Engine successfully changes for model 'lr' to 'sklearn'.
2026-10-07 12:55:36,275:INFO:Engine for model 'lasso' has not been set explicitly, hence returning None.
2026-10-07 12:55:36,278:INFO:Engine for model 'ridge' has not been set explicitly, hence returning None.
2026-10-07 12:55:36,282:INFO:Engine for model 'en' has not been set explicitly, hence returning None.
2026-10-07 12:55:36,347:INFO:Engine for model 'svm' has not been set explicitly, hence returning None.
2026-10-07 12:55:36,385:INFO:Engine for model 'knn' has not been set explicitly, hence returning None.
2026-10-07 12:55:36,385:INFO:Soft dependency imported: xgboost: 3.1.2
2026-10-07 12:55:36,387:WARNING:
'catboost' is a soft dependency and not included in the pycaret installation. Please run: `pip install catboost` to install.
Alternately, you can install this by running `pip install pycaret[models]`
2026-10-07 12:55:36,388:INFO:Engine for model 'lasso' has not been set explicitly, hence returning None.
2026-10-07 12:55:36,391:INFO:Engine for model 'ridge' has not been set explicitly, hence returning None.
2026-10-07 12:55:36,395:INFO:Engine for model 'en' has not been set explicitly, hence returning None.
2026-10-07 12:55:36,459:INFO:Engine for model 'svm' has not been set explicitly, hence returning None.
2026-10-07 12:55:36,497:INFO:Engine for model 'knn' has not been set explicitly, hence returning None.
2026-10-07 12:55:36,498:INFO:Soft dependency imported: xgboost: 3.1.2
2026-10-07 12:55:36,501:WARNING:
'catboost' is a soft dependency and not included in the pycaret installation. Please run: `pip install catboost` to install.
Alternately, you can install this by running `pip install pycaret[models]`
2026-10-07 12:55:36,502:INFO:Engine successfully changes for model 'lasso' to 'sklearn'.
2026-10-07 12:55:36,506:INFO:Engine for model 'ridge' has not been set explicitly, hence returning None.
2026-10-07 12:55:36,510:INFO:Engine for model 'en' has not been set explicitly, hence returning None.
2026-10-07 12:55:36,573:INFO:Engine for model 'svm' has not been set explicitly, hence returning None.
2026-10-07 12:55:36,606:INFO:Engine for model 'knn' has not been set explicitly, hence returning None.
2026-10-07 12:55:36,606:INFO:Soft dependency imported: xgboost: 3.1.2
2026-10-07 12:55:36,608:WARNING:
'catboost' is a soft dependency and not included in the pycaret installation. Please run: `pip install catboost` to install.
Alternately, you can install this by running `pip install pycaret[models]`
2026-10-07 12:55:36,611:INFO:Engine for model 'ridge' has not been set explicitly, hence returning None.
2026-10-07 12:55:36,614:INFO:Engine for model 'en' has not been set explicitly, hence returning None.
2026-10-07 12:55:36,682:INFO:Engine for model 'svm' has not been set explicitly, hence returning None.
2026-10-07 12:55:36,720:INFO:Engine for model 'knn' has not been set explicitly, hence returning None.
2026-10-07 12:55:36,721:INFO:Soft dependency imported: xgboost: 3.1.2
2026-10-07 12:55:36,723:WARNING:
'catboost' is a soft dependency and not included in the pycaret installation. Please run: `pip install catboost` to install.
Alternately, you can install this by running `pip install pycaret[models]`
2026-10-07 12:55:36,723:INFO:Engine successfully changes for model 'ridge' to 'sklearn'.
2026-10-07 12:55:36,730:INFO:Engine for model 'en' has not been set explicitly, hence returning None.
2026-10-07 12:55:36,788:INFO:Engine for model 'svm' has not been set explicitly, hence returning None.
2026-10-07 12:55:36,821:INFO:Engine for model 'knn' has not been set explicitly, hence returning None.
2026-10-07 12:55:36,822:INFO:Soft dependency imported: xgboost: 3.1.2
2026-10-07 12:55:36,824:WARNING:
'catboost' is a soft dependency and not included in the pycaret installation. Please run: `pip install catboost` to install.
Alternately, you can install this by running `pip install pycaret[models]`
2026-10-07 12:55:36,830:INFO:Engine for model 'en' has not been set explicitly, hence returning None.
2026-10-07 12:55:36,886:INFO:Engine for model 'svm' has not been set explicitly, hence returning None.
2026-10-07 12:55:36,919:INFO:Engine for model 'knn' has not been set explicitly, hence returning None.
2026-10-07 12:55:36,919:INFO:Soft dependency imported: xgboost: 3.1.2
2026-10-07 12:55:36,921:WARNING:
'catboost' is a soft dependency and not included in the pycaret installation. Please run: `pip install catboost` to install.
Alternately, you can install this by running `pip install pycaret[models]`
2026-10-07 12:55:36,921:INFO:Engine successfully changes for model 'en' to 'sklearn'.
2026-10-07 12:55:36,990:INFO:Engine for model 'svm' has not been set explicitly, hence returning None.
2026-10-07 12:55:37,020:INFO:Engine for model 'knn' has not been set explicitly, hence returning None.
2026-10-07 12:55:37,020:INFO:Soft dependency imported: xgboost: 3.1.2
2026-10-07 12:55:37,022:WARNING:
'catboost' is a soft dependency and not included in the pycaret installation. Please run: `pip install catboost` to install.
Alternately, you can install this by running `pip install pycaret[models]`
2026-10-07 12:55:37,083:INFO:Engine for model 'svm' has not been set explicitly, hence returning None.
2026-10-07 12:55:37,117:INFO:Engine for model 'knn' has not been set explicitly, hence returning None.
2026-10-07 12:55:37,117:INFO:Soft dependency imported: xgboost: 3.1.2
2026-10-07 12:55:37,119:WARNING:
'catboost' is a soft dependency and not included in the pycaret installation. Please run: `pip install catboost` to install.
Alternately, you can install this by running `pip install pycaret[models]`
2026-10-07 12:55:37,119:INFO:Engine successfully changes for model 'knn' to 'sklearn'.
2026-10-07 12:55:37,179:INFO:Engine for model 'svm' has not been set explicitly, hence returning None.
2026-10-07 12:55:37,210:INFO:Soft dependency imported: xgboost: 3.1.2
2026-10-07 12:55:37,212:WARNING:
'catboost' is a soft dependency and not included in the pycaret installation. Please run: `pip install catboost` to install.
Alternately, you can install this by running `pip install pycaret[models]`
2026-10-07 12:55:37,280:INFO:Engine for model 'svm' has not been set explicitly, hence returning None.
2026-10-07 12:55:37,313:INFO:Soft dependency imported: xgboost: 3.1.2
2026-10-07 12:55:37,315:WARNING:
'catboost' is a soft dependency and not included in the pycaret installation. Please run: `pip install catboost` to install.
Alternately, you can install this by running `pip install pycaret[models]`
2026-10-07 12:55:37,315:INFO:Engine successfully changes for model 'svm' to 'sklearn'.
2026-10-07 12:55:37,414:INFO:Soft dependency imported: xgboost: 3.1.2
2026-10-07 12:55:37,416:WARNING:
'catboost' is a soft dependency and not included in the pycaret installation. Please run: `pip install catboost` to install.
Alternately, you can install this by running `pip install pycaret[models]`
2026-10-07 12:55:37,513:INFO:Soft dependency imported: xgboost: 3.1.2
2026-10-07 12:55:37,515:WARNING:
'catboost' is a soft dependency and not included in the pycaret installation. Please run: `pip install catboost` to install.
Alternately, you can install this by running `pip install pycaret[models]`
2026-10-07 12:55:37,517:INFO:Preparing preprocessing pipeline...
2026-10-07 12:55:37,517:INFO:Set up simple imputation.
2026-10-07 12:55:37,529:INFO:Set up encoding of ordinal features.
2026-10-07 12:55:37,539:INFO:Set up encoding of categorical features.
2026-10-07 12:55:37,844:INFO:Finished creating preprocessing pipeline.
2026-10-07 12:55:37,863:INFO:Pipeline: Pipeline(memory=FastMemory(location=C:\Users\bordasm\AppData\Local\Temp\joblib),
         steps=[('numerical_imputer',
                 TransformerWrapper(include=['harvest_calendar_year',
                                             'harvest_month',
                                             'farm_size_hectares',
                                             'tree_age_years',
                                             'altitude_mean_meters',
                                             'avg_temp_c',
                                             'avg_annual_rainfall_mm',
                                             'humidity_pct',
                                             'drying_duration_days',
                                             'storage_months',
                                             'bean_size_screen', '...
                                             'processing_method',
                                             'drying_method',
                                             'traceability_level',
                                             'certification',
                                             'intended_buyer_segment',
                                             'roast_level'],
                                    transformer=OneHotEncoder(cols=['harvest_season',
                                                                    'country_of_origin',
                                                                    'farm_type',
                                                                    'processing_method',
                                                                    'drying_method',
                                                                    'traceability_level',
                                                                    'certification',
                                                                    'intended_buyer_segment',
                                                                    'roast_level'],
                                                              handle_missing='return_nan',
                                                              use_cat_names=True)))])
2026-10-07 12:55:37,863:INFO:Creating final display dataframe.
2026-10-07 12:55:38,775:INFO:Setup _display_container:                     Description                 Value
0                    Session id                     7
1                        Target  coffee_quality_score
2                   Target type            Regression
3           Original data shape           (35700, 36)
4        Transformed data shape           (35700, 60)
5   Transformed train set shape           (28560, 60)
6    Transformed test set shape            (7140, 60)
7               Ignore features                     4
8              Numeric features                    20
9          Categorical features                    11
10     Rows with missing values                 66.4%
11                   Preprocess                  True
12              Imputation type                simple
13           Numeric imputation                  mean
14       Categorical imputation                  mode
15     Maximum one-hot encoding                    25
16              Encoding method                  None
17               Fold Generator                 KFold
18                  Fold Number                    10
19                     CPU Jobs                    -1
20                      Use GPU                 False
21               Log Experiment                 False
22              Experiment Name      reg-default-name
23                          USI                  2f3c
2026-10-07 12:55:38,871:INFO:Soft dependency imported: xgboost: 3.1.2
2026-10-07 12:55:38,873:WARNING:
'catboost' is a soft dependency and not included in the pycaret installation. Please run: `pip install catboost` to install.
Alternately, you can install this by running `pip install pycaret[models]`
2026-10-07 12:55:38,981:INFO:Soft dependency imported: xgboost: 3.1.2
2026-10-07 12:55:38,983:WARNING:
'catboost' is a soft dependency and not included in the pycaret installation. Please run: `pip install catboost` to install.
Alternately, you can install this by running `pip install pycaret[models]`
2026-10-07 12:55:38,984:INFO:setup() successfully completed in 3.0s...............
2026-10-07 12:55:38,984:INFO:Initializing create_model()
2026-10-07 12:55:38,984:INFO:create_model(self=<pycaret.regression.oop.RegressionExperiment object at 0x000001C4011E4150>, estimator=lightgbm, fold=3, round=4, cross_validation=True, predict=True, fit_kwargs=None, groups=None, refit=True, probability_threshold=None, experiment_custom_tags=None, verbose=True, system=True, add_to_model_list=True, metrics=None, display=None, model_only=True, return_train_score=False, error_score=0.0, kwargs={})
2026-10-07 12:55:38,984:INFO:Checking exceptions
2026-10-07 12:55:38,985:INFO:Importing libraries
2026-10-07 12:55:38,986:INFO:Copying training dataset
2026-10-07 12:55:39,007:INFO:Defining folds
2026-10-07 12:55:39,007:INFO:Declaring metric variables
2026-10-07 12:55:39,008:INFO:Importing untrained model
2026-10-07 12:55:39,008:INFO:Light Gradient Boosting Machine Imported successfully
2026-10-07 12:55:39,009:INFO:Starting cross validation
2026-10-07 12:55:39,010:INFO:Cross validating with KFold(n_splits=3, random_state=None, shuffle=False), n_jobs=-1
2026-10-07 12:55:42,911:INFO:Calculating mean and std
2026-10-07 12:55:42,912:INFO:Creating metrics dataframe
2026-10-07 12:55:42,916:INFO:Finalizing model
2026-10-07 12:55:43,487:INFO:[LightGBM] [Warning] Found whitespace in feature_names, replace with underlines
2026-10-07 12:55:43,491:INFO:[LightGBM] [Info] Auto-choosing col-wise multi-threading, the overhead of testing was 0.001843 seconds.
2026-10-07 12:55:43,491:INFO:You can set `force_col_wise=true` to remove the overhead.
2026-10-07 12:55:43,491:INFO:[LightGBM] [Info] Total Bins 3774
2026-10-07 12:55:43,491:INFO:[LightGBM] [Info] Number of data points in the train set: 28560, number of used features: 59
2026-10-07 12:55:43,492:INFO:[LightGBM] [Info] Start training from score 77.591369
2026-10-07 12:55:43,751:INFO:Uploading results into container
2026-10-07 12:55:43,752:INFO:Uploading model into container now
2026-10-07 12:55:43,761:INFO:_master_model_container: 1
2026-10-07 12:55:43,762:INFO:_display_container: 2
2026-10-07 12:55:43,763:INFO:LGBMRegressor(n_jobs=-1, random_state=7)
2026-10-07 12:55:43,763:INFO:create_model() successfully completed......................................
2026-10-07 12:55:44,407:INFO:PyCaret RegressionExperiment
2026-10-07 12:55:44,407:INFO:Logging name: reg-default-name
2026-10-07 12:55:44,407:INFO:ML Usecase: MLUsecase.REGRESSION
2026-10-07 12:55:44,407:INFO:version 3.3.2
2026-10-07 12:55:44,407:INFO:Initializing setup()
2026-10-07 12:55:44,407:INFO:self.USI: 2eda
2026-10-07 12:55:44,407:INFO:self._variable_keys: {'gpu_n_jobs_param', 'USI', 'fold_groups_param', 'y_train', 'exp_name_log', 'transform_target_param', 'log_plots_param', 'idx', 'html_param', 'y', 'data', 'pipeline', 'X', 'gpu_param', 'exp_id', 'y_test', 'memory', 'seed', 'logging_param', 'fold_shuffle_param', '_available_plots', 'n_jobs_param', 'target_param', 'fold_generator', '_ml_usecase', 'X_train', 'X_test'}
2026-10-07 12:55:44,407:INFO:Checking environment
2026-10-07 12:55:44,408:INFO:python_version: 3.11.9
2026-10-07 12:55:44,408:INFO:python_build: ('tags/v3.11.9:de54cf5', 'Apr  2 2024 10:12:12')
2026-10-07 12:55:44,408:INFO:machine: AMD64
2026-10-07 12:55:44,408:INFO:platform: Windows-10-10.0.26200-SP0
2026-10-07 12:55:44,409:INFO:Memory: svmem(total=16868499456, available=3196436480, percent=81.1, used=13672062976, free=3196436480)
2026-10-07 12:55:44,409:INFO:Physical Core: 8
2026-10-07 12:55:44,409:INFO:Logical Core: 16
2026-10-07 12:55:44,409:INFO:Checking libraries
2026-10-07 12:55:44,410:INFO:System:
2026-10-07 12:55:44,410:INFO:    python: 3.11.9 (tags/v3.11.9:de54cf5, Apr  2 2024, 10:12:12) [MSC v.1938 64 bit (AMD64)]
2026-10-07 12:55:44,411:INFO:executable: C:\Users\bordasm\.venv\Scripts\python.exe
2026-10-07 12:55:44,411:INFO:   machine: Windows-10-10.0.26200-SP0
2026-10-07 12:55:44,411:INFO:PyCaret required dependencies:
2026-10-07 12:55:44,412:INFO:                 pip: 26.2.1
2026-10-07 12:55:44,412:INFO:          setuptools: 65.5.0
2026-10-07 12:55:44,412:INFO:             pycaret: 3.3.2
2026-10-07 12:55:44,412:INFO:             IPython: 9.3.0
2026-10-07 12:55:44,413:INFO:          ipywidgets: 8.1.9
2026-10-07 12:55:44,413:INFO:                tqdm: 4.67.1
2026-10-07 12:55:44,413:INFO:               numpy: 1.26.4
2026-10-07 12:55:44,414:INFO:              pandas: 2.1.4
2026-10-07 12:55:44,414:INFO:              jinja2: 3.1.4
2026-10-07 12:55:44,414:INFO:               scipy: 1.11.4
2026-10-07 12:55:44,414:INFO:              joblib: 1.3.2
2026-10-07 12:55:44,414:INFO:             sklearn: 1.4.2
2026-10-07 12:55:44,414:INFO:                pyod: 3.4.0
2026-10-07 12:55:44,415:INFO:            imblearn: 0.13.0
2026-10-07 12:55:44,416:INFO:   category_encoders: 2.7.0
2026-10-07 12:55:44,416:INFO:            lightgbm: 4.6.0
2026-10-07 12:55:44,416:INFO:               numba: 0.68.0
2026-10-07 12:55:44,417:INFO:            requests: 2.32.3
2026-10-07 12:55:44,417:INFO:          matplotlib: 3.7.5
2026-10-07 12:55:44,417:INFO:          scikitplot: 0.3.7
2026-10-07 12:55:44,417:INFO:         yellowbrick: 1.5
2026-10-07 12:55:44,418:INFO:              plotly: 6.9.0
2026-10-07 12:55:44,418:INFO:    plotly-resampler: Not installed
2026-10-07 12:55:44,418:INFO:             kaleido: 1.5.0
2026-10-07 12:55:44,419:INFO:           schemdraw: 0.15
2026-10-07 12:55:44,419:INFO:         statsmodels: 0.15.0
2026-10-07 12:55:44,420:INFO:              sktime: 0.26.0
2026-10-07 12:55:44,420:INFO:               tbats: 1.1.3
2026-10-07 12:55:44,420:INFO:            pmdarima: 2.0.4
2026-10-07 12:55:44,421:INFO:              psutil: 7.0.0
2026-10-07 12:55:44,421:INFO:          markupsafe: 2.1.5
2026-10-07 12:55:44,422:INFO:             pickle5: Not installed
2026-10-07 12:55:44,422:INFO:         cloudpickle: 3.1.2
2026-10-07 12:55:44,422:INFO:         deprecation: 2.1.0
2026-10-07 12:55:44,422:INFO:              xxhash: 4.0.1
2026-10-07 12:55:44,422:INFO:           wurlitzer: Not installed
2026-10-07 12:55:44,422:INFO:PyCaret optional dependencies:
2026-10-07 12:55:44,422:INFO:                shap: Not installed
2026-10-07 12:55:44,423:INFO:           interpret: Not installed
2026-10-07 12:55:44,423:INFO:                umap: Not installed
2026-10-07 12:55:44,423:INFO:     ydata_profiling: Not installed
2026-10-07 12:55:44,423:INFO:  explainerdashboard: Not installed
2026-10-07 12:55:44,423:INFO:             autoviz: Not installed
2026-10-07 12:55:44,424:INFO:           fairlearn: Not installed
2026-10-07 12:55:44,424:INFO:          deepchecks: Not installed
2026-10-07 12:55:44,424:INFO:             xgboost: 3.1.2
2026-10-07 12:55:44,425:INFO:            catboost: Not installed
2026-10-07 12:55:44,425:INFO:              kmodes: Not installed
2026-10-07 12:55:44,425:INFO:             mlxtend: Not installed
2026-10-07 12:55:44,425:INFO:       statsforecast: Not installed
2026-10-07 12:55:44,425:INFO:        tune_sklearn: Not installed
2026-10-07 12:55:44,426:INFO:                 ray: Not installed
2026-10-07 12:55:44,426:INFO:            hyperopt: Not installed
2026-10-07 12:55:44,426:INFO:              optuna: Not installed
2026-10-07 12:55:44,427:INFO:               skopt: Not installed
2026-10-07 12:55:44,427:INFO:              mlflow: 3.17.0
2026-10-07 12:55:44,427:INFO:              gradio: Not installed
2026-10-07 12:55:44,428:INFO:             fastapi: 0.142.2
2026-10-07 12:55:44,428:INFO:             uvicorn: 0.54.0
2026-10-07 12:55:44,428:INFO:              m2cgen: Not installed
2026-10-07 12:55:44,428:INFO:           evidently: Not installed
2026-10-07 12:55:44,429:INFO:               fugue: Not installed
2026-10-07 12:55:44,429:INFO:           streamlit: Not installed
2026-10-07 12:55:44,429:INFO:             prophet: Not installed
2026-10-07 12:55:44,429:INFO:None
2026-10-07 12:55:44,430:INFO:Set up data.
2026-10-07 12:55:44,537:INFO:Set up folding strategy.
2026-10-07 12:55:44,538:INFO:Set up train/test split.
2026-10-07 12:55:44,585:INFO:Set up index.
2026-10-07 12:55:44,586:INFO:Assigning column types.
2026-10-07 12:55:44,605:INFO:Engine successfully changes for model 'lr' to 'sklearn'.
2026-10-07 12:55:44,606:INFO:Engine for model 'lasso' has not been set explicitly, hence returning None.
2026-10-07 12:55:44,609:INFO:Engine for model 'ridge' has not been set explicitly, hence returning None.
2026-10-07 12:55:44,612:INFO:Engine for model 'en' has not been set explicitly, hence returning None.
2026-10-07 12:55:44,678:INFO:Engine for model 'svm' has not been set explicitly, hence returning None.
2026-10-07 12:55:44,718:INFO:Engine for model 'knn' has not been set explicitly, hence returning None.
2026-10-07 12:55:44,719:INFO:Soft dependency imported: xgboost: 3.1.2
2026-10-07 12:55:44,721:WARNING:
'catboost' is a soft dependency and not included in the pycaret installation. Please run: `pip install catboost` to install.
Alternately, you can install this by running `pip install pycaret[models]`
2026-10-07 12:55:44,721:INFO:Engine for model 'lasso' has not been set explicitly, hence returning None.
2026-10-07 12:55:44,725:INFO:Engine for model 'ridge' has not been set explicitly, hence returning None.
2026-10-07 12:55:44,729:INFO:Engine for model 'en' has not been set explicitly, hence returning None.
2026-10-07 12:55:44,789:INFO:Engine for model 'svm' has not been set explicitly, hence returning None.
2026-10-07 12:55:44,824:INFO:Engine for model 'knn' has not been set explicitly, hence returning None.
2026-10-07 12:55:44,825:INFO:Soft dependency imported: xgboost: 3.1.2
2026-10-07 12:55:44,828:WARNING:
'catboost' is a soft dependency and not included in the pycaret installation. Please run: `pip install catboost` to install.
Alternately, you can install this by running `pip install pycaret[models]`
2026-10-07 12:55:44,828:INFO:Engine successfully changes for model 'lasso' to 'sklearn'.
2026-10-07 12:55:44,833:INFO:Engine for model 'ridge' has not been set explicitly, hence returning None.
2026-10-07 12:55:44,837:INFO:Engine for model 'en' has not been set explicitly, hence returning None.
2026-10-07 12:55:44,900:INFO:Engine for model 'svm' has not been set explicitly, hence returning None.
2026-10-07 12:55:44,936:INFO:Engine for model 'knn' has not been set explicitly, hence returning None.
2026-10-07 12:55:44,936:INFO:Soft dependency imported: xgboost: 3.1.2
2026-10-07 12:55:44,939:WARNING:
'catboost' is a soft dependency and not included in the pycaret installation. Please run: `pip install catboost` to install.
Alternately, you can install this by running `pip install pycaret[models]`
2026-10-07 12:55:44,943:INFO:Engine for model 'ridge' has not been set explicitly, hence returning None.
2026-10-07 12:55:44,947:INFO:Engine for model 'en' has not been set explicitly, hence returning None.
2026-10-07 12:55:45,009:INFO:Engine for model 'svm' has not been set explicitly, hence returning None.
2026-10-07 12:55:45,045:INFO:Engine for model 'knn' has not been set explicitly, hence returning None.
2026-10-07 12:55:45,045:INFO:Soft dependency imported: xgboost: 3.1.2
2026-10-07 12:55:45,048:WARNING:
'catboost' is a soft dependency and not included in the pycaret installation. Please run: `pip install catboost` to install.
Alternately, you can install this by running `pip install pycaret[models]`
2026-10-07 12:55:45,048:INFO:Engine successfully changes for model 'ridge' to 'sklearn'.
2026-10-07 12:55:45,057:INFO:Engine for model 'en' has not been set explicitly, hence returning None.
2026-10-07 12:55:45,110:INFO:Engine for model 'svm' has not been set explicitly, hence returning None.
2026-10-07 12:55:45,142:INFO:Engine for model 'knn' has not been set explicitly, hence returning None.
2026-10-07 12:55:45,142:INFO:Soft dependency imported: xgboost: 3.1.2
2026-10-07 12:55:45,144:WARNING:
'catboost' is a soft dependency and not included in the pycaret installation. Please run: `pip install catboost` to install.
Alternately, you can install this by running `pip install pycaret[models]`
2026-10-07 12:55:45,151:INFO:Engine for model 'en' has not been set explicitly, hence returning None.
2026-10-07 12:55:45,205:INFO:Engine for model 'svm' has not been set explicitly, hence returning None.
2026-10-07 12:55:45,238:INFO:Engine for model 'knn' has not been set explicitly, hence returning None.
2026-10-07 12:55:45,238:INFO:Soft dependency imported: xgboost: 3.1.2
2026-10-07 12:55:45,240:WARNING:
'catboost' is a soft dependency and not included in the pycaret installation. Please run: `pip install catboost` to install.
Alternately, you can install this by running `pip install pycaret[models]`
2026-10-07 12:55:45,240:INFO:Engine successfully changes for model 'en' to 'sklearn'.
2026-10-07 12:55:45,302:INFO:Engine for model 'svm' has not been set explicitly, hence returning None.
2026-10-07 12:55:45,334:INFO:Engine for model 'knn' has not been set explicitly, hence returning None.
2026-10-07 12:55:45,335:INFO:Soft dependency imported: xgboost: 3.1.2
2026-10-07 12:55:45,337:WARNING:
'catboost' is a soft dependency and not included in the pycaret installation. Please run: `pip install catboost` to install.
Alternately, you can install this by running `pip install pycaret[models]`
2026-10-07 12:55:45,399:INFO:Engine for model 'svm' has not been set explicitly, hence returning None.
2026-10-07 12:55:45,431:INFO:Engine for model 'knn' has not been set explicitly, hence returning None.
2026-10-07 12:55:45,432:INFO:Soft dependency imported: xgboost: 3.1.2
2026-10-07 12:55:45,434:WARNING:
'catboost' is a soft dependency and not included in the pycaret installation. Please run: `pip install catboost` to install.
Alternately, you can install this by running `pip install pycaret[models]`
2026-10-07 12:55:45,435:INFO:Engine successfully changes for model 'knn' to 'sklearn'.
2026-10-07 12:55:45,495:INFO:Engine for model 'svm' has not been set explicitly, hence returning None.
2026-10-07 12:55:45,528:INFO:Soft dependency imported: xgboost: 3.1.2
2026-10-07 12:55:45,530:WARNING:
'catboost' is a soft dependency and not included in the pycaret installation. Please run: `pip install catboost` to install.
Alternately, you can install this by running `pip install pycaret[models]`
2026-10-07 12:55:45,602:INFO:Engine for model 'svm' has not been set explicitly, hence returning None.
2026-10-07 12:55:45,636:INFO:Soft dependency imported: xgboost: 3.1.2
2026-10-07 12:55:45,637:WARNING:
'catboost' is a soft dependency and not included in the pycaret installation. Please run: `pip install catboost` to install.
Alternately, you can install this by running `pip install pycaret[models]`
2026-10-07 12:55:45,638:INFO:Engine successfully changes for model 'svm' to 'sklearn'.
2026-10-07 12:55:45,732:INFO:Soft dependency imported: xgboost: 3.1.2
2026-10-07 12:55:45,735:WARNING:
'catboost' is a soft dependency and not included in the pycaret installation. Please run: `pip install catboost` to install.
Alternately, you can install this by running `pip install pycaret[models]`
2026-10-07 12:55:45,831:INFO:Soft dependency imported: xgboost: 3.1.2
2026-10-07 12:55:45,834:WARNING:
'catboost' is a soft dependency and not included in the pycaret installation. Please run: `pip install catboost` to install.
Alternately, you can install this by running `pip install pycaret[models]`
2026-10-07 12:55:45,837:INFO:Preparing preprocessing pipeline...
2026-10-07 12:55:45,837:INFO:Set up simple imputation.
2026-10-07 12:55:45,847:INFO:Set up encoding of ordinal features.
2026-10-07 12:55:45,858:INFO:Set up encoding of categorical features.
2026-10-07 12:55:46,129:INFO:Finished creating preprocessing pipeline.
2026-10-07 12:55:46,150:INFO:Pipeline: Pipeline(memory=FastMemory(location=C:\Users\bordasm\AppData\Local\Temp\joblib),
         steps=[('numerical_imputer',
                 TransformerWrapper(include=['harvest_calendar_year',
                                             'harvest_month',
                                             'farm_size_hectares',
                                             'tree_age_years',
                                             'altitude_mean_meters',
                                             'avg_temp_c',
                                             'avg_annual_rainfall_mm',
                                             'humidity_pct',
                                             'drying_duration_days',
                                             'storage_months',
                                             'bean_size_screen', '...
                                             'processing_method',
                                             'drying_method',
                                             'traceability_level',
                                             'certification',
                                             'intended_buyer_segment',
                                             'roast_level'],
                                    transformer=OneHotEncoder(cols=['harvest_season',
                                                                    'country_of_origin',
                                                                    'farm_type',
                                                                    'processing_method',
                                                                    'drying_method',
                                                                    'traceability_level',
                                                                    'certification',
                                                                    'intended_buyer_segment',
                                                                    'roast_level'],
                                                              handle_missing='return_nan',
                                                              use_cat_names=True)))])
2026-10-07 12:55:46,150:INFO:Creating final display dataframe.
2026-10-07 12:55:46,985:INFO:Setup _display_container:                     Description                 Value
0                    Session id                     8
1                        Target  coffee_quality_score
2                   Target type            Regression
3           Original data shape           (35700, 36)
4        Transformed data shape           (35700, 60)
5   Transformed train set shape           (28560, 60)
6    Transformed test set shape            (7140, 60)
7               Ignore features                     4
8              Numeric features                    20
9          Categorical features                    11
10     Rows with missing values                 66.4%
11                   Preprocess                  True
12              Imputation type                simple
13           Numeric imputation                  mean
14       Categorical imputation                  mode
15     Maximum one-hot encoding                    25
16              Encoding method                  None
17               Fold Generator                 KFold
18                  Fold Number                    10
19                     CPU Jobs                    -1
20                      Use GPU                 False
21               Log Experiment                 False
22              Experiment Name      reg-default-name
23                          USI                  2eda
2026-10-07 12:55:47,091:INFO:Soft dependency imported: xgboost: 3.1.2
2026-10-07 12:55:47,093:WARNING:
'catboost' is a soft dependency and not included in the pycaret installation. Please run: `pip install catboost` to install.
Alternately, you can install this by running `pip install pycaret[models]`
2026-10-07 12:55:47,186:INFO:Soft dependency imported: xgboost: 3.1.2
2026-10-07 12:55:47,188:WARNING:
'catboost' is a soft dependency and not included in the pycaret installation. Please run: `pip install catboost` to install.
Alternately, you can install this by running `pip install pycaret[models]`
2026-10-07 12:55:47,188:INFO:setup() successfully completed in 2.91s...............
2026-10-07 12:55:47,188:INFO:Initializing create_model()
2026-10-07 12:55:47,188:INFO:create_model(self=<pycaret.regression.oop.RegressionExperiment object at 0x000001C4011E4090>, estimator=lightgbm, fold=3, round=4, cross_validation=True, predict=True, fit_kwargs=None, groups=None, refit=True, probability_threshold=None, experiment_custom_tags=None, verbose=True, system=True, add_to_model_list=True, metrics=None, display=None, model_only=True, return_train_score=False, error_score=0.0, kwargs={})
2026-10-07 12:55:47,188:INFO:Checking exceptions
2026-10-07 12:55:47,189:INFO:Importing libraries
2026-10-07 12:55:47,189:INFO:Copying training dataset
2026-10-07 12:55:47,212:INFO:Defining folds
2026-10-07 12:55:47,213:INFO:Declaring metric variables
2026-10-07 12:55:47,213:INFO:Importing untrained model
2026-10-07 12:55:47,214:INFO:Light Gradient Boosting Machine Imported successfully
2026-10-07 12:55:47,214:INFO:Starting cross validation
2026-10-07 12:55:47,216:INFO:Cross validating with KFold(n_splits=3, random_state=None, shuffle=False), n_jobs=-1
2026-10-07 12:55:49,716:INFO:Calculating mean and std
2026-10-07 12:55:49,717:INFO:Creating metrics dataframe
2026-10-07 12:55:49,719:INFO:Finalizing model
2026-10-07 12:55:50,260:INFO:[LightGBM] [Warning] Found whitespace in feature_names, replace with underlines
2026-10-07 12:55:50,265:INFO:[LightGBM] [Info] Auto-choosing col-wise multi-threading, the overhead of testing was 0.002740 seconds.
2026-10-07 12:55:50,265:INFO:You can set `force_col_wise=true` to remove the overhead.
2026-10-07 12:55:50,266:INFO:[LightGBM] [Info] Total Bins 3769
2026-10-07 12:55:50,266:INFO:[LightGBM] [Info] Number of data points in the train set: 28560, number of used features: 59
2026-10-07 12:55:50,267:INFO:[LightGBM] [Info] Start training from score 77.603796
2026-10-07 12:55:50,498:INFO:Uploading results into container
2026-10-07 12:55:50,500:INFO:Uploading model into container now
2026-10-07 12:55:50,510:INFO:_master_model_container: 1
2026-10-07 12:55:50,510:INFO:_display_container: 2
2026-10-07 12:55:50,511:INFO:LGBMRegressor(n_jobs=-1, random_state=8)
2026-10-07 12:55:50,512:INFO:create_model() successfully completed......................................
2026-10-07 12:55:51,216:INFO:PyCaret RegressionExperiment
2026-10-07 12:55:51,217:INFO:Logging name: reg-default-name
2026-10-07 12:55:51,217:INFO:ML Usecase: MLUsecase.REGRESSION
2026-10-07 12:55:51,217:INFO:version 3.3.2
2026-10-07 12:55:51,217:INFO:Initializing setup()
2026-10-07 12:55:51,217:INFO:self.USI: bd4f
2026-10-07 12:55:51,218:INFO:self._variable_keys: {'gpu_n_jobs_param', 'USI', 'fold_groups_param', 'y_train', 'exp_name_log', 'transform_target_param', 'log_plots_param', 'idx', 'html_param', 'y', 'data', 'pipeline', 'X', 'gpu_param', 'exp_id', 'y_test', 'memory', 'seed', 'logging_param', 'fold_shuffle_param', '_available_plots', 'n_jobs_param', 'target_param', 'fold_generator', '_ml_usecase', 'X_train', 'X_test'}
2026-10-07 12:55:51,218:INFO:Checking environment
2026-10-07 12:55:51,218:INFO:python_version: 3.11.9
2026-10-07 12:55:51,219:INFO:python_build: ('tags/v3.11.9:de54cf5', 'Apr  2 2024 10:12:12')
2026-10-07 12:55:51,219:INFO:machine: AMD64
2026-10-07 12:55:51,219:INFO:platform: Windows-10-10.0.26200-SP0
2026-10-07 12:55:51,220:INFO:Memory: svmem(total=16868499456, available=3165724672, percent=81.2, used=13702774784, free=3165724672)
2026-10-07 12:55:51,220:INFO:Physical Core: 8
2026-10-07 12:55:51,220:INFO:Logical Core: 16
2026-10-07 12:55:51,221:INFO:Checking libraries
2026-10-07 12:55:51,221:INFO:System:
2026-10-07 12:55:51,221:INFO:    python: 3.11.9 (tags/v3.11.9:de54cf5, Apr  2 2024, 10:12:12) [MSC v.1938 64 bit (AMD64)]
2026-10-07 12:55:51,221:INFO:executable: C:\Users\bordasm\.venv\Scripts\python.exe
2026-10-07 12:55:51,221:INFO:   machine: Windows-10-10.0.26200-SP0
2026-10-07 12:55:51,222:INFO:PyCaret required dependencies:
2026-10-07 12:55:51,222:INFO:                 pip: 26.2.1
2026-10-07 12:55:51,222:INFO:          setuptools: 65.5.0
2026-10-07 12:55:51,222:INFO:             pycaret: 3.3.2
2026-10-07 12:55:51,222:INFO:             IPython: 9.3.0
2026-10-07 12:55:51,223:INFO:          ipywidgets: 8.1.9
2026-10-07 12:55:51,224:INFO:                tqdm: 4.67.1
2026-10-07 12:55:51,224:INFO:               numpy: 1.26.4
2026-10-07 12:55:51,224:INFO:              pandas: 2.1.4
2026-10-07 12:55:51,225:INFO:              jinja2: 3.1.4
2026-10-07 12:55:51,225:INFO:               scipy: 1.11.4
2026-10-07 12:55:51,225:INFO:              joblib: 1.3.2
2026-10-07 12:55:51,225:INFO:             sklearn: 1.4.2
2026-10-07 12:55:51,225:INFO:                pyod: 3.4.0
2026-10-07 12:55:51,225:INFO:            imblearn: 0.13.0
2026-10-07 12:55:51,226:INFO:   category_encoders: 2.7.0
2026-10-07 12:55:51,227:INFO:            lightgbm: 4.6.0
2026-10-07 12:55:51,227:INFO:               numba: 0.68.0
2026-10-07 12:55:51,228:INFO:            requests: 2.32.3
2026-10-07 12:55:51,229:INFO:          matplotlib: 3.7.5
2026-10-07 12:55:51,229:INFO:          scikitplot: 0.3.7
2026-10-07 12:55:51,230:INFO:         yellowbrick: 1.5
2026-10-07 12:55:51,230:INFO:              plotly: 6.9.0
2026-10-07 12:55:51,231:INFO:    plotly-resampler: Not installed
2026-10-07 12:55:51,231:INFO:             kaleido: 1.5.0
2026-10-07 12:55:51,231:INFO:           schemdraw: 0.15
2026-10-07 12:55:51,232:INFO:         statsmodels: 0.15.0
2026-10-07 12:55:51,232:INFO:              sktime: 0.26.0
2026-10-07 12:55:51,232:INFO:               tbats: 1.1.3
2026-10-07 12:55:51,233:INFO:            pmdarima: 2.0.4
2026-10-07 12:55:51,233:INFO:              psutil: 7.0.0
2026-10-07 12:55:51,233:INFO:          markupsafe: 2.1.5
2026-10-07 12:55:51,234:INFO:             pickle5: Not installed
2026-10-07 12:55:51,234:INFO:         cloudpickle: 3.1.2
2026-10-07 12:55:51,234:INFO:         deprecation: 2.1.0
2026-10-07 12:55:51,234:INFO:              xxhash: 4.0.1
2026-10-07 12:55:51,235:INFO:           wurlitzer: Not installed
2026-10-07 12:55:51,236:INFO:PyCaret optional dependencies:
2026-10-07 12:55:51,237:INFO:                shap: Not installed
2026-10-07 12:55:51,237:INFO:           interpret: Not installed
2026-10-07 12:55:51,238:INFO:                umap: Not installed
2026-10-07 12:55:51,238:INFO:     ydata_profiling: Not installed
2026-10-07 12:55:51,238:INFO:  explainerdashboard: Not installed
2026-10-07 12:55:51,238:INFO:             autoviz: Not installed
2026-10-07 12:55:51,238:INFO:           fairlearn: Not installed
2026-10-07 12:55:51,239:INFO:          deepchecks: Not installed
2026-10-07 12:55:51,239:INFO:             xgboost: 3.1.2
2026-10-07 12:55:51,240:INFO:            catboost: Not installed
2026-10-07 12:55:51,240:INFO:              kmodes: Not installed
2026-10-07 12:55:51,240:INFO:             mlxtend: Not installed
2026-10-07 12:55:51,240:INFO:       statsforecast: Not installed
2026-10-07 12:55:51,240:INFO:        tune_sklearn: Not installed
2026-10-07 12:55:51,241:INFO:                 ray: Not installed
2026-10-07 12:55:51,242:INFO:            hyperopt: Not installed
2026-10-07 12:55:51,242:INFO:              optuna: Not installed
2026-10-07 12:55:51,242:INFO:               skopt: Not installed
2026-10-07 12:55:51,242:INFO:              mlflow: 3.17.0
2026-10-07 12:55:51,243:INFO:              gradio: Not installed
2026-10-07 12:55:51,244:INFO:             fastapi: 0.142.2
2026-10-07 12:55:51,244:INFO:             uvicorn: 0.54.0
2026-10-07 12:55:51,244:INFO:              m2cgen: Not installed
2026-10-07 12:55:51,244:INFO:           evidently: Not installed
2026-10-07 12:55:51,244:INFO:               fugue: Not installed
2026-10-07 12:55:51,244:INFO:           streamlit: Not installed
2026-10-07 12:55:51,245:INFO:             prophet: Not installed
2026-10-07 12:55:51,245:INFO:None
2026-10-07 12:55:51,245:INFO:Set up data.
2026-10-07 12:55:51,369:INFO:Set up folding strategy.
2026-10-07 12:55:51,369:INFO:Set up train/test split.
2026-10-07 12:55:51,409:INFO:Set up index.
2026-10-07 12:55:51,410:INFO:Assigning column types.
2026-10-07 12:55:51,427:INFO:Engine successfully changes for model 'lr' to 'sklearn'.
2026-10-07 12:55:51,427:INFO:Engine for model 'lasso' has not been set explicitly, hence returning None.
2026-10-07 12:55:51,431:INFO:Engine for model 'ridge' has not been set explicitly, hence returning None.
2026-10-07 12:55:51,436:INFO:Engine for model 'en' has not been set explicitly, hence returning None.
2026-10-07 12:55:51,494:INFO:Engine for model 'svm' has not been set explicitly, hence returning None.
2026-10-07 12:55:51,527:INFO:Engine for model 'knn' has not been set explicitly, hence returning None.
2026-10-07 12:55:51,527:INFO:Soft dependency imported: xgboost: 3.1.2
2026-10-07 12:55:51,530:WARNING:
'catboost' is a soft dependency and not included in the pycaret installation. Please run: `pip install catboost` to install.
Alternately, you can install this by running `pip install pycaret[models]`
2026-10-07 12:55:51,531:INFO:Engine for model 'lasso' has not been set explicitly, hence returning None.
2026-10-07 12:55:51,534:INFO:Engine for model 'ridge' has not been set explicitly, hence returning None.
2026-10-07 12:55:51,538:INFO:Engine for model 'en' has not been set explicitly, hence returning None.
2026-10-07 12:55:51,593:INFO:Engine for model 'svm' has not been set explicitly, hence returning None.
2026-10-07 12:55:51,629:INFO:Engine for model 'knn' has not been set explicitly, hence returning None.
2026-10-07 12:55:51,629:INFO:Soft dependency imported: xgboost: 3.1.2
2026-10-07 12:55:51,631:WARNING:
'catboost' is a soft dependency and not included in the pycaret installation. Please run: `pip install catboost` to install.
Alternately, you can install this by running `pip install pycaret[models]`
2026-10-07 12:55:51,631:INFO:Engine successfully changes for model 'lasso' to 'sklearn'.
2026-10-07 12:55:51,635:INFO:Engine for model 'ridge' has not been set explicitly, hence returning None.
2026-10-07 12:55:51,638:INFO:Engine for model 'en' has not been set explicitly, hence returning None.
2026-10-07 12:55:51,695:INFO:Engine for model 'svm' has not been set explicitly, hence returning None.
2026-10-07 12:55:51,729:INFO:Engine for model 'knn' has not been set explicitly, hence returning None.
2026-10-07 12:55:51,729:INFO:Soft dependency imported: xgboost: 3.1.2
2026-10-07 12:55:51,731:WARNING:
'catboost' is a soft dependency and not included in the pycaret installation. Please run: `pip install catboost` to install.
Alternately, you can install this by running `pip install pycaret[models]`
2026-10-07 12:55:51,735:INFO:Engine for model 'ridge' has not been set explicitly, hence returning None.
2026-10-07 12:55:51,739:INFO:Engine for model 'en' has not been set explicitly, hence returning None.
2026-10-07 12:55:51,797:INFO:Engine for model 'svm' has not been set explicitly, hence returning None.
2026-10-07 12:55:51,832:INFO:Engine for model 'knn' has not been set explicitly, hence returning None.
2026-10-07 12:55:51,834:INFO:Soft dependency imported: xgboost: 3.1.2
2026-10-07 12:55:51,835:WARNING:
'catboost' is a soft dependency and not included in the pycaret installation. Please run: `pip install catboost` to install.
Alternately, you can install this by running `pip install pycaret[models]`
2026-10-07 12:55:51,835:INFO:Engine successfully changes for model 'ridge' to 'sklearn'.
2026-10-07 12:55:51,841:INFO:Engine for model 'en' has not been set explicitly, hence returning None.
2026-10-07 12:55:51,897:INFO:Engine for model 'svm' has not been set explicitly, hence returning None.
2026-10-07 12:55:51,929:INFO:Engine for model 'knn' has not been set explicitly, hence returning None.
2026-10-07 12:55:51,929:INFO:Soft dependency imported: xgboost: 3.1.2
2026-10-07 12:55:51,931:WARNING:
'catboost' is a soft dependency and not included in the pycaret installation. Please run: `pip install catboost` to install.
Alternately, you can install this by running `pip install pycaret[models]`
2026-10-07 12:55:51,938:INFO:Engine for model 'en' has not been set explicitly, hence returning None.
2026-10-07 12:55:51,991:INFO:Engine for model 'svm' has not been set explicitly, hence returning None.
2026-10-07 12:55:52,022:INFO:Engine for model 'knn' has not been set explicitly, hence returning None.
2026-10-07 12:55:52,022:INFO:Soft dependency imported: xgboost: 3.1.2
2026-10-07 12:55:52,024:WARNING:
'catboost' is a soft dependency and not included in the pycaret installation. Please run: `pip install catboost` to install.
Alternately, you can install this by running `pip install pycaret[models]`
2026-10-07 12:55:52,024:INFO:Engine successfully changes for model 'en' to 'sklearn'.
2026-10-07 12:55:52,087:INFO:Engine for model 'svm' has not been set explicitly, hence returning None.
2026-10-07 12:55:52,120:INFO:Engine for model 'knn' has not been set explicitly, hence returning None.
2026-10-07 12:55:52,120:INFO:Soft dependency imported: xgboost: 3.1.2
2026-10-07 12:55:52,122:WARNING:
'catboost' is a soft dependency and not included in the pycaret installation. Please run: `pip install catboost` to install.
Alternately, you can install this by running `pip install pycaret[models]`
2026-10-07 12:55:52,184:INFO:Engine for model 'svm' has not been set explicitly, hence returning None.
2026-10-07 12:55:52,225:INFO:Engine for model 'knn' has not been set explicitly, hence returning None.
2026-10-07 12:55:52,226:INFO:Soft dependency imported: xgboost: 3.1.2
2026-10-07 12:55:52,229:WARNING:
'catboost' is a soft dependency and not included in the pycaret installation. Please run: `pip install catboost` to install.
Alternately, you can install this by running `pip install pycaret[models]`
2026-10-07 12:55:52,229:INFO:Engine successfully changes for model 'knn' to 'sklearn'.
2026-10-07 12:55:52,305:INFO:Engine for model 'svm' has not been set explicitly, hence returning None.
2026-10-07 12:55:52,340:INFO:Soft dependency imported: xgboost: 3.1.2
2026-10-07 12:55:52,342:WARNING:
'catboost' is a soft dependency and not included in the pycaret installation. Please run: `pip install catboost` to install.
Alternately, you can install this by running `pip install pycaret[models]`
2026-10-07 12:55:52,407:INFO:Engine for model 'svm' has not been set explicitly, hence returning None.
2026-10-07 12:55:52,446:INFO:Soft dependency imported: xgboost: 3.1.2
2026-10-07 12:55:52,449:WARNING:
'catboost' is a soft dependency and not included in the pycaret installation. Please run: `pip install catboost` to install.
Alternately, you can install this by running `pip install pycaret[models]`
2026-10-07 12:55:52,450:INFO:Engine successfully changes for model 'svm' to 'sklearn'.
2026-10-07 12:55:52,543:INFO:Soft dependency imported: xgboost: 3.1.2
2026-10-07 12:55:52,544:WARNING:
'catboost' is a soft dependency and not included in the pycaret installation. Please run: `pip install catboost` to install.
Alternately, you can install this by running `pip install pycaret[models]`
2026-10-07 12:55:52,638:INFO:Soft dependency imported: xgboost: 3.1.2
2026-10-07 12:55:52,640:WARNING:
'catboost' is a soft dependency and not included in the pycaret installation. Please run: `pip install catboost` to install.
Alternately, you can install this by running `pip install pycaret[models]`
2026-10-07 12:55:52,641:INFO:Preparing preprocessing pipeline...
2026-10-07 12:55:52,642:INFO:Set up simple imputation.
2026-10-07 12:55:52,654:INFO:Set up encoding of ordinal features.
2026-10-07 12:55:52,661:INFO:Set up encoding of categorical features.
2026-10-07 12:55:52,924:INFO:Finished creating preprocessing pipeline.
2026-10-07 12:55:52,943:INFO:Pipeline: Pipeline(memory=FastMemory(location=C:\Users\bordasm\AppData\Local\Temp\joblib),
         steps=[('numerical_imputer',
                 TransformerWrapper(include=['harvest_calendar_year',
                                             'harvest_month',
                                             'farm_size_hectares',
                                             'tree_age_years',
                                             'altitude_mean_meters',
                                             'avg_temp_c',
                                             'avg_annual_rainfall_mm',
                                             'humidity_pct',
                                             'drying_duration_days',
                                             'storage_months',
                                             'bean_size_screen', '...
                                             'processing_method',
                                             'drying_method',
                                             'traceability_level',
                                             'certification',
                                             'intended_buyer_segment',
                                             'roast_level'],
                                    transformer=OneHotEncoder(cols=['harvest_season',
                                                                    'country_of_origin',
                                                                    'farm_type',
                                                                    'processing_method',
                                                                    'drying_method',
                                                                    'traceability_level',
                                                                    'certification',
                                                                    'intended_buyer_segment',
                                                                    'roast_level'],
                                                              handle_missing='return_nan',
                                                              use_cat_names=True)))])
2026-10-07 12:55:52,943:INFO:Creating final display dataframe.
2026-10-07 12:55:53,821:INFO:Setup _display_container:                     Description                 Value
0                    Session id                     9
1                        Target  coffee_quality_score
2                   Target type            Regression
3           Original data shape           (35700, 36)
4        Transformed data shape           (35700, 60)
5   Transformed train set shape           (28560, 60)
6    Transformed test set shape            (7140, 60)
7               Ignore features                     4
8              Numeric features                    20
9          Categorical features                    11
10     Rows with missing values                 66.4%
11                   Preprocess                  True
12              Imputation type                simple
13           Numeric imputation                  mean
14       Categorical imputation                  mode
15     Maximum one-hot encoding                    25
16              Encoding method                  None
17               Fold Generator                 KFold
18                  Fold Number                    10
19                     CPU Jobs                    -1
20                      Use GPU                 False
21               Log Experiment                 False
22              Experiment Name      reg-default-name
23                          USI                  bd4f
2026-10-07 12:55:53,926:INFO:Soft dependency imported: xgboost: 3.1.2
2026-10-07 12:55:53,928:WARNING:
'catboost' is a soft dependency and not included in the pycaret installation. Please run: `pip install catboost` to install.
Alternately, you can install this by running `pip install pycaret[models]`
2026-10-07 12:55:54,028:INFO:Soft dependency imported: xgboost: 3.1.2
2026-10-07 12:55:54,030:WARNING:
'catboost' is a soft dependency and not included in the pycaret installation. Please run: `pip install catboost` to install.
Alternately, you can install this by running `pip install pycaret[models]`
2026-10-07 12:55:54,030:INFO:setup() successfully completed in 2.95s...............
2026-10-07 12:55:54,031:INFO:Initializing create_model()
2026-10-07 12:55:54,031:INFO:create_model(self=<pycaret.regression.oop.RegressionExperiment object at 0x000001C401243D90>, estimator=lightgbm, fold=3, round=4, cross_validation=True, predict=True, fit_kwargs=None, groups=None, refit=True, probability_threshold=None, experiment_custom_tags=None, verbose=True, system=True, add_to_model_list=True, metrics=None, display=None, model_only=True, return_train_score=False, error_score=0.0, kwargs={})
2026-10-07 12:55:54,031:INFO:Checking exceptions
2026-10-07 12:55:54,032:INFO:Importing libraries
2026-10-07 12:55:54,032:INFO:Copying training dataset
2026-10-07 12:55:54,059:INFO:Defining folds
2026-10-07 12:55:54,059:INFO:Declaring metric variables
2026-10-07 12:55:54,059:INFO:Importing untrained model
2026-10-07 12:55:54,060:INFO:Light Gradient Boosting Machine Imported successfully
2026-10-07 12:55:54,060:INFO:Starting cross validation
2026-10-07 12:55:54,062:INFO:Cross validating with KFold(n_splits=3, random_state=None, shuffle=False), n_jobs=-1
2026-10-07 12:55:56,370:INFO:Calculating mean and std
2026-10-07 12:55:56,371:INFO:Creating metrics dataframe
2026-10-07 12:55:56,374:INFO:Finalizing model
2026-10-07 12:55:56,904:INFO:[LightGBM] [Warning] Found whitespace in feature_names, replace with underlines
2026-10-07 12:55:56,909:INFO:[LightGBM] [Info] Auto-choosing col-wise multi-threading, the overhead of testing was 0.002002 seconds.
2026-10-07 12:55:56,909:INFO:You can set `force_col_wise=true` to remove the overhead.
2026-10-07 12:55:56,909:INFO:[LightGBM] [Info] Total Bins 3770
2026-10-07 12:55:56,909:INFO:[LightGBM] [Info] Number of data points in the train set: 28560, number of used features: 59
2026-10-07 12:55:56,910:INFO:[LightGBM] [Info] Start training from score 77.591646
2026-10-07 12:55:57,187:INFO:Uploading results into container
2026-10-07 12:55:57,188:INFO:Uploading model into container now
2026-10-07 12:55:57,198:INFO:_master_model_container: 1
2026-10-07 12:55:57,198:INFO:_display_container: 2
2026-10-07 12:55:57,199:INFO:LGBMRegressor(n_jobs=-1, random_state=9)
2026-10-07 12:55:57,199:INFO:create_model() successfully completed......................................
2026-10-07 12:55:57,806:INFO:PyCaret RegressionExperiment
2026-10-07 12:55:57,806:INFO:Logging name: reg-default-name
2026-10-07 12:55:57,806:INFO:ML Usecase: MLUsecase.REGRESSION
2026-10-07 12:55:57,806:INFO:version 3.3.2
2026-10-07 12:55:57,806:INFO:Initializing setup()
2026-10-07 12:55:57,806:INFO:self.USI: 203a
2026-10-07 12:55:57,806:INFO:self._variable_keys: {'gpu_n_jobs_param', 'USI', 'fold_groups_param', 'y_train', 'exp_name_log', 'transform_target_param', 'log_plots_param', 'idx', 'html_param', 'y', 'data', 'pipeline', 'X', 'gpu_param', 'exp_id', 'y_test', 'memory', 'seed', 'logging_param', 'fold_shuffle_param', '_available_plots', 'n_jobs_param', 'target_param', 'fold_generator', '_ml_usecase', 'X_train', 'X_test'}
2026-10-07 12:55:57,806:INFO:Checking environment
2026-10-07 12:55:57,807:INFO:python_version: 3.11.9
2026-10-07 12:55:57,807:INFO:python_build: ('tags/v3.11.9:de54cf5', 'Apr  2 2024 10:12:12')
2026-10-07 12:55:57,807:INFO:machine: AMD64
2026-10-07 12:55:57,807:INFO:platform: Windows-10-10.0.26200-SP0
2026-10-07 12:55:57,807:INFO:Memory: svmem(total=16868499456, available=3162505216, percent=81.3, used=13705994240, free=3162505216)
2026-10-07 12:55:57,808:INFO:Physical Core: 8
2026-10-07 12:55:57,808:INFO:Logical Core: 16
2026-10-07 12:55:57,808:INFO:Checking libraries
2026-10-07 12:55:57,808:INFO:System:
2026-10-07 12:55:57,809:INFO:    python: 3.11.9 (tags/v3.11.9:de54cf5, Apr  2 2024, 10:12:12) [MSC v.1938 64 bit (AMD64)]
2026-10-07 12:55:57,809:INFO:executable: C:\Users\bordasm\.venv\Scripts\python.exe
2026-10-07 12:55:57,809:INFO:   machine: Windows-10-10.0.26200-SP0
2026-10-07 12:55:57,809:INFO:PyCaret required dependencies:
2026-10-07 12:55:57,809:INFO:                 pip: 26.2.1
2026-10-07 12:55:57,809:INFO:          setuptools: 65.5.0
2026-10-07 12:55:57,809:INFO:             pycaret: 3.3.2
2026-10-07 12:55:57,809:INFO:             IPython: 9.3.0
2026-10-07 12:55:57,809:INFO:          ipywidgets: 8.1.9
2026-10-07 12:55:57,809:INFO:                tqdm: 4.67.1
2026-10-07 12:55:57,809:INFO:               numpy: 1.26.4
2026-10-07 12:55:57,809:INFO:              pandas: 2.1.4
2026-10-07 12:55:57,809:INFO:              jinja2: 3.1.4
2026-10-07 12:55:57,809:INFO:               scipy: 1.11.4
2026-10-07 12:55:57,809:INFO:              joblib: 1.3.2
2026-10-07 12:55:57,809:INFO:             sklearn: 1.4.2
2026-10-07 12:55:57,809:INFO:                pyod: 3.4.0
2026-10-07 12:55:57,809:INFO:            imblearn: 0.13.0
2026-10-07 12:55:57,809:INFO:   category_encoders: 2.7.0
2026-10-07 12:55:57,809:INFO:            lightgbm: 4.6.0
2026-10-07 12:55:57,809:INFO:               numba: 0.68.0
2026-10-07 12:55:57,809:INFO:            requests: 2.32.3
2026-10-07 12:55:57,810:INFO:          matplotlib: 3.7.5
2026-10-07 12:55:57,810:INFO:          scikitplot: 0.3.7
2026-10-07 12:55:57,810:INFO:         yellowbrick: 1.5
2026-10-07 12:55:57,810:INFO:              plotly: 6.9.0
2026-10-07 12:55:57,810:INFO:    plotly-resampler: Not installed
2026-10-07 12:55:57,810:INFO:             kaleido: 1.5.0
2026-10-07 12:55:57,811:INFO:           schemdraw: 0.15
2026-10-07 12:55:57,811:INFO:         statsmodels: 0.15.0
2026-10-07 12:55:57,811:INFO:              sktime: 0.26.0
2026-10-07 12:55:57,811:INFO:               tbats: 1.1.3
2026-10-07 12:55:57,811:INFO:            pmdarima: 2.0.4
2026-10-07 12:55:57,811:INFO:              psutil: 7.0.0
2026-10-07 12:55:57,812:INFO:          markupsafe: 2.1.5
2026-10-07 12:55:57,812:INFO:             pickle5: Not installed
2026-10-07 12:55:57,812:INFO:         cloudpickle: 3.1.2
2026-10-07 12:55:57,812:INFO:         deprecation: 2.1.0
2026-10-07 12:55:57,813:INFO:              xxhash: 4.0.1
2026-10-07 12:55:57,813:INFO:           wurlitzer: Not installed
2026-10-07 12:55:57,814:INFO:PyCaret optional dependencies:
2026-10-07 12:55:57,814:INFO:                shap: Not installed
2026-10-07 12:55:57,814:INFO:           interpret: Not installed
2026-10-07 12:55:57,815:INFO:                umap: Not installed
2026-10-07 12:55:57,816:INFO:     ydata_profiling: Not installed
2026-10-07 12:55:57,817:INFO:  explainerdashboard: Not installed
2026-10-07 12:55:57,819:INFO:             autoviz: Not installed
2026-10-07 12:55:57,819:INFO:           fairlearn: Not installed
2026-10-07 12:55:57,819:INFO:          deepchecks: Not installed
2026-10-07 12:55:57,820:INFO:             xgboost: 3.1.2
2026-10-07 12:55:57,820:INFO:            catboost: Not installed
2026-10-07 12:55:57,820:INFO:              kmodes: Not installed
2026-10-07 12:55:57,820:INFO:             mlxtend: Not installed
2026-10-07 12:55:57,820:INFO:       statsforecast: Not installed
2026-10-07 12:55:57,820:INFO:        tune_sklearn: Not installed
2026-10-07 12:55:57,820:INFO:                 ray: Not installed
2026-10-07 12:55:57,822:INFO:            hyperopt: Not installed
2026-10-07 12:55:57,822:INFO:              optuna: Not installed
2026-10-07 12:55:57,822:INFO:               skopt: Not installed
2026-10-07 12:55:57,822:INFO:              mlflow: 3.17.0
2026-10-07 12:55:57,822:INFO:              gradio: Not installed
2026-10-07 12:55:57,822:INFO:             fastapi: 0.142.2
2026-10-07 12:55:57,823:INFO:             uvicorn: 0.54.0
2026-10-07 12:55:57,823:INFO:              m2cgen: Not installed
2026-10-07 12:55:57,824:INFO:           evidently: Not installed
2026-10-07 12:55:57,824:INFO:               fugue: Not installed
2026-10-07 12:55:57,824:INFO:           streamlit: Not installed
2026-10-07 12:55:57,824:INFO:             prophet: Not installed
2026-10-07 12:55:57,824:INFO:None
2026-10-07 12:55:57,824:INFO:Set up data.
2026-10-07 12:55:57,928:INFO:Set up folding strategy.
2026-10-07 12:55:57,928:INFO:Set up train/test split.
2026-10-07 12:55:57,974:INFO:Set up index.
2026-10-07 12:55:57,975:INFO:Assigning column types.
2026-10-07 12:55:57,995:INFO:Engine successfully changes for model 'lr' to 'sklearn'.
2026-10-07 12:55:57,995:INFO:Engine for model 'lasso' has not been set explicitly, hence returning None.
2026-10-07 12:55:57,999:INFO:Engine for model 'ridge' has not been set explicitly, hence returning None.
2026-10-07 12:55:58,004:INFO:Engine for model 'en' has not been set explicitly, hence returning None.
2026-10-07 12:55:58,072:INFO:Engine for model 'svm' has not been set explicitly, hence returning None.
2026-10-07 12:55:58,112:INFO:Engine for model 'knn' has not been set explicitly, hence returning None.
2026-10-07 12:55:58,113:INFO:Soft dependency imported: xgboost: 3.1.2
2026-10-07 12:55:58,115:WARNING:
'catboost' is a soft dependency and not included in the pycaret installation. Please run: `pip install catboost` to install.
Alternately, you can install this by running `pip install pycaret[models]`
2026-10-07 12:55:58,115:INFO:Engine for model 'lasso' has not been set explicitly, hence returning None.
2026-10-07 12:55:58,120:INFO:Engine for model 'ridge' has not been set explicitly, hence returning None.
2026-10-07 12:55:58,123:INFO:Engine for model 'en' has not been set explicitly, hence returning None.
2026-10-07 12:55:58,194:INFO:Engine for model 'svm' has not been set explicitly, hence returning None.
2026-10-07 12:55:58,235:INFO:Engine for model 'knn' has not been set explicitly, hence returning None.
2026-10-07 12:55:58,236:INFO:Soft dependency imported: xgboost: 3.1.2
2026-10-07 12:55:58,239:WARNING:
'catboost' is a soft dependency and not included in the pycaret installation. Please run: `pip install catboost` to install.
Alternately, you can install this by running `pip install pycaret[models]`
2026-10-07 12:55:58,240:INFO:Engine successfully changes for model 'lasso' to 'sklearn'.
2026-10-07 12:55:58,246:INFO:Engine for model 'ridge' has not been set explicitly, hence returning None.
2026-10-07 12:55:58,251:INFO:Engine for model 'en' has not been set explicitly, hence returning None.
2026-10-07 12:55:58,312:INFO:Engine for model 'svm' has not been set explicitly, hence returning None.
2026-10-07 12:55:58,345:INFO:Engine for model 'knn' has not been set explicitly, hence returning None.
2026-10-07 12:55:58,345:INFO:Soft dependency imported: xgboost: 3.1.2
2026-10-07 12:55:58,347:WARNING:
'catboost' is a soft dependency and not included in the pycaret installation. Please run: `pip install catboost` to install.
Alternately, you can install this by running `pip install pycaret[models]`
2026-10-07 12:55:58,351:INFO:Engine for model 'ridge' has not been set explicitly, hence returning None.
2026-10-07 12:55:58,355:INFO:Engine for model 'en' has not been set explicitly, hence returning None.
2026-10-07 12:55:58,414:INFO:Engine for model 'svm' has not been set explicitly, hence returning None.
2026-10-07 12:55:58,445:INFO:Engine for model 'knn' has not been set explicitly, hence returning None.
2026-10-07 12:55:58,446:INFO:Soft dependency imported: xgboost: 3.1.2
2026-10-07 12:55:58,448:WARNING:
'catboost' is a soft dependency and not included in the pycaret installation. Please run: `pip install catboost` to install.
Alternately, you can install this by running `pip install pycaret[models]`
2026-10-07 12:55:58,448:INFO:Engine successfully changes for model 'ridge' to 'sklearn'.
2026-10-07 12:55:58,455:INFO:Engine for model 'en' has not been set explicitly, hence returning None.
2026-10-07 12:55:58,513:INFO:Engine for model 'svm' has not been set explicitly, hence returning None.
2026-10-07 12:55:58,546:INFO:Engine for model 'knn' has not been set explicitly, hence returning None.
2026-10-07 12:55:58,547:INFO:Soft dependency imported: xgboost: 3.1.2
2026-10-07 12:55:58,550:WARNING:
'catboost' is a soft dependency and not included in the pycaret installation. Please run: `pip install catboost` to install.
Alternately, you can install this by running `pip install pycaret[models]`
2026-10-07 12:55:58,559:INFO:Engine for model 'en' has not been set explicitly, hence returning None.
2026-10-07 12:55:58,614:INFO:Engine for model 'svm' has not been set explicitly, hence returning None.
2026-10-07 12:55:58,649:INFO:Engine for model 'knn' has not been set explicitly, hence returning None.
2026-10-07 12:55:58,650:INFO:Soft dependency imported: xgboost: 3.1.2
2026-10-07 12:55:58,652:WARNING:
'catboost' is a soft dependency and not included in the pycaret installation. Please run: `pip install catboost` to install.
Alternately, you can install this by running `pip install pycaret[models]`
2026-10-07 12:55:58,652:INFO:Engine successfully changes for model 'en' to 'sklearn'.
2026-10-07 12:55:58,720:INFO:Engine for model 'svm' has not been set explicitly, hence returning None.
2026-10-07 12:55:58,752:INFO:Engine for model 'knn' has not been set explicitly, hence returning None.
2026-10-07 12:55:58,752:INFO:Soft dependency imported: xgboost: 3.1.2
2026-10-07 12:55:58,754:WARNING:
'catboost' is a soft dependency and not included in the pycaret installation. Please run: `pip install catboost` to install.
Alternately, you can install this by running `pip install pycaret[models]`
2026-10-07 12:55:58,815:INFO:Engine for model 'svm' has not been set explicitly, hence returning None.
2026-10-07 12:55:58,847:INFO:Engine for model 'knn' has not been set explicitly, hence returning None.
2026-10-07 12:55:58,848:INFO:Soft dependency imported: xgboost: 3.1.2
2026-10-07 12:55:58,850:WARNING:
'catboost' is a soft dependency and not included in the pycaret installation. Please run: `pip install catboost` to install.
Alternately, you can install this by running `pip install pycaret[models]`
2026-10-07 12:55:58,850:INFO:Engine successfully changes for model 'knn' to 'sklearn'.
2026-10-07 12:55:58,909:INFO:Engine for model 'svm' has not been set explicitly, hence returning None.
2026-10-07 12:55:58,942:INFO:Soft dependency imported: xgboost: 3.1.2
2026-10-07 12:55:58,944:WARNING:
'catboost' is a soft dependency and not included in the pycaret installation. Please run: `pip install catboost` to install.
Alternately, you can install this by running `pip install pycaret[models]`
2026-10-07 12:55:59,023:INFO:Engine for model 'svm' has not been set explicitly, hence returning None.
2026-10-07 12:55:59,059:INFO:Soft dependency imported: xgboost: 3.1.2
2026-10-07 12:55:59,061:WARNING:
'catboost' is a soft dependency and not included in the pycaret installation. Please run: `pip install catboost` to install.
Alternately, you can install this by running `pip install pycaret[models]`
2026-10-07 12:55:59,061:INFO:Engine successfully changes for model 'svm' to 'sklearn'.
2026-10-07 12:55:59,164:INFO:Soft dependency imported: xgboost: 3.1.2
2026-10-07 12:55:59,169:WARNING:
'catboost' is a soft dependency and not included in the pycaret installation. Please run: `pip install catboost` to install.
Alternately, you can install this by running `pip install pycaret[models]`
2026-10-07 12:55:59,289:INFO:Soft dependency imported: xgboost: 3.1.2
2026-10-07 12:55:59,292:WARNING:
'catboost' is a soft dependency and not included in the pycaret installation. Please run: `pip install catboost` to install.
Alternately, you can install this by running `pip install pycaret[models]`
2026-10-07 12:55:59,293:INFO:Preparing preprocessing pipeline...
2026-10-07 12:55:59,293:INFO:Set up simple imputation.
2026-10-07 12:55:59,306:INFO:Set up encoding of ordinal features.
2026-10-07 12:55:59,317:INFO:Set up encoding of categorical features.
2026-10-07 12:55:59,620:INFO:Finished creating preprocessing pipeline.
2026-10-07 12:55:59,641:INFO:Pipeline: Pipeline(memory=FastMemory(location=C:\Users\bordasm\AppData\Local\Temp\joblib),
         steps=[('numerical_imputer',
                 TransformerWrapper(include=['harvest_calendar_year',
                                             'harvest_month',
                                             'farm_size_hectares',
                                             'tree_age_years',
                                             'altitude_mean_meters',
                                             'avg_temp_c',
                                             'avg_annual_rainfall_mm',
                                             'humidity_pct',
                                             'drying_duration_days',
                                             'storage_months',
                                             'bean_size_screen', '...
                                             'processing_method',
                                             'drying_method',
                                             'traceability_level',
                                             'certification',
                                             'intended_buyer_segment',
                                             'roast_level'],
                                    transformer=OneHotEncoder(cols=['harvest_season',
                                                                    'country_of_origin',
                                                                    'farm_type',
                                                                    'processing_method',
                                                                    'drying_method',
                                                                    'traceability_level',
                                                                    'certification',
                                                                    'intended_buyer_segment',
                                                                    'roast_level'],
                                                              handle_missing='return_nan',
                                                              use_cat_names=True)))])
2026-10-07 12:55:59,641:INFO:Creating final display dataframe.
2026-10-07 12:56:00,506:INFO:Setup _display_container:                     Description                 Value
0                    Session id                    10
1                        Target  coffee_quality_score
2                   Target type            Regression
3           Original data shape           (35700, 36)
4        Transformed data shape           (35700, 60)
5   Transformed train set shape           (28560, 60)
6    Transformed test set shape            (7140, 60)
7               Ignore features                     4
8              Numeric features                    20
9          Categorical features                    11
10     Rows with missing values                 66.4%
11                   Preprocess                  True
12              Imputation type                simple
13           Numeric imputation                  mean
14       Categorical imputation                  mode
15     Maximum one-hot encoding                    25
16              Encoding method                  None
17               Fold Generator                 KFold
18                  Fold Number                    10
19                     CPU Jobs                    -1
20                      Use GPU                 False
21               Log Experiment                 False
22              Experiment Name      reg-default-name
23                          USI                  203a
2026-10-07 12:56:00,602:INFO:Soft dependency imported: xgboost: 3.1.2
2026-10-07 12:56:00,604:WARNING:
'catboost' is a soft dependency and not included in the pycaret installation. Please run: `pip install catboost` to install.
Alternately, you can install this by running `pip install pycaret[models]`
2026-10-07 12:56:00,705:INFO:Soft dependency imported: xgboost: 3.1.2
2026-10-07 12:56:00,707:WARNING:
'catboost' is a soft dependency and not included in the pycaret installation. Please run: `pip install catboost` to install.
Alternately, you can install this by running `pip install pycaret[models]`
2026-10-07 12:56:00,708:INFO:setup() successfully completed in 3.04s...............
2026-10-07 12:56:00,708:INFO:Initializing create_model()
2026-10-07 12:56:00,708:INFO:create_model(self=<pycaret.regression.oop.RegressionExperiment object at 0x000001C40116E690>, estimator=lightgbm, fold=3, round=4, cross_validation=True, predict=True, fit_kwargs=None, groups=None, refit=True, probability_threshold=None, experiment_custom_tags=None, verbose=True, system=True, add_to_model_list=True, metrics=None, display=None, model_only=True, return_train_score=False, error_score=0.0, kwargs={})
2026-10-07 12:56:00,708:INFO:Checking exceptions
2026-10-07 12:56:00,709:INFO:Importing libraries
2026-10-07 12:56:00,709:INFO:Copying training dataset
2026-10-07 12:56:00,732:INFO:Defining folds
2026-10-07 12:56:00,732:INFO:Declaring metric variables
2026-10-07 12:56:00,733:INFO:Importing untrained model
2026-10-07 12:56:00,733:INFO:Light Gradient Boosting Machine Imported successfully
2026-10-07 12:56:00,734:INFO:Starting cross validation
2026-10-07 12:56:00,736:INFO:Cross validating with KFold(n_splits=3, random_state=None, shuffle=False), n_jobs=-1
2026-10-07 12:56:03,118:INFO:Calculating mean and std
2026-10-07 12:56:03,119:INFO:Creating metrics dataframe
2026-10-07 12:56:03,122:INFO:Finalizing model
2026-10-07 12:56:03,627:INFO:[LightGBM] [Warning] Found whitespace in feature_names, replace with underlines
2026-10-07 12:56:03,632:INFO:[LightGBM] [Info] Auto-choosing col-wise multi-threading, the overhead of testing was 0.002861 seconds.
2026-10-07 12:56:03,633:INFO:You can set `force_col_wise=true` to remove the overhead.
2026-10-07 12:56:03,633:INFO:[LightGBM] [Info] Total Bins 3774
2026-10-07 12:56:03,633:INFO:[LightGBM] [Info] Number of data points in the train set: 28560, number of used features: 59
2026-10-07 12:56:03,634:INFO:[LightGBM] [Info] Start training from score 77.600162
2026-10-07 12:56:03,872:INFO:Uploading results into container
2026-10-07 12:56:03,873:INFO:Uploading model into container now
2026-10-07 12:56:03,885:INFO:_master_model_container: 1
2026-10-07 12:56:03,885:INFO:_display_container: 2
2026-10-07 12:56:03,886:INFO:LGBMRegressor(n_jobs=-1, random_state=10)
2026-10-07 12:56:03,886:INFO:create_model() successfully completed......................................
2026-10-07 12:57:10,466:WARNING:
'cuml' is a soft dependency and not included in the pycaret installation. Please run: `pip install cuml` to install.
2026-10-07 12:57:10,466:WARNING:
'cuml' is a soft dependency and not included in the pycaret installation. Please run: `pip install cuml` to install.
2026-10-07 12:57:10,467:WARNING:
'cuml' is a soft dependency and not included in the pycaret installation. Please run: `pip install cuml` to install.
2026-10-07 12:57:10,467:WARNING:
'cuml' is a soft dependency and not included in the pycaret installation. Please run: `pip install cuml` to install.
2026-10-07 12:57:18,520:INFO:PyCaret RegressionExperiment
2026-10-07 12:57:18,520:INFO:Logging name: reg-default-name
2026-10-07 12:57:18,520:INFO:ML Usecase: MLUsecase.REGRESSION
2026-10-07 12:57:18,520:INFO:version 3.3.2
2026-10-07 12:57:18,520:INFO:Initializing setup()
2026-10-07 12:57:18,520:INFO:self.USI: 5635
2026-10-07 12:57:18,520:INFO:self._variable_keys: {'gpu_param', 'idx', 'data', 'pipeline', 'logging_param', 'exp_id', 'fold_groups_param', 'target_param', 'gpu_n_jobs_param', 'log_plots_param', 'fold_generator', 'html_param', 'y', 'exp_name_log', 'X', 'y_train', 'X_train', 'USI', 'transform_target_param', 'n_jobs_param', 'fold_shuffle_param', 'seed', 'y_test', 'X_test', '_available_plots', '_ml_usecase', 'memory'}
2026-10-07 12:57:18,520:INFO:Checking environment
2026-10-07 12:57:18,521:INFO:python_version: 3.11.9
2026-10-07 12:57:18,521:INFO:python_build: ('tags/v3.11.9:de54cf5', 'Apr  2 2024 10:12:12')
2026-10-07 12:57:18,521:INFO:machine: AMD64
2026-10-07 12:57:18,521:INFO:platform: Windows-10-10.0.26200-SP0
2026-10-07 12:57:18,521:INFO:Memory: svmem(total=16868499456, available=6134243328, percent=63.6, used=10734256128, free=6134243328)
2026-10-07 12:57:18,521:INFO:Physical Core: 8
2026-10-07 12:57:18,521:INFO:Logical Core: 16
2026-10-07 12:57:18,521:INFO:Checking libraries
2026-10-07 12:57:18,521:INFO:System:
2026-10-07 12:57:18,521:INFO:    python: 3.11.9 (tags/v3.11.9:de54cf5, Apr  2 2024, 10:12:12) [MSC v.1938 64 bit (AMD64)]
2026-10-07 12:57:18,521:INFO:executable: C:\Users\bordasm\.venv\Scripts\python.exe
2026-10-07 12:57:18,521:INFO:   machine: Windows-10-10.0.26200-SP0
2026-10-07 12:57:18,521:INFO:PyCaret required dependencies:
2026-10-07 12:57:18,523:WARNING:C:\Users\bordasm\.venv\Lib\site-packages\_distutils_hack\__init__.py:33: UserWarning: Setuptools is replacing distutils.
  warnings.warn("Setuptools is replacing distutils.")

2026-10-07 12:57:18,645:INFO:                 pip: 26.2.1
2026-10-07 12:57:18,645:INFO:          setuptools: 65.5.0
2026-10-07 12:57:18,645:INFO:             pycaret: 3.3.2
2026-10-07 12:57:18,645:INFO:             IPython: 9.3.0
2026-10-07 12:57:18,646:INFO:          ipywidgets: 8.1.9
2026-10-07 12:57:18,646:INFO:                tqdm: 4.67.1
2026-10-07 12:57:18,646:INFO:               numpy: 1.26.4
2026-10-07 12:57:18,646:INFO:              pandas: 2.1.4
2026-10-07 12:57:18,646:INFO:              jinja2: 3.1.4
2026-10-07 12:57:18,646:INFO:               scipy: 1.11.4
2026-10-07 12:57:18,646:INFO:              joblib: 1.3.2
2026-10-07 12:57:18,646:INFO:             sklearn: 1.4.2
2026-10-07 12:57:18,646:INFO:                pyod: 3.4.0
2026-10-07 12:57:18,646:INFO:            imblearn: 0.13.0
2026-10-07 12:57:18,646:INFO:   category_encoders: 2.7.0
2026-10-07 12:57:18,646:INFO:            lightgbm: 4.6.0
2026-10-07 12:57:18,646:INFO:               numba: 0.68.0
2026-10-07 12:57:18,646:INFO:            requests: 2.32.3
2026-10-07 12:57:18,646:INFO:          matplotlib: 3.7.5
2026-10-07 12:57:18,646:INFO:          scikitplot: 0.3.7
2026-10-07 12:57:18,646:INFO:         yellowbrick: 1.5
2026-10-07 12:57:18,646:INFO:              plotly: 6.9.0
2026-10-07 12:57:18,647:INFO:    plotly-resampler: Not installed
2026-10-07 12:57:18,647:INFO:             kaleido: 1.5.0
2026-10-07 12:57:18,647:INFO:           schemdraw: 0.15
2026-10-07 12:57:18,647:INFO:         statsmodels: 0.15.0
2026-10-07 12:57:18,647:INFO:              sktime: 0.26.0
2026-10-07 12:57:18,647:INFO:               tbats: 1.1.3
2026-10-07 12:57:18,647:INFO:            pmdarima: 2.0.4
2026-10-07 12:57:18,647:INFO:              psutil: 7.0.0
2026-10-07 12:57:18,647:INFO:          markupsafe: 2.1.5
2026-10-07 12:57:18,647:INFO:             pickle5: Not installed
2026-10-07 12:57:18,647:INFO:         cloudpickle: 3.1.2
2026-10-07 12:57:18,647:INFO:         deprecation: 2.1.0
2026-10-07 12:57:18,647:INFO:              xxhash: 4.0.1
2026-10-07 12:57:18,647:INFO:           wurlitzer: Not installed
2026-10-07 12:57:18,647:INFO:PyCaret optional dependencies:
2026-10-07 12:57:18,955:INFO:                shap: Not installed
2026-10-07 12:57:18,955:INFO:           interpret: Not installed
2026-10-07 12:57:18,955:INFO:                umap: Not installed
2026-10-07 12:57:18,955:INFO:     ydata_profiling: Not installed
2026-10-07 12:57:18,955:INFO:  explainerdashboard: Not installed
2026-10-07 12:57:18,955:INFO:             autoviz: Not installed
2026-10-07 12:57:18,955:INFO:           fairlearn: Not installed
2026-10-07 12:57:18,956:INFO:          deepchecks: Not installed
2026-10-07 12:57:18,956:INFO:             xgboost: 3.1.2
2026-10-07 12:57:18,956:INFO:            catboost: Not installed
2026-10-07 12:57:18,956:INFO:              kmodes: Not installed
2026-10-07 12:57:18,956:INFO:             mlxtend: Not installed
2026-10-07 12:57:18,956:INFO:       statsforecast: Not installed
2026-10-07 12:57:18,956:INFO:        tune_sklearn: Not installed
2026-10-07 12:57:18,956:INFO:                 ray: Not installed
2026-10-07 12:57:18,956:INFO:            hyperopt: Not installed
2026-10-07 12:57:18,956:INFO:              optuna: Not installed
2026-10-07 12:57:18,956:INFO:               skopt: Not installed
2026-10-07 12:57:18,956:INFO:              mlflow: 3.17.0
2026-10-07 12:57:18,956:INFO:              gradio: Not installed
2026-10-07 12:57:18,956:INFO:             fastapi: 0.142.2
2026-10-07 12:57:18,956:INFO:             uvicorn: 0.54.0
2026-10-07 12:57:18,956:INFO:              m2cgen: Not installed
2026-10-07 12:57:18,956:INFO:           evidently: Not installed
2026-10-07 12:57:18,956:INFO:               fugue: Not installed
2026-10-07 12:57:18,956:INFO:           streamlit: Not installed
2026-10-07 12:57:18,956:INFO:             prophet: Not installed
2026-10-07 12:57:18,956:INFO:None
2026-10-07 12:57:18,956:INFO:Set up data.
2026-10-07 12:57:19,054:INFO:Set up folding strategy.
2026-10-07 12:57:19,054:INFO:Set up train/test split.
2026-10-07 12:57:19,107:INFO:Set up index.
2026-10-07 12:57:19,108:INFO:Assigning column types.
2026-10-07 12:57:19,124:INFO:Engine successfully changes for model 'lr' to 'sklearn'.
2026-10-07 12:57:19,124:INFO:Engine for model 'lasso' has not been set explicitly, hence returning None.
2026-10-07 12:57:19,128:INFO:Engine for model 'ridge' has not been set explicitly, hence returning None.
2026-10-07 12:57:19,130:INFO:Engine for model 'en' has not been set explicitly, hence returning None.
2026-10-07 12:57:19,186:INFO:Engine for model 'svm' has not been set explicitly, hence returning None.
2026-10-07 12:57:19,217:INFO:Engine for model 'knn' has not been set explicitly, hence returning None.
2026-10-07 12:57:19,218:INFO:Soft dependency imported: xgboost: 3.1.2
2026-10-07 12:57:19,220:WARNING:
'catboost' is a soft dependency and not included in the pycaret installation. Please run: `pip install catboost` to install.
Alternately, you can install this by running `pip install pycaret[models]`
2026-10-07 12:57:19,220:INFO:Engine for model 'lasso' has not been set explicitly, hence returning None.
2026-10-07 12:57:19,224:INFO:Engine for model 'ridge' has not been set explicitly, hence returning None.
2026-10-07 12:57:19,227:INFO:Engine for model 'en' has not been set explicitly, hence returning None.
2026-10-07 12:57:19,278:INFO:Engine for model 'svm' has not been set explicitly, hence returning None.
2026-10-07 12:57:19,310:INFO:Engine for model 'knn' has not been set explicitly, hence returning None.
2026-10-07 12:57:19,311:INFO:Soft dependency imported: xgboost: 3.1.2
2026-10-07 12:57:19,313:WARNING:
'catboost' is a soft dependency and not included in the pycaret installation. Please run: `pip install catboost` to install.
Alternately, you can install this by running `pip install pycaret[models]`
2026-10-07 12:57:19,313:INFO:Engine successfully changes for model 'lasso' to 'sklearn'.
2026-10-07 12:57:19,318:INFO:Engine for model 'ridge' has not been set explicitly, hence returning None.
2026-10-07 12:57:19,322:INFO:Engine for model 'en' has not been set explicitly, hence returning None.
2026-10-07 12:57:19,377:INFO:Engine for model 'svm' has not been set explicitly, hence returning None.
2026-10-07 12:57:19,408:INFO:Engine for model 'knn' has not been set explicitly, hence returning None.
2026-10-07 12:57:19,408:INFO:Soft dependency imported: xgboost: 3.1.2
2026-10-07 12:57:19,410:WARNING:
'catboost' is a soft dependency and not included in the pycaret installation. Please run: `pip install catboost` to install.
Alternately, you can install this by running `pip install pycaret[models]`
2026-10-07 12:57:19,414:INFO:Engine for model 'ridge' has not been set explicitly, hence returning None.
2026-10-07 12:57:19,417:INFO:Engine for model 'en' has not been set explicitly, hence returning None.
2026-10-07 12:57:19,472:INFO:Engine for model 'svm' has not been set explicitly, hence returning None.
2026-10-07 12:57:19,508:INFO:Engine for model 'knn' has not been set explicitly, hence returning None.
2026-10-07 12:57:19,508:INFO:Soft dependency imported: xgboost: 3.1.2
2026-10-07 12:57:19,510:WARNING:
'catboost' is a soft dependency and not included in the pycaret installation. Please run: `pip install catboost` to install.
Alternately, you can install this by running `pip install pycaret[models]`
2026-10-07 12:57:19,510:INFO:Engine successfully changes for model 'ridge' to 'sklearn'.
2026-10-07 12:57:19,517:INFO:Engine for model 'en' has not been set explicitly, hence returning None.
2026-10-07 12:57:19,582:INFO:Engine for model 'svm' has not been set explicitly, hence returning None.
2026-10-07 12:57:19,624:INFO:Engine for model 'knn' has not been set explicitly, hence returning None.
2026-10-07 12:57:19,625:INFO:Soft dependency imported: xgboost: 3.1.2
2026-10-07 12:57:19,627:WARNING:
'catboost' is a soft dependency and not included in the pycaret installation. Please run: `pip install catboost` to install.
Alternately, you can install this by running `pip install pycaret[models]`
2026-10-07 12:57:19,634:INFO:Engine for model 'en' has not been set explicitly, hence returning None.
2026-10-07 12:57:19,690:INFO:Engine for model 'svm' has not been set explicitly, hence returning None.
2026-10-07 12:57:19,724:INFO:Engine for model 'knn' has not been set explicitly, hence returning None.
2026-10-07 12:57:19,724:INFO:Soft dependency imported: xgboost: 3.1.2
2026-10-07 12:57:19,726:WARNING:
'catboost' is a soft dependency and not included in the pycaret installation. Please run: `pip install catboost` to install.
Alternately, you can install this by running `pip install pycaret[models]`
2026-10-07 12:57:19,727:INFO:Engine successfully changes for model 'en' to 'sklearn'.
2026-10-07 12:57:19,787:INFO:Engine for model 'svm' has not been set explicitly, hence returning None.
2026-10-07 12:57:19,819:INFO:Engine for model 'knn' has not been set explicitly, hence returning None.
2026-10-07 12:57:19,819:INFO:Soft dependency imported: xgboost: 3.1.2
2026-10-07 12:57:19,821:WARNING:
'catboost' is a soft dependency and not included in the pycaret installation. Please run: `pip install catboost` to install.
Alternately, you can install this by running `pip install pycaret[models]`
2026-10-07 12:57:19,883:INFO:Engine for model 'svm' has not been set explicitly, hence returning None.
2026-10-07 12:57:19,916:INFO:Engine for model 'knn' has not been set explicitly, hence returning None.
2026-10-07 12:57:19,916:INFO:Soft dependency imported: xgboost: 3.1.2
2026-10-07 12:57:19,918:WARNING:
'catboost' is a soft dependency and not included in the pycaret installation. Please run: `pip install catboost` to install.
Alternately, you can install this by running `pip install pycaret[models]`
2026-10-07 12:57:19,919:INFO:Engine successfully changes for model 'knn' to 'sklearn'.
2026-10-07 12:57:19,979:INFO:Engine for model 'svm' has not been set explicitly, hence returning None.
2026-10-07 12:57:20,014:INFO:Soft dependency imported: xgboost: 3.1.2
2026-10-07 12:57:20,016:WARNING:
'catboost' is a soft dependency and not included in the pycaret installation. Please run: `pip install catboost` to install.
Alternately, you can install this by running `pip install pycaret[models]`
2026-10-07 12:57:20,076:INFO:Engine for model 'svm' has not been set explicitly, hence returning None.
2026-10-07 12:57:20,108:INFO:Soft dependency imported: xgboost: 3.1.2
2026-10-07 12:57:20,110:WARNING:
'catboost' is a soft dependency and not included in the pycaret installation. Please run: `pip install catboost` to install.
Alternately, you can install this by running `pip install pycaret[models]`
2026-10-07 12:57:20,110:INFO:Engine successfully changes for model 'svm' to 'sklearn'.
2026-10-07 12:57:20,206:INFO:Soft dependency imported: xgboost: 3.1.2
2026-10-07 12:57:20,208:WARNING:
'catboost' is a soft dependency and not included in the pycaret installation. Please run: `pip install catboost` to install.
Alternately, you can install this by running `pip install pycaret[models]`
2026-10-07 12:57:20,304:INFO:Soft dependency imported: xgboost: 3.1.2
2026-10-07 12:57:20,306:WARNING:
'catboost' is a soft dependency and not included in the pycaret installation. Please run: `pip install catboost` to install.
Alternately, you can install this by running `pip install pycaret[models]`
2026-10-07 12:57:20,310:INFO:Preparing preprocessing pipeline...
2026-10-07 12:57:20,310:INFO:Set up simple imputation.
2026-10-07 12:57:20,322:INFO:Set up encoding of ordinal features.
2026-10-07 12:57:20,332:INFO:Set up encoding of categorical features.
2026-10-07 12:57:20,587:INFO:Finished creating preprocessing pipeline.
2026-10-07 12:57:20,611:INFO:Pipeline: Pipeline(memory=FastMemory(location=C:\Users\bordasm\AppData\Local\Temp\joblib),
         steps=[('numerical_imputer',
                 TransformerWrapper(include=['harvest_calendar_year',
                                             'harvest_month',
                                             'farm_size_hectares',
                                             'tree_age_years',
                                             'altitude_mean_meters',
                                             'avg_temp_c',
                                             'avg_annual_rainfall_mm',
                                             'humidity_pct',
                                             'drying_duration_days',
                                             'storage_months',
                                             'bean_size_screen', '...
                                             'processing_method',
                                             'drying_method',
                                             'traceability_level',
                                             'certification',
                                             'intended_buyer_segment',
                                             'roast_level'],
                                    transformer=OneHotEncoder(cols=['harvest_season',
                                                                    'country_of_origin',
                                                                    'farm_type',
                                                                    'processing_method',
                                                                    'drying_method',
                                                                    'traceability_level',
                                                                    'certification',
                                                                    'intended_buyer_segment',
                                                                    'roast_level'],
                                                              handle_missing='return_nan',
                                                              use_cat_names=True)))])
2026-10-07 12:57:20,611:INFO:Creating final display dataframe.
2026-10-07 12:57:20,802:INFO:Setup _display_container:                     Description                 Value
0                    Session id                     1
1                        Target  coffee_quality_score
2                   Target type            Regression
3           Original data shape           (35700, 36)
4        Transformed data shape           (35700, 60)
5   Transformed train set shape           (28560, 60)
6    Transformed test set shape            (7140, 60)
7               Ignore features                     4
8              Numeric features                    20
9          Categorical features                    11
10     Rows with missing values                 66.4%
11                   Preprocess                  True
12              Imputation type                simple
13           Numeric imputation                  mean
14       Categorical imputation                  mode
15     Maximum one-hot encoding                    25
16              Encoding method                  None
17               Fold Generator                 KFold
18                  Fold Number                    10
19                     CPU Jobs                    -1
20                      Use GPU                 False
21               Log Experiment                 False
22              Experiment Name      reg-default-name
23                          USI                  5635
2026-10-07 12:57:20,896:INFO:Soft dependency imported: xgboost: 3.1.2
2026-10-07 12:57:20,898:WARNING:
'catboost' is a soft dependency and not included in the pycaret installation. Please run: `pip install catboost` to install.
Alternately, you can install this by running `pip install pycaret[models]`
2026-10-07 12:57:20,989:INFO:Soft dependency imported: xgboost: 3.1.2
2026-10-07 12:57:20,991:WARNING:
'catboost' is a soft dependency and not included in the pycaret installation. Please run: `pip install catboost` to install.
Alternately, you can install this by running `pip install pycaret[models]`
2026-10-07 12:57:20,992:INFO:setup() successfully completed in 2.79s...............
2026-10-07 12:57:20,992:INFO:Initializing create_model()
2026-10-07 12:57:20,992:INFO:create_model(self=<pycaret.regression.oop.RegressionExperiment object at 0x000001123EE18B50>, estimator=lightgbm, fold=3, round=4, cross_validation=True, predict=True, fit_kwargs=None, groups=None, refit=True, probability_threshold=None, experiment_custom_tags=None, verbose=True, system=True, add_to_model_list=True, metrics=None, display=None, model_only=True, return_train_score=False, error_score=0.0, kwargs={})
2026-10-07 12:57:20,992:INFO:Checking exceptions
2026-10-07 12:57:20,995:INFO:Importing libraries
2026-10-07 12:57:20,995:INFO:Copying training dataset
2026-10-07 12:57:21,023:INFO:Defining folds
2026-10-07 12:57:21,023:INFO:Declaring metric variables
2026-10-07 12:57:21,023:INFO:Importing untrained model
2026-10-07 12:57:21,024:INFO:Light Gradient Boosting Machine Imported successfully
2026-10-07 12:57:21,024:INFO:Starting cross validation
2026-10-07 12:57:21,036:INFO:Cross validating with KFold(n_splits=3, random_state=None, shuffle=False), n_jobs=-1
2026-10-07 12:57:32,815:WARNING:C:\Users\bordasm\.venv\Lib\site-packages\_distutils_hack\__init__.py:33: UserWarning: Setuptools is replacing distutils.
  warnings.warn("Setuptools is replacing distutils.")

2026-10-07 12:57:32,827:WARNING:C:\Users\bordasm\.venv\Lib\site-packages\_distutils_hack\__init__.py:33: UserWarning: Setuptools is replacing distutils.
  warnings.warn("Setuptools is replacing distutils.")

2026-10-07 12:57:33,083:WARNING:C:\Users\bordasm\.venv\Lib\site-packages\_distutils_hack\__init__.py:33: UserWarning: Setuptools is replacing distutils.
  warnings.warn("Setuptools is replacing distutils.")

2026-10-07 12:57:34,841:INFO:Calculating mean and std
2026-10-07 12:57:34,842:INFO:Creating metrics dataframe
2026-10-07 12:57:34,846:INFO:Finalizing model
2026-10-07 12:57:35,498:INFO:[LightGBM] [Warning] Found whitespace in feature_names, replace with underlines
2026-10-07 12:57:35,503:INFO:[LightGBM] [Info] Auto-choosing col-wise multi-threading, the overhead of testing was 0.002450 seconds.
2026-10-07 12:57:35,503:INFO:You can set `force_col_wise=true` to remove the overhead.
2026-10-07 12:57:35,505:INFO:[LightGBM] [Info] Total Bins 3771
2026-10-07 12:57:35,506:INFO:[LightGBM] [Info] Number of data points in the train set: 28560, number of used features: 59
2026-10-07 12:57:35,507:INFO:[LightGBM] [Info] Start training from score 77.601826
2026-10-07 12:57:35,798:INFO:Uploading results into container
2026-10-07 12:57:35,799:INFO:Uploading model into container now
2026-10-07 12:57:35,809:INFO:_master_model_container: 1
2026-10-07 12:57:35,809:INFO:_display_container: 2
2026-10-07 12:57:35,809:INFO:LGBMRegressor(n_jobs=-1, random_state=1)
2026-10-07 12:57:35,810:INFO:create_model() successfully completed......................................
2026-10-07 12:57:36,538:INFO:PyCaret RegressionExperiment
2026-10-07 12:57:36,538:INFO:Logging name: reg-default-name
2026-10-07 12:57:36,538:INFO:ML Usecase: MLUsecase.REGRESSION
2026-10-07 12:57:36,538:INFO:version 3.3.2
2026-10-07 12:57:36,539:INFO:Initializing setup()
2026-10-07 12:57:36,539:INFO:self.USI: b2ce
2026-10-07 12:57:36,539:INFO:self._variable_keys: {'gpu_param', 'idx', 'data', 'pipeline', 'logging_param', 'exp_id', 'fold_groups_param', 'target_param', 'gpu_n_jobs_param', 'log_plots_param', 'fold_generator', 'html_param', 'y', 'exp_name_log', 'X', 'y_train', 'X_train', 'USI', 'transform_target_param', 'n_jobs_param', 'fold_shuffle_param', 'seed', 'y_test', 'X_test', '_available_plots', '_ml_usecase', 'memory'}
2026-10-07 12:57:36,539:INFO:Checking environment
2026-10-07 12:57:36,539:INFO:python_version: 3.11.9
2026-10-07 12:57:36,539:INFO:python_build: ('tags/v3.11.9:de54cf5', 'Apr  2 2024 10:12:12')
2026-10-07 12:57:36,539:INFO:machine: AMD64
2026-10-07 12:57:36,539:INFO:platform: Windows-10-10.0.26200-SP0
2026-10-07 12:57:36,540:INFO:Memory: svmem(total=16868499456, available=5261467648, percent=68.8, used=11607031808, free=5261467648)
2026-10-07 12:57:36,540:INFO:Physical Core: 8
2026-10-07 12:57:36,541:INFO:Logical Core: 16
2026-10-07 12:57:36,541:INFO:Checking libraries
2026-10-07 12:57:36,541:INFO:System:
2026-10-07 12:57:36,541:INFO:    python: 3.11.9 (tags/v3.11.9:de54cf5, Apr  2 2024, 10:12:12) [MSC v.1938 64 bit (AMD64)]
2026-10-07 12:57:36,541:INFO:executable: C:\Users\bordasm\.venv\Scripts\python.exe
2026-10-07 12:57:36,542:INFO:   machine: Windows-10-10.0.26200-SP0
2026-10-07 12:57:36,542:INFO:PyCaret required dependencies:
2026-10-07 12:57:36,543:INFO:                 pip: 26.2.1
2026-10-07 12:57:36,543:INFO:          setuptools: 65.5.0
2026-10-07 12:57:36,543:INFO:             pycaret: 3.3.2
2026-10-07 12:57:36,543:INFO:             IPython: 9.3.0
2026-10-07 12:57:36,543:INFO:          ipywidgets: 8.1.9
2026-10-07 12:57:36,544:INFO:                tqdm: 4.67.1
2026-10-07 12:57:36,544:INFO:               numpy: 1.26.4
2026-10-07 12:57:36,545:INFO:              pandas: 2.1.4
2026-10-07 12:57:36,545:INFO:              jinja2: 3.1.4
2026-10-07 12:57:36,546:INFO:               scipy: 1.11.4
2026-10-07 12:57:36,546:INFO:              joblib: 1.3.2
2026-10-07 12:57:36,546:INFO:             sklearn: 1.4.2
2026-10-07 12:57:36,546:INFO:                pyod: 3.4.0
2026-10-07 12:57:36,547:INFO:            imblearn: 0.13.0
2026-10-07 12:57:36,547:INFO:   category_encoders: 2.7.0
2026-10-07 12:57:36,547:INFO:            lightgbm: 4.6.0
2026-10-07 12:57:36,548:INFO:               numba: 0.68.0
2026-10-07 12:57:36,548:INFO:            requests: 2.32.3
2026-10-07 12:57:36,548:INFO:          matplotlib: 3.7.5
2026-10-07 12:57:36,549:INFO:          scikitplot: 0.3.7
2026-10-07 12:57:36,549:INFO:         yellowbrick: 1.5
2026-10-07 12:57:36,549:INFO:              plotly: 6.9.0
2026-10-07 12:57:36,550:INFO:    plotly-resampler: Not installed
2026-10-07 12:57:36,550:INFO:             kaleido: 1.5.0
2026-10-07 12:57:36,551:INFO:           schemdraw: 0.15
2026-10-07 12:57:36,551:INFO:         statsmodels: 0.15.0
2026-10-07 12:57:36,552:INFO:              sktime: 0.26.0
2026-10-07 12:57:36,552:INFO:               tbats: 1.1.3
2026-10-07 12:57:36,553:INFO:            pmdarima: 2.0.4
2026-10-07 12:57:36,554:INFO:              psutil: 7.0.0
2026-10-07 12:57:36,554:INFO:          markupsafe: 2.1.5
2026-10-07 12:57:36,555:INFO:             pickle5: Not installed
2026-10-07 12:57:36,555:INFO:         cloudpickle: 3.1.2
2026-10-07 12:57:36,555:INFO:         deprecation: 2.1.0
2026-10-07 12:57:36,555:INFO:              xxhash: 4.0.1
2026-10-07 12:57:36,556:INFO:           wurlitzer: Not installed
2026-10-07 12:57:36,556:INFO:PyCaret optional dependencies:
2026-10-07 12:57:36,557:INFO:                shap: Not installed
2026-10-07 12:57:36,557:INFO:           interpret: Not installed
2026-10-07 12:57:36,558:INFO:                umap: Not installed
2026-10-07 12:57:36,558:INFO:     ydata_profiling: Not installed
2026-10-07 12:57:36,558:INFO:  explainerdashboard: Not installed
2026-10-07 12:57:36,559:INFO:             autoviz: Not installed
2026-10-07 12:57:36,560:INFO:           fairlearn: Not installed
2026-10-07 12:57:36,561:INFO:          deepchecks: Not installed
2026-10-07 12:57:36,561:INFO:             xgboost: 3.1.2
2026-10-07 12:57:36,561:INFO:            catboost: Not installed
2026-10-07 12:57:36,561:INFO:              kmodes: Not installed
2026-10-07 12:57:36,561:INFO:             mlxtend: Not installed
2026-10-07 12:57:36,562:INFO:       statsforecast: Not installed
2026-10-07 12:57:36,562:INFO:        tune_sklearn: Not installed
2026-10-07 12:57:36,563:INFO:                 ray: Not installed
2026-10-07 12:57:36,563:INFO:            hyperopt: Not installed
2026-10-07 12:57:36,564:INFO:              optuna: Not installed
2026-10-07 12:57:36,564:INFO:               skopt: Not installed
2026-10-07 12:57:36,565:INFO:              mlflow: 3.17.0
2026-10-07 12:57:36,565:INFO:              gradio: Not installed
2026-10-07 12:57:36,565:INFO:             fastapi: 0.142.2
2026-10-07 12:57:36,565:INFO:             uvicorn: 0.54.0
2026-10-07 12:57:36,566:INFO:              m2cgen: Not installed
2026-10-07 12:57:36,566:INFO:           evidently: Not installed
2026-10-07 12:57:36,567:INFO:               fugue: Not installed
2026-10-07 12:57:36,567:INFO:           streamlit: Not installed
2026-10-07 12:57:36,567:INFO:             prophet: Not installed
2026-10-07 12:57:36,567:INFO:None
2026-10-07 12:57:36,569:INFO:Set up data.
2026-10-07 12:57:36,682:INFO:Set up folding strategy.
2026-10-07 12:57:36,683:INFO:Set up train/test split.
2026-10-07 12:57:36,724:INFO:Set up index.
2026-10-07 12:57:36,724:INFO:Assigning column types.
2026-10-07 12:57:36,740:INFO:Engine successfully changes for model 'lr' to 'sklearn'.
2026-10-07 12:57:36,741:INFO:Engine for model 'lasso' has not been set explicitly, hence returning None.
2026-10-07 12:57:36,745:INFO:Engine for model 'ridge' has not been set explicitly, hence returning None.
2026-10-07 12:57:36,748:INFO:Engine for model 'en' has not been set explicitly, hence returning None.
2026-10-07 12:57:36,806:INFO:Engine for model 'svm' has not been set explicitly, hence returning None.
2026-10-07 12:57:36,841:INFO:Engine for model 'knn' has not been set explicitly, hence returning None.
2026-10-07 12:57:36,841:INFO:Soft dependency imported: xgboost: 3.1.2
2026-10-07 12:57:36,843:WARNING:
'catboost' is a soft dependency and not included in the pycaret installation. Please run: `pip install catboost` to install.
Alternately, you can install this by running `pip install pycaret[models]`
2026-10-07 12:57:36,843:INFO:Engine for model 'lasso' has not been set explicitly, hence returning None.
2026-10-07 12:57:36,847:INFO:Engine for model 'ridge' has not been set explicitly, hence returning None.
2026-10-07 12:57:36,850:INFO:Engine for model 'en' has not been set explicitly, hence returning None.
2026-10-07 12:57:36,905:INFO:Engine for model 'svm' has not been set explicitly, hence returning None.
2026-10-07 12:57:36,938:INFO:Engine for model 'knn' has not been set explicitly, hence returning None.
2026-10-07 12:57:36,938:INFO:Soft dependency imported: xgboost: 3.1.2
2026-10-07 12:57:36,940:WARNING:
'catboost' is a soft dependency and not included in the pycaret installation. Please run: `pip install catboost` to install.
Alternately, you can install this by running `pip install pycaret[models]`
2026-10-07 12:57:36,940:INFO:Engine successfully changes for model 'lasso' to 'sklearn'.
2026-10-07 12:57:36,943:INFO:Engine for model 'ridge' has not been set explicitly, hence returning None.
2026-10-07 12:57:36,947:INFO:Engine for model 'en' has not been set explicitly, hence returning None.
2026-10-07 12:57:37,010:INFO:Engine for model 'svm' has not been set explicitly, hence returning None.
2026-10-07 12:57:37,041:INFO:Engine for model 'knn' has not been set explicitly, hence returning None.
2026-10-07 12:57:37,042:INFO:Soft dependency imported: xgboost: 3.1.2
2026-10-07 12:57:37,044:WARNING:
'catboost' is a soft dependency and not included in the pycaret installation. Please run: `pip install catboost` to install.
Alternately, you can install this by running `pip install pycaret[models]`
2026-10-07 12:57:37,048:INFO:Engine for model 'ridge' has not been set explicitly, hence returning None.
2026-10-07 12:57:37,051:INFO:Engine for model 'en' has not been set explicitly, hence returning None.
2026-10-07 12:57:37,105:INFO:Engine for model 'svm' has not been set explicitly, hence returning None.
2026-10-07 12:57:37,151:INFO:Engine for model 'knn' has not been set explicitly, hence returning None.
2026-10-07 12:57:37,152:INFO:Soft dependency imported: xgboost: 3.1.2
2026-10-07 12:57:37,155:WARNING:
'catboost' is a soft dependency and not included in the pycaret installation. Please run: `pip install catboost` to install.
Alternately, you can install this by running `pip install pycaret[models]`
2026-10-07 12:57:37,156:INFO:Engine successfully changes for model 'ridge' to 'sklearn'.
2026-10-07 12:57:37,167:INFO:Engine for model 'en' has not been set explicitly, hence returning None.
2026-10-07 12:57:37,233:INFO:Engine for model 'svm' has not been set explicitly, hence returning None.
2026-10-07 12:57:37,267:INFO:Engine for model 'knn' has not been set explicitly, hence returning None.
2026-10-07 12:57:37,268:INFO:Soft dependency imported: xgboost: 3.1.2
2026-10-07 12:57:37,269:WARNING:
'catboost' is a soft dependency and not included in the pycaret installation. Please run: `pip install catboost` to install.
Alternately, you can install this by running `pip install pycaret[models]`
2026-10-07 12:57:37,276:INFO:Engine for model 'en' has not been set explicitly, hence returning None.
2026-10-07 12:57:37,331:INFO:Engine for model 'svm' has not been set explicitly, hence returning None.
2026-10-07 12:57:37,365:INFO:Engine for model 'knn' has not been set explicitly, hence returning None.
2026-10-07 12:57:37,365:INFO:Soft dependency imported: xgboost: 3.1.2
2026-10-07 12:57:37,367:WARNING:
'catboost' is a soft dependency and not included in the pycaret installation. Please run: `pip install catboost` to install.
Alternately, you can install this by running `pip install pycaret[models]`
2026-10-07 12:57:37,368:INFO:Engine successfully changes for model 'en' to 'sklearn'.
2026-10-07 12:57:37,433:INFO:Engine for model 'svm' has not been set explicitly, hence returning None.
2026-10-07 12:57:37,467:INFO:Engine for model 'knn' has not been set explicitly, hence returning None.
2026-10-07 12:57:37,467:INFO:Soft dependency imported: xgboost: 3.1.2
2026-10-07 12:57:37,469:WARNING:
'catboost' is a soft dependency and not included in the pycaret installation. Please run: `pip install catboost` to install.
Alternately, you can install this by running `pip install pycaret[models]`
2026-10-07 12:57:37,531:INFO:Engine for model 'svm' has not been set explicitly, hence returning None.
2026-10-07 12:57:37,573:INFO:Engine for model 'knn' has not been set explicitly, hence returning None.
2026-10-07 12:57:37,573:INFO:Soft dependency imported: xgboost: 3.1.2
2026-10-07 12:57:37,575:WARNING:
'catboost' is a soft dependency and not included in the pycaret installation. Please run: `pip install catboost` to install.
Alternately, you can install this by running `pip install pycaret[models]`
2026-10-07 12:57:37,575:INFO:Engine successfully changes for model 'knn' to 'sklearn'.
2026-10-07 12:57:37,643:INFO:Engine for model 'svm' has not been set explicitly, hence returning None.
2026-10-07 12:57:37,674:INFO:Soft dependency imported: xgboost: 3.1.2
2026-10-07 12:57:37,676:WARNING:
'catboost' is a soft dependency and not included in the pycaret installation. Please run: `pip install catboost` to install.
Alternately, you can install this by running `pip install pycaret[models]`
2026-10-07 12:57:37,742:INFO:Engine for model 'svm' has not been set explicitly, hence returning None.
2026-10-07 12:57:37,774:INFO:Soft dependency imported: xgboost: 3.1.2
2026-10-07 12:57:37,776:WARNING:
'catboost' is a soft dependency and not included in the pycaret installation. Please run: `pip install catboost` to install.
Alternately, you can install this by running `pip install pycaret[models]`
2026-10-07 12:57:37,776:INFO:Engine successfully changes for model 'svm' to 'sklearn'.
2026-10-07 12:57:37,868:INFO:Soft dependency imported: xgboost: 3.1.2
2026-10-07 12:57:37,870:WARNING:
'catboost' is a soft dependency and not included in the pycaret installation. Please run: `pip install catboost` to install.
Alternately, you can install this by running `pip install pycaret[models]`
2026-10-07 12:57:37,960:INFO:Soft dependency imported: xgboost: 3.1.2
2026-10-07 12:57:37,962:WARNING:
'catboost' is a soft dependency and not included in the pycaret installation. Please run: `pip install catboost` to install.
Alternately, you can install this by running `pip install pycaret[models]`
2026-10-07 12:57:37,964:INFO:Preparing preprocessing pipeline...
2026-10-07 12:57:37,964:INFO:Set up simple imputation.
2026-10-07 12:57:37,975:INFO:Set up encoding of ordinal features.
2026-10-07 12:57:37,985:INFO:Set up encoding of categorical features.
2026-10-07 12:57:38,232:INFO:Finished creating preprocessing pipeline.
2026-10-07 12:57:38,253:INFO:Pipeline: Pipeline(memory=FastMemory(location=C:\Users\bordasm\AppData\Local\Temp\joblib),
         steps=[('numerical_imputer',
                 TransformerWrapper(include=['harvest_calendar_year',
                                             'harvest_month',
                                             'farm_size_hectares',
                                             'tree_age_years',
                                             'altitude_mean_meters',
                                             'avg_temp_c',
                                             'avg_annual_rainfall_mm',
                                             'humidity_pct',
                                             'drying_duration_days',
                                             'storage_months',
                                             'bean_size_screen', '...
                                             'processing_method',
                                             'drying_method',
                                             'traceability_level',
                                             'certification',
                                             'intended_buyer_segment',
                                             'roast_level'],
                                    transformer=OneHotEncoder(cols=['harvest_season',
                                                                    'country_of_origin',
                                                                    'farm_type',
                                                                    'processing_method',
                                                                    'drying_method',
                                                                    'traceability_level',
                                                                    'certification',
                                                                    'intended_buyer_segment',
                                                                    'roast_level'],
                                                              handle_missing='return_nan',
                                                              use_cat_names=True)))])
2026-10-07 12:57:38,253:INFO:Creating final display dataframe.
2026-10-07 12:57:38,440:INFO:Setup _display_container:                     Description                 Value
0                    Session id                     2
1                        Target  coffee_quality_score
2                   Target type            Regression
3           Original data shape           (35700, 36)
4        Transformed data shape           (35700, 60)
5   Transformed train set shape           (28560, 60)
6    Transformed test set shape            (7140, 60)
7               Ignore features                     4
8              Numeric features                    20
9          Categorical features                    11
10     Rows with missing values                 66.4%
11                   Preprocess                  True
12              Imputation type                simple
13           Numeric imputation                  mean
14       Categorical imputation                  mode
15     Maximum one-hot encoding                    25
16              Encoding method                  None
17               Fold Generator                 KFold
18                  Fold Number                    10
19                     CPU Jobs                    -1
20                      Use GPU                 False
21               Log Experiment                 False
22              Experiment Name      reg-default-name
23                          USI                  b2ce
2026-10-07 12:57:38,531:INFO:Soft dependency imported: xgboost: 3.1.2
2026-10-07 12:57:38,533:WARNING:
'catboost' is a soft dependency and not included in the pycaret installation. Please run: `pip install catboost` to install.
Alternately, you can install this by running `pip install pycaret[models]`
2026-10-07 12:57:38,633:INFO:Soft dependency imported: xgboost: 3.1.2
2026-10-07 12:57:38,635:WARNING:
'catboost' is a soft dependency and not included in the pycaret installation. Please run: `pip install catboost` to install.
Alternately, you can install this by running `pip install pycaret[models]`
2026-10-07 12:57:38,635:INFO:setup() successfully completed in 2.23s...............
2026-10-07 12:57:38,636:INFO:Initializing create_model()
2026-10-07 12:57:38,636:INFO:create_model(self=<pycaret.regression.oop.RegressionExperiment object at 0x000001123E7EE050>, estimator=lightgbm, fold=3, round=4, cross_validation=True, predict=True, fit_kwargs=None, groups=None, refit=True, probability_threshold=None, experiment_custom_tags=None, verbose=True, system=True, add_to_model_list=True, metrics=None, display=None, model_only=True, return_train_score=False, error_score=0.0, kwargs={})
2026-10-07 12:57:38,636:INFO:Checking exceptions
2026-10-07 12:57:38,636:INFO:Importing libraries
2026-10-07 12:57:38,637:INFO:Copying training dataset
2026-10-07 12:57:38,658:INFO:Defining folds
2026-10-07 12:57:38,658:INFO:Declaring metric variables
2026-10-07 12:57:38,658:INFO:Importing untrained model
2026-10-07 12:57:38,659:INFO:Light Gradient Boosting Machine Imported successfully
2026-10-07 12:57:38,659:INFO:Starting cross validation
2026-10-07 12:57:38,661:INFO:Cross validating with KFold(n_splits=3, random_state=None, shuffle=False), n_jobs=-1
2026-10-07 12:57:47,469:WARNING:C:\Users\bordasm\.venv\Lib\site-packages\_distutils_hack\__init__.py:33: UserWarning: Setuptools is replacing distutils.
  warnings.warn("Setuptools is replacing distutils.")

2026-10-07 12:57:47,624:WARNING:C:\Users\bordasm\.venv\Lib\site-packages\_distutils_hack\__init__.py:33: UserWarning: Setuptools is replacing distutils.
  warnings.warn("Setuptools is replacing distutils.")

2026-10-07 12:57:47,713:WARNING:C:\Users\bordasm\.venv\Lib\site-packages\_distutils_hack\__init__.py:33: UserWarning: Setuptools is replacing distutils.
  warnings.warn("Setuptools is replacing distutils.")

2026-10-07 12:57:49,386:INFO:Calculating mean and std
2026-10-07 12:57:49,387:INFO:Creating metrics dataframe
2026-10-07 12:57:49,390:INFO:Finalizing model
2026-10-07 12:57:49,926:INFO:[LightGBM] [Warning] Found whitespace in feature_names, replace with underlines
2026-10-07 12:57:49,932:INFO:[LightGBM] [Info] Auto-choosing col-wise multi-threading, the overhead of testing was 0.003019 seconds.
2026-10-07 12:57:49,932:INFO:You can set `force_col_wise=true` to remove the overhead.
2026-10-07 12:57:49,932:INFO:[LightGBM] [Info] Total Bins 3770
2026-10-07 12:57:49,932:INFO:[LightGBM] [Info] Number of data points in the train set: 28560, number of used features: 59
2026-10-07 12:57:49,933:INFO:[LightGBM] [Info] Start training from score 77.602097
2026-10-07 12:57:50,183:INFO:Uploading results into container
2026-10-07 12:57:50,184:INFO:Uploading model into container now
2026-10-07 12:57:50,194:INFO:_master_model_container: 1
2026-10-07 12:57:50,195:INFO:_display_container: 2
2026-10-07 12:57:50,195:INFO:LGBMRegressor(n_jobs=-1, random_state=2)
2026-10-07 12:57:50,195:INFO:create_model() successfully completed......................................
2026-10-07 12:57:50,817:INFO:PyCaret RegressionExperiment
2026-10-07 12:57:50,817:INFO:Logging name: reg-default-name
2026-10-07 12:57:50,817:INFO:ML Usecase: MLUsecase.REGRESSION
2026-10-07 12:57:50,817:INFO:version 3.3.2
2026-10-07 12:57:50,817:INFO:Initializing setup()
2026-10-07 12:57:50,817:INFO:self.USI: e4f8
2026-10-07 12:57:50,817:INFO:self._variable_keys: {'gpu_param', 'idx', 'data', 'pipeline', 'logging_param', 'exp_id', 'fold_groups_param', 'target_param', 'gpu_n_jobs_param', 'log_plots_param', 'fold_generator', 'html_param', 'y', 'exp_name_log', 'X', 'y_train', 'X_train', 'USI', 'transform_target_param', 'n_jobs_param', 'fold_shuffle_param', 'seed', 'y_test', 'X_test', '_available_plots', '_ml_usecase', 'memory'}
2026-10-07 12:57:50,817:INFO:Checking environment
2026-10-07 12:57:50,817:INFO:python_version: 3.11.9
2026-10-07 12:57:50,817:INFO:python_build: ('tags/v3.11.9:de54cf5', 'Apr  2 2024 10:12:12')
2026-10-07 12:57:50,817:INFO:machine: AMD64
2026-10-07 12:57:50,818:INFO:platform: Windows-10-10.0.26200-SP0
2026-10-07 12:57:50,818:INFO:Memory: svmem(total=16868499456, available=4828680192, percent=71.4, used=12039819264, free=4828680192)
2026-10-07 12:57:50,818:INFO:Physical Core: 8
2026-10-07 12:57:50,818:INFO:Logical Core: 16
2026-10-07 12:57:50,818:INFO:Checking libraries
2026-10-07 12:57:50,818:INFO:System:
2026-10-07 12:57:50,818:INFO:    python: 3.11.9 (tags/v3.11.9:de54cf5, Apr  2 2024, 10:12:12) [MSC v.1938 64 bit (AMD64)]
2026-10-07 12:57:50,818:INFO:executable: C:\Users\bordasm\.venv\Scripts\python.exe
2026-10-07 12:57:50,818:INFO:   machine: Windows-10-10.0.26200-SP0
2026-10-07 12:57:50,818:INFO:PyCaret required dependencies:
2026-10-07 12:57:50,819:INFO:                 pip: 26.2.1
2026-10-07 12:57:50,819:INFO:          setuptools: 65.5.0
2026-10-07 12:57:50,819:INFO:             pycaret: 3.3.2
2026-10-07 12:57:50,819:INFO:             IPython: 9.3.0
2026-10-07 12:57:50,819:INFO:          ipywidgets: 8.1.9
2026-10-07 12:57:50,820:INFO:                tqdm: 4.67.1
2026-10-07 12:57:50,820:INFO:               numpy: 1.26.4
2026-10-07 12:57:50,821:INFO:              pandas: 2.1.4
2026-10-07 12:57:50,821:INFO:              jinja2: 3.1.4
2026-10-07 12:57:50,821:INFO:               scipy: 1.11.4
2026-10-07 12:57:50,822:INFO:              joblib: 1.3.2
2026-10-07 12:57:50,822:INFO:             sklearn: 1.4.2
2026-10-07 12:57:50,823:INFO:                pyod: 3.4.0
2026-10-07 12:57:50,824:INFO:            imblearn: 0.13.0
2026-10-07 12:57:50,824:INFO:   category_encoders: 2.7.0
2026-10-07 12:57:50,824:INFO:            lightgbm: 4.6.0
2026-10-07 12:57:50,825:INFO:               numba: 0.68.0
2026-10-07 12:57:50,825:INFO:            requests: 2.32.3
2026-10-07 12:57:50,825:INFO:          matplotlib: 3.7.5
2026-10-07 12:57:50,825:INFO:          scikitplot: 0.3.7
2026-10-07 12:57:50,825:INFO:         yellowbrick: 1.5
2026-10-07 12:57:50,826:INFO:              plotly: 6.9.0
2026-10-07 12:57:50,826:INFO:    plotly-resampler: Not installed
2026-10-07 12:57:50,827:INFO:             kaleido: 1.5.0
2026-10-07 12:57:50,827:INFO:           schemdraw: 0.15
2026-10-07 12:57:50,827:INFO:         statsmodels: 0.15.0
2026-10-07 12:57:50,827:INFO:              sktime: 0.26.0
2026-10-07 12:57:50,827:INFO:               tbats: 1.1.3
2026-10-07 12:57:50,828:INFO:            pmdarima: 2.0.4
2026-10-07 12:57:50,828:INFO:              psutil: 7.0.0
2026-10-07 12:57:50,829:INFO:          markupsafe: 2.1.5
2026-10-07 12:57:50,830:INFO:             pickle5: Not installed
2026-10-07 12:57:50,831:INFO:         cloudpickle: 3.1.2
2026-10-07 12:57:50,831:INFO:         deprecation: 2.1.0
2026-10-07 12:57:50,832:INFO:              xxhash: 4.0.1
2026-10-07 12:57:50,832:INFO:           wurlitzer: Not installed
2026-10-07 12:57:50,833:INFO:PyCaret optional dependencies:
2026-10-07 12:57:50,833:INFO:                shap: Not installed
2026-10-07 12:57:50,834:INFO:           interpret: Not installed
2026-10-07 12:57:50,835:INFO:                umap: Not installed
2026-10-07 12:57:50,835:INFO:     ydata_profiling: Not installed
2026-10-07 12:57:50,835:INFO:  explainerdashboard: Not installed
2026-10-07 12:57:50,835:INFO:             autoviz: Not installed
2026-10-07 12:57:50,836:INFO:           fairlearn: Not installed
2026-10-07 12:57:50,837:INFO:          deepchecks: Not installed
2026-10-07 12:57:50,837:INFO:             xgboost: 3.1.2
2026-10-07 12:57:50,837:INFO:            catboost: Not installed
2026-10-07 12:57:50,838:INFO:              kmodes: Not installed
2026-10-07 12:57:50,838:INFO:             mlxtend: Not installed
2026-10-07 12:57:50,839:INFO:       statsforecast: Not installed
2026-10-07 12:57:50,839:INFO:        tune_sklearn: Not installed
2026-10-07 12:57:50,839:INFO:                 ray: Not installed
2026-10-07 12:57:50,840:INFO:            hyperopt: Not installed
2026-10-07 12:57:50,840:INFO:              optuna: Not installed
2026-10-07 12:57:50,840:INFO:               skopt: Not installed
2026-10-07 12:57:50,841:INFO:              mlflow: 3.17.0
2026-10-07 12:57:50,842:INFO:              gradio: Not installed
2026-10-07 12:57:50,842:INFO:             fastapi: 0.142.2
2026-10-07 12:57:50,842:INFO:             uvicorn: 0.54.0
2026-10-07 12:57:50,844:INFO:              m2cgen: Not installed
2026-10-07 12:57:50,844:INFO:           evidently: Not installed
2026-10-07 12:57:50,845:INFO:               fugue: Not installed
2026-10-07 12:57:50,845:INFO:           streamlit: Not installed
2026-10-07 12:57:50,845:INFO:             prophet: Not installed
2026-10-07 12:57:50,846:INFO:None
2026-10-07 12:57:50,846:INFO:Set up data.
2026-10-07 12:57:50,952:INFO:Set up folding strategy.
2026-10-07 12:57:50,952:INFO:Set up train/test split.
2026-10-07 12:57:51,000:INFO:Set up index.
2026-10-07 12:57:51,001:INFO:Assigning column types.
2026-10-07 12:57:51,020:INFO:Engine successfully changes for model 'lr' to 'sklearn'.
2026-10-07 12:57:51,020:INFO:Engine for model 'lasso' has not been set explicitly, hence returning None.
2026-10-07 12:57:51,024:INFO:Engine for model 'ridge' has not been set explicitly, hence returning None.
2026-10-07 12:57:51,027:INFO:Engine for model 'en' has not been set explicitly, hence returning None.
2026-10-07 12:57:51,087:INFO:Engine for model 'svm' has not been set explicitly, hence returning None.
2026-10-07 12:57:51,125:INFO:Engine for model 'knn' has not been set explicitly, hence returning None.
2026-10-07 12:57:51,125:INFO:Soft dependency imported: xgboost: 3.1.2
2026-10-07 12:57:51,127:WARNING:
'catboost' is a soft dependency and not included in the pycaret installation. Please run: `pip install catboost` to install.
Alternately, you can install this by running `pip install pycaret[models]`
2026-10-07 12:57:51,127:INFO:Engine for model 'lasso' has not been set explicitly, hence returning None.
2026-10-07 12:57:51,131:INFO:Engine for model 'ridge' has not been set explicitly, hence returning None.
2026-10-07 12:57:51,134:INFO:Engine for model 'en' has not been set explicitly, hence returning None.
2026-10-07 12:57:51,190:INFO:Engine for model 'svm' has not been set explicitly, hence returning None.
2026-10-07 12:57:51,224:INFO:Engine for model 'knn' has not been set explicitly, hence returning None.
2026-10-07 12:57:51,224:INFO:Soft dependency imported: xgboost: 3.1.2
2026-10-07 12:57:51,226:WARNING:
'catboost' is a soft dependency and not included in the pycaret installation. Please run: `pip install catboost` to install.
Alternately, you can install this by running `pip install pycaret[models]`
2026-10-07 12:57:51,226:INFO:Engine successfully changes for model 'lasso' to 'sklearn'.
2026-10-07 12:57:51,229:INFO:Engine for model 'ridge' has not been set explicitly, hence returning None.
2026-10-07 12:57:51,233:INFO:Engine for model 'en' has not been set explicitly, hence returning None.
2026-10-07 12:57:51,301:INFO:Engine for model 'svm' has not been set explicitly, hence returning None.
2026-10-07 12:57:51,336:INFO:Engine for model 'knn' has not been set explicitly, hence returning None.
2026-10-07 12:57:51,336:INFO:Soft dependency imported: xgboost: 3.1.2
2026-10-07 12:57:51,339:WARNING:
'catboost' is a soft dependency and not included in the pycaret installation. Please run: `pip install catboost` to install.
Alternately, you can install this by running `pip install pycaret[models]`
2026-10-07 12:57:51,343:INFO:Engine for model 'ridge' has not been set explicitly, hence returning None.
2026-10-07 12:57:51,348:INFO:Engine for model 'en' has not been set explicitly, hence returning None.
2026-10-07 12:57:51,408:INFO:Engine for model 'svm' has not been set explicitly, hence returning None.
2026-10-07 12:57:51,445:INFO:Engine for model 'knn' has not been set explicitly, hence returning None.
2026-10-07 12:57:51,446:INFO:Soft dependency imported: xgboost: 3.1.2
2026-10-07 12:57:51,448:WARNING:
'catboost' is a soft dependency and not included in the pycaret installation. Please run: `pip install catboost` to install.
Alternately, you can install this by running `pip install pycaret[models]`
2026-10-07 12:57:51,448:INFO:Engine successfully changes for model 'ridge' to 'sklearn'.
2026-10-07 12:57:51,456:INFO:Engine for model 'en' has not been set explicitly, hence returning None.
2026-10-07 12:57:51,518:INFO:Engine for model 'svm' has not been set explicitly, hence returning None.
2026-10-07 12:57:51,551:INFO:Engine for model 'knn' has not been set explicitly, hence returning None.
2026-10-07 12:57:51,552:INFO:Soft dependency imported: xgboost: 3.1.2
2026-10-07 12:57:51,554:WARNING:
'catboost' is a soft dependency and not included in the pycaret installation. Please run: `pip install catboost` to install.
Alternately, you can install this by running `pip install pycaret[models]`
2026-10-07 12:57:51,560:INFO:Engine for model 'en' has not been set explicitly, hence returning None.
2026-10-07 12:57:51,623:INFO:Engine for model 'svm' has not been set explicitly, hence returning None.
2026-10-07 12:57:51,655:INFO:Engine for model 'knn' has not been set explicitly, hence returning None.
2026-10-07 12:57:51,655:INFO:Soft dependency imported: xgboost: 3.1.2
2026-10-07 12:57:51,657:WARNING:
'catboost' is a soft dependency and not included in the pycaret installation. Please run: `pip install catboost` to install.
Alternately, you can install this by running `pip install pycaret[models]`
2026-10-07 12:57:51,657:INFO:Engine successfully changes for model 'en' to 'sklearn'.
2026-10-07 12:57:51,722:INFO:Engine for model 'svm' has not been set explicitly, hence returning None.
2026-10-07 12:57:51,756:INFO:Engine for model 'knn' has not been set explicitly, hence returning None.
2026-10-07 12:57:51,756:INFO:Soft dependency imported: xgboost: 3.1.2
2026-10-07 12:57:51,758:WARNING:
'catboost' is a soft dependency and not included in the pycaret installation. Please run: `pip install catboost` to install.
Alternately, you can install this by running `pip install pycaret[models]`
2026-10-07 12:57:51,820:INFO:Engine for model 'svm' has not been set explicitly, hence returning None.
2026-10-07 12:57:51,857:INFO:Engine for model 'knn' has not been set explicitly, hence returning None.
2026-10-07 12:57:51,858:INFO:Soft dependency imported: xgboost: 3.1.2
2026-10-07 12:57:51,859:WARNING:
'catboost' is a soft dependency and not included in the pycaret installation. Please run: `pip install catboost` to install.
Alternately, you can install this by running `pip install pycaret[models]`
2026-10-07 12:57:51,860:INFO:Engine successfully changes for model 'knn' to 'sklearn'.
2026-10-07 12:57:51,921:INFO:Engine for model 'svm' has not been set explicitly, hence returning None.
2026-10-07 12:57:51,955:INFO:Soft dependency imported: xgboost: 3.1.2
2026-10-07 12:57:51,957:WARNING:
'catboost' is a soft dependency and not included in the pycaret installation. Please run: `pip install catboost` to install.
Alternately, you can install this by running `pip install pycaret[models]`
2026-10-07 12:57:52,025:INFO:Engine for model 'svm' has not been set explicitly, hence returning None.
2026-10-07 12:57:52,056:INFO:Soft dependency imported: xgboost: 3.1.2
2026-10-07 12:57:52,059:WARNING:
'catboost' is a soft dependency and not included in the pycaret installation. Please run: `pip install catboost` to install.
Alternately, you can install this by running `pip install pycaret[models]`
2026-10-07 12:57:52,059:INFO:Engine successfully changes for model 'svm' to 'sklearn'.
2026-10-07 12:57:52,151:INFO:Soft dependency imported: xgboost: 3.1.2
2026-10-07 12:57:52,152:WARNING:
'catboost' is a soft dependency and not included in the pycaret installation. Please run: `pip install catboost` to install.
Alternately, you can install this by running `pip install pycaret[models]`
2026-10-07 12:57:52,246:INFO:Soft dependency imported: xgboost: 3.1.2
2026-10-07 12:57:52,248:WARNING:
'catboost' is a soft dependency and not included in the pycaret installation. Please run: `pip install catboost` to install.
Alternately, you can install this by running `pip install pycaret[models]`
2026-10-07 12:57:52,251:INFO:Preparing preprocessing pipeline...
2026-10-07 12:57:52,251:INFO:Set up simple imputation.
2026-10-07 12:57:52,265:INFO:Set up encoding of ordinal features.
2026-10-07 12:57:52,276:INFO:Set up encoding of categorical features.
2026-10-07 12:57:52,535:INFO:Finished creating preprocessing pipeline.
2026-10-07 12:57:52,555:INFO:Pipeline: Pipeline(memory=FastMemory(location=C:\Users\bordasm\AppData\Local\Temp\joblib),
         steps=[('numerical_imputer',
                 TransformerWrapper(include=['harvest_calendar_year',
                                             'harvest_month',
                                             'farm_size_hectares',
                                             'tree_age_years',
                                             'altitude_mean_meters',
                                             'avg_temp_c',
                                             'avg_annual_rainfall_mm',
                                             'humidity_pct',
                                             'drying_duration_days',
                                             'storage_months',
                                             'bean_size_screen', '...
                                             'processing_method',
                                             'drying_method',
                                             'traceability_level',
                                             'certification',
                                             'intended_buyer_segment',
                                             'roast_level'],
                                    transformer=OneHotEncoder(cols=['harvest_season',
                                                                    'country_of_origin',
                                                                    'farm_type',
                                                                    'processing_method',
                                                                    'drying_method',
                                                                    'traceability_level',
                                                                    'certification',
                                                                    'intended_buyer_segment',
                                                                    'roast_level'],
                                                              handle_missing='return_nan',
                                                              use_cat_names=True)))])
2026-10-07 12:57:52,555:INFO:Creating final display dataframe.
2026-10-07 12:57:52,749:INFO:Setup _display_container:                     Description                 Value
0                    Session id                     3
1                        Target  coffee_quality_score
2                   Target type            Regression
3           Original data shape           (35700, 36)
4        Transformed data shape           (35700, 60)
5   Transformed train set shape           (28560, 60)
6    Transformed test set shape            (7140, 60)
7               Ignore features                     4
8              Numeric features                    20
9          Categorical features                    11
10     Rows with missing values                 66.4%
11                   Preprocess                  True
12              Imputation type                simple
13           Numeric imputation                  mean
14       Categorical imputation                  mode
15     Maximum one-hot encoding                    25
16              Encoding method                  None
17               Fold Generator                 KFold
18                  Fold Number                    10
19                     CPU Jobs                    -1
20                      Use GPU                 False
21               Log Experiment                 False
22              Experiment Name      reg-default-name
23                          USI                  e4f8
2026-10-07 12:57:52,842:INFO:Soft dependency imported: xgboost: 3.1.2
2026-10-07 12:57:52,844:WARNING:
'catboost' is a soft dependency and not included in the pycaret installation. Please run: `pip install catboost` to install.
Alternately, you can install this by running `pip install pycaret[models]`
2026-10-07 12:57:52,943:INFO:Soft dependency imported: xgboost: 3.1.2
2026-10-07 12:57:52,945:WARNING:
'catboost' is a soft dependency and not included in the pycaret installation. Please run: `pip install catboost` to install.
Alternately, you can install this by running `pip install pycaret[models]`
2026-10-07 12:57:52,946:INFO:setup() successfully completed in 2.25s...............
2026-10-07 12:57:52,946:INFO:Initializing create_model()
2026-10-07 12:57:52,946:INFO:create_model(self=<pycaret.regression.oop.RegressionExperiment object at 0x000001123E42A290>, estimator=lightgbm, fold=3, round=4, cross_validation=True, predict=True, fit_kwargs=None, groups=None, refit=True, probability_threshold=None, experiment_custom_tags=None, verbose=True, system=True, add_to_model_list=True, metrics=None, display=None, model_only=True, return_train_score=False, error_score=0.0, kwargs={})
2026-10-07 12:57:52,946:INFO:Checking exceptions
2026-10-07 12:57:52,948:INFO:Importing libraries
2026-10-07 12:57:52,948:INFO:Copying training dataset
2026-10-07 12:57:52,968:INFO:Defining folds
2026-10-07 12:57:52,968:INFO:Declaring metric variables
2026-10-07 12:57:52,969:INFO:Importing untrained model
2026-10-07 12:57:52,969:INFO:Light Gradient Boosting Machine Imported successfully
2026-10-07 12:57:52,969:INFO:Starting cross validation
2026-10-07 12:57:52,971:INFO:Cross validating with KFold(n_splits=3, random_state=None, shuffle=False), n_jobs=-1
2026-10-07 12:58:01,987:WARNING:C:\Users\bordasm\.venv\Lib\site-packages\_distutils_hack\__init__.py:33: UserWarning: Setuptools is replacing distutils.
  warnings.warn("Setuptools is replacing distutils.")

2026-10-07 12:58:02,004:WARNING:C:\Users\bordasm\.venv\Lib\site-packages\_distutils_hack\__init__.py:33: UserWarning: Setuptools is replacing distutils.
  warnings.warn("Setuptools is replacing distutils.")

2026-10-07 12:58:02,101:WARNING:C:\Users\bordasm\.venv\Lib\site-packages\_distutils_hack\__init__.py:33: UserWarning: Setuptools is replacing distutils.
  warnings.warn("Setuptools is replacing distutils.")

2026-10-07 12:58:03,864:INFO:Calculating mean and std
2026-10-07 12:58:03,865:INFO:Creating metrics dataframe
2026-10-07 12:58:03,868:INFO:Finalizing model
2026-10-07 12:58:04,420:INFO:[LightGBM] [Warning] Found whitespace in feature_names, replace with underlines
2026-10-07 12:58:04,425:INFO:[LightGBM] [Info] Auto-choosing col-wise multi-threading, the overhead of testing was 0.001997 seconds.
2026-10-07 12:58:04,425:INFO:You can set `force_col_wise=true` to remove the overhead.
2026-10-07 12:58:04,425:INFO:[LightGBM] [Info] Total Bins 3775
2026-10-07 12:58:04,426:INFO:[LightGBM] [Info] Number of data points in the train set: 28560, number of used features: 59
2026-10-07 12:58:04,426:INFO:[LightGBM] [Info] Start training from score 77.599149
2026-10-07 12:58:04,670:INFO:Uploading results into container
2026-10-07 12:58:04,671:INFO:Uploading model into container now
2026-10-07 12:58:04,681:INFO:_master_model_container: 1
2026-10-07 12:58:04,681:INFO:_display_container: 2
2026-10-07 12:58:04,682:INFO:LGBMRegressor(n_jobs=-1, random_state=3)
2026-10-07 12:58:04,682:INFO:create_model() successfully completed......................................
2026-10-07 12:58:05,277:INFO:PyCaret RegressionExperiment
2026-10-07 12:58:05,277:INFO:Logging name: reg-default-name
2026-10-07 12:58:05,277:INFO:ML Usecase: MLUsecase.REGRESSION
2026-10-07 12:58:05,277:INFO:version 3.3.2
2026-10-07 12:58:05,277:INFO:Initializing setup()
2026-10-07 12:58:05,278:INFO:self.USI: 01a5
2026-10-07 12:58:05,278:INFO:self._variable_keys: {'gpu_param', 'idx', 'data', 'pipeline', 'logging_param', 'exp_id', 'fold_groups_param', 'target_param', 'gpu_n_jobs_param', 'log_plots_param', 'fold_generator', 'html_param', 'y', 'exp_name_log', 'X', 'y_train', 'X_train', 'USI', 'transform_target_param', 'n_jobs_param', 'fold_shuffle_param', 'seed', 'y_test', 'X_test', '_available_plots', '_ml_usecase', 'memory'}
2026-10-07 12:58:05,278:INFO:Checking environment
2026-10-07 12:58:05,278:INFO:python_version: 3.11.9
2026-10-07 12:58:05,278:INFO:python_build: ('tags/v3.11.9:de54cf5', 'Apr  2 2024 10:12:12')
2026-10-07 12:58:05,279:INFO:machine: AMD64
2026-10-07 12:58:05,279:INFO:platform: Windows-10-10.0.26200-SP0
2026-10-07 12:58:05,280:INFO:Memory: svmem(total=16868499456, available=4406132736, percent=73.9, used=12462366720, free=4406132736)
2026-10-07 12:58:05,281:INFO:Physical Core: 8
2026-10-07 12:58:05,281:INFO:Logical Core: 16
2026-10-07 12:58:05,281:INFO:Checking libraries
2026-10-07 12:58:05,281:INFO:System:
2026-10-07 12:58:05,281:INFO:    python: 3.11.9 (tags/v3.11.9:de54cf5, Apr  2 2024, 10:12:12) [MSC v.1938 64 bit (AMD64)]
2026-10-07 12:58:05,281:INFO:executable: C:\Users\bordasm\.venv\Scripts\python.exe
2026-10-07 12:58:05,282:INFO:   machine: Windows-10-10.0.26200-SP0
2026-10-07 12:58:05,282:INFO:PyCaret required dependencies:
2026-10-07 12:58:05,283:INFO:                 pip: 26.2.1
2026-10-07 12:58:05,283:INFO:          setuptools: 65.5.0
2026-10-07 12:58:05,283:INFO:             pycaret: 3.3.2
2026-10-07 12:58:05,284:INFO:             IPython: 9.3.0
2026-10-07 12:58:05,284:INFO:          ipywidgets: 8.1.9
2026-10-07 12:58:05,285:INFO:                tqdm: 4.67.1
2026-10-07 12:58:05,286:INFO:               numpy: 1.26.4
2026-10-07 12:58:05,286:INFO:              pandas: 2.1.4
2026-10-07 12:58:05,286:INFO:              jinja2: 3.1.4
2026-10-07 12:58:05,286:INFO:               scipy: 1.11.4
2026-10-07 12:58:05,286:INFO:              joblib: 1.3.2
2026-10-07 12:58:05,287:INFO:             sklearn: 1.4.2
2026-10-07 12:58:05,288:INFO:                pyod: 3.4.0
2026-10-07 12:58:05,288:INFO:            imblearn: 0.13.0
2026-10-07 12:58:05,288:INFO:   category_encoders: 2.7.0
2026-10-07 12:58:05,288:INFO:            lightgbm: 4.6.0
2026-10-07 12:58:05,289:INFO:               numba: 0.68.0
2026-10-07 12:58:05,289:INFO:            requests: 2.32.3
2026-10-07 12:58:05,290:INFO:          matplotlib: 3.7.5
2026-10-07 12:58:05,291:INFO:          scikitplot: 0.3.7
2026-10-07 12:58:05,291:INFO:         yellowbrick: 1.5
2026-10-07 12:58:05,292:INFO:              plotly: 6.9.0
2026-10-07 12:58:05,292:INFO:    plotly-resampler: Not installed
2026-10-07 12:58:05,292:INFO:             kaleido: 1.5.0
2026-10-07 12:58:05,293:INFO:           schemdraw: 0.15
2026-10-07 12:58:05,293:INFO:         statsmodels: 0.15.0
2026-10-07 12:58:05,293:INFO:              sktime: 0.26.0
2026-10-07 12:58:05,293:INFO:               tbats: 1.1.3
2026-10-07 12:58:05,294:INFO:            pmdarima: 2.0.4
2026-10-07 12:58:05,294:INFO:              psutil: 7.0.0
2026-10-07 12:58:05,295:INFO:          markupsafe: 2.1.5
2026-10-07 12:58:05,295:INFO:             pickle5: Not installed
2026-10-07 12:58:05,295:INFO:         cloudpickle: 3.1.2
2026-10-07 12:58:05,295:INFO:         deprecation: 2.1.0
2026-10-07 12:58:05,295:INFO:              xxhash: 4.0.1
2026-10-07 12:58:05,295:INFO:           wurlitzer: Not installed
2026-10-07 12:58:05,295:INFO:PyCaret optional dependencies:
2026-10-07 12:58:05,295:INFO:                shap: Not installed
2026-10-07 12:58:05,295:INFO:           interpret: Not installed
2026-10-07 12:58:05,295:INFO:                umap: Not installed
2026-10-07 12:58:05,295:INFO:     ydata_profiling: Not installed
2026-10-07 12:58:05,295:INFO:  explainerdashboard: Not installed
2026-10-07 12:58:05,296:INFO:             autoviz: Not installed
2026-10-07 12:58:05,297:INFO:           fairlearn: Not installed
2026-10-07 12:58:05,297:INFO:          deepchecks: Not installed
2026-10-07 12:58:05,297:INFO:             xgboost: 3.1.2
2026-10-07 12:58:05,298:INFO:            catboost: Not installed
2026-10-07 12:58:05,298:INFO:              kmodes: Not installed
2026-10-07 12:58:05,299:INFO:             mlxtend: Not installed
2026-10-07 12:58:05,300:INFO:       statsforecast: Not installed
2026-10-07 12:58:05,300:INFO:        tune_sklearn: Not installed
2026-10-07 12:58:05,300:INFO:                 ray: Not installed
2026-10-07 12:58:05,301:INFO:            hyperopt: Not installed
2026-10-07 12:58:05,301:INFO:              optuna: Not installed
2026-10-07 12:58:05,301:INFO:               skopt: Not installed
2026-10-07 12:58:05,302:INFO:              mlflow: 3.17.0
2026-10-07 12:58:05,302:INFO:              gradio: Not installed
2026-10-07 12:58:05,303:INFO:             fastapi: 0.142.2
2026-10-07 12:58:05,304:INFO:             uvicorn: 0.54.0
2026-10-07 12:58:05,304:INFO:              m2cgen: Not installed
2026-10-07 12:58:05,305:INFO:           evidently: Not installed
2026-10-07 12:58:05,305:INFO:               fugue: Not installed
2026-10-07 12:58:05,305:INFO:           streamlit: Not installed
2026-10-07 12:58:05,306:INFO:             prophet: Not installed
2026-10-07 12:58:05,306:INFO:None
2026-10-07 12:58:05,307:INFO:Set up data.
2026-10-07 12:58:05,410:INFO:Set up folding strategy.
2026-10-07 12:58:05,411:INFO:Set up train/test split.
2026-10-07 12:58:05,447:INFO:Set up index.
2026-10-07 12:58:05,449:INFO:Assigning column types.
2026-10-07 12:58:05,465:INFO:Engine successfully changes for model 'lr' to 'sklearn'.
2026-10-07 12:58:05,466:INFO:Engine for model 'lasso' has not been set explicitly, hence returning None.
2026-10-07 12:58:05,470:INFO:Engine for model 'ridge' has not been set explicitly, hence returning None.
2026-10-07 12:58:05,474:INFO:Engine for model 'en' has not been set explicitly, hence returning None.
2026-10-07 12:58:05,537:INFO:Engine for model 'svm' has not been set explicitly, hence returning None.
2026-10-07 12:58:05,571:INFO:Engine for model 'knn' has not been set explicitly, hence returning None.
2026-10-07 12:58:05,572:INFO:Soft dependency imported: xgboost: 3.1.2
2026-10-07 12:58:05,574:WARNING:
'catboost' is a soft dependency and not included in the pycaret installation. Please run: `pip install catboost` to install.
Alternately, you can install this by running `pip install pycaret[models]`
2026-10-07 12:58:05,574:INFO:Engine for model 'lasso' has not been set explicitly, hence returning None.
2026-10-07 12:58:05,578:INFO:Engine for model 'ridge' has not been set explicitly, hence returning None.
2026-10-07 12:58:05,581:INFO:Engine for model 'en' has not been set explicitly, hence returning None.
2026-10-07 12:58:05,639:INFO:Engine for model 'svm' has not been set explicitly, hence returning None.
2026-10-07 12:58:05,675:INFO:Engine for model 'knn' has not been set explicitly, hence returning None.
2026-10-07 12:58:05,676:INFO:Soft dependency imported: xgboost: 3.1.2
2026-10-07 12:58:05,678:WARNING:
'catboost' is a soft dependency and not included in the pycaret installation. Please run: `pip install catboost` to install.
Alternately, you can install this by running `pip install pycaret[models]`
2026-10-07 12:58:05,678:INFO:Engine successfully changes for model 'lasso' to 'sklearn'.
2026-10-07 12:58:05,682:INFO:Engine for model 'ridge' has not been set explicitly, hence returning None.
2026-10-07 12:58:05,686:INFO:Engine for model 'en' has not been set explicitly, hence returning None.
2026-10-07 12:58:05,751:INFO:Engine for model 'svm' has not been set explicitly, hence returning None.
2026-10-07 12:58:05,781:INFO:Engine for model 'knn' has not been set explicitly, hence returning None.
2026-10-07 12:58:05,782:INFO:Soft dependency imported: xgboost: 3.1.2
2026-10-07 12:58:05,784:WARNING:
'catboost' is a soft dependency and not included in the pycaret installation. Please run: `pip install catboost` to install.
Alternately, you can install this by running `pip install pycaret[models]`
2026-10-07 12:58:05,787:INFO:Engine for model 'ridge' has not been set explicitly, hence returning None.
2026-10-07 12:58:05,790:INFO:Engine for model 'en' has not been set explicitly, hence returning None.
2026-10-07 12:58:05,852:INFO:Engine for model 'svm' has not been set explicitly, hence returning None.
2026-10-07 12:58:05,887:INFO:Engine for model 'knn' has not been set explicitly, hence returning None.
2026-10-07 12:58:05,887:INFO:Soft dependency imported: xgboost: 3.1.2
2026-10-07 12:58:05,890:WARNING:
'catboost' is a soft dependency and not included in the pycaret installation. Please run: `pip install catboost` to install.
Alternately, you can install this by running `pip install pycaret[models]`
2026-10-07 12:58:05,890:INFO:Engine successfully changes for model 'ridge' to 'sklearn'.
2026-10-07 12:58:05,898:INFO:Engine for model 'en' has not been set explicitly, hence returning None.
2026-10-07 12:58:05,951:INFO:Engine for model 'svm' has not been set explicitly, hence returning None.
2026-10-07 12:58:05,982:INFO:Engine for model 'knn' has not been set explicitly, hence returning None.
2026-10-07 12:58:05,982:INFO:Soft dependency imported: xgboost: 3.1.2
2026-10-07 12:58:05,984:WARNING:
'catboost' is a soft dependency and not included in the pycaret installation. Please run: `pip install catboost` to install.
Alternately, you can install this by running `pip install pycaret[models]`
2026-10-07 12:58:05,991:INFO:Engine for model 'en' has not been set explicitly, hence returning None.
2026-10-07 12:58:06,042:INFO:Engine for model 'svm' has not been set explicitly, hence returning None.
2026-10-07 12:58:06,074:INFO:Engine for model 'knn' has not been set explicitly, hence returning None.
2026-10-07 12:58:06,074:INFO:Soft dependency imported: xgboost: 3.1.2
2026-10-07 12:58:06,076:WARNING:
'catboost' is a soft dependency and not included in the pycaret installation. Please run: `pip install catboost` to install.
Alternately, you can install this by running `pip install pycaret[models]`
2026-10-07 12:58:06,076:INFO:Engine successfully changes for model 'en' to 'sklearn'.
2026-10-07 12:58:06,139:INFO:Engine for model 'svm' has not been set explicitly, hence returning None.
2026-10-07 12:58:06,171:INFO:Engine for model 'knn' has not been set explicitly, hence returning None.
2026-10-07 12:58:06,171:INFO:Soft dependency imported: xgboost: 3.1.2
2026-10-07 12:58:06,173:WARNING:
'catboost' is a soft dependency and not included in the pycaret installation. Please run: `pip install catboost` to install.
Alternately, you can install this by running `pip install pycaret[models]`
2026-10-07 12:58:06,233:INFO:Engine for model 'svm' has not been set explicitly, hence returning None.
2026-10-07 12:58:06,266:INFO:Engine for model 'knn' has not been set explicitly, hence returning None.
2026-10-07 12:58:06,266:INFO:Soft dependency imported: xgboost: 3.1.2
2026-10-07 12:58:06,268:WARNING:
'catboost' is a soft dependency and not included in the pycaret installation. Please run: `pip install catboost` to install.
Alternately, you can install this by running `pip install pycaret[models]`
2026-10-07 12:58:06,268:INFO:Engine successfully changes for model 'knn' to 'sklearn'.
2026-10-07 12:58:06,329:INFO:Engine for model 'svm' has not been set explicitly, hence returning None.
2026-10-07 12:58:06,363:INFO:Soft dependency imported: xgboost: 3.1.2
2026-10-07 12:58:06,365:WARNING:
'catboost' is a soft dependency and not included in the pycaret installation. Please run: `pip install catboost` to install.
Alternately, you can install this by running `pip install pycaret[models]`
2026-10-07 12:58:06,426:INFO:Engine for model 'svm' has not been set explicitly, hence returning None.
2026-10-07 12:58:06,458:INFO:Soft dependency imported: xgboost: 3.1.2
2026-10-07 12:58:06,460:WARNING:
'catboost' is a soft dependency and not included in the pycaret installation. Please run: `pip install catboost` to install.
Alternately, you can install this by running `pip install pycaret[models]`
2026-10-07 12:58:06,460:INFO:Engine successfully changes for model 'svm' to 'sklearn'.
2026-10-07 12:58:06,560:INFO:Soft dependency imported: xgboost: 3.1.2
2026-10-07 12:58:06,561:WARNING:
'catboost' is a soft dependency and not included in the pycaret installation. Please run: `pip install catboost` to install.
Alternately, you can install this by running `pip install pycaret[models]`
2026-10-07 12:58:06,654:INFO:Soft dependency imported: xgboost: 3.1.2
2026-10-07 12:58:06,656:WARNING:
'catboost' is a soft dependency and not included in the pycaret installation. Please run: `pip install catboost` to install.
Alternately, you can install this by running `pip install pycaret[models]`
2026-10-07 12:58:06,658:INFO:Preparing preprocessing pipeline...
2026-10-07 12:58:06,658:INFO:Set up simple imputation.
2026-10-07 12:58:06,671:INFO:Set up encoding of ordinal features.
2026-10-07 12:58:06,681:INFO:Set up encoding of categorical features.
2026-10-07 12:58:06,934:INFO:Finished creating preprocessing pipeline.
2026-10-07 12:58:06,955:INFO:Pipeline: Pipeline(memory=FastMemory(location=C:\Users\bordasm\AppData\Local\Temp\joblib),
         steps=[('numerical_imputer',
                 TransformerWrapper(include=['harvest_calendar_year',
                                             'harvest_month',
                                             'farm_size_hectares',
                                             'tree_age_years',
                                             'altitude_mean_meters',
                                             'avg_temp_c',
                                             'avg_annual_rainfall_mm',
                                             'humidity_pct',
                                             'drying_duration_days',
                                             'storage_months',
                                             'bean_size_screen', '...
                                             'processing_method',
                                             'drying_method',
                                             'traceability_level',
                                             'certification',
                                             'intended_buyer_segment',
                                             'roast_level'],
                                    transformer=OneHotEncoder(cols=['harvest_season',
                                                                    'country_of_origin',
                                                                    'farm_type',
                                                                    'processing_method',
                                                                    'drying_method',
                                                                    'traceability_level',
                                                                    'certification',
                                                                    'intended_buyer_segment',
                                                                    'roast_level'],
                                                              handle_missing='return_nan',
                                                              use_cat_names=True)))])
2026-10-07 12:58:06,955:INFO:Creating final display dataframe.
2026-10-07 12:58:07,155:INFO:Setup _display_container:                     Description                 Value
0                    Session id                     4
1                        Target  coffee_quality_score
2                   Target type            Regression
3           Original data shape           (35700, 36)
4        Transformed data shape           (35700, 60)
5   Transformed train set shape           (28560, 60)
6    Transformed test set shape            (7140, 60)
7               Ignore features                     4
8              Numeric features                    20
9          Categorical features                    11
10     Rows with missing values                 66.4%
11                   Preprocess                  True
12              Imputation type                simple
13           Numeric imputation                  mean
14       Categorical imputation                  mode
15     Maximum one-hot encoding                    25
16              Encoding method                  None
17               Fold Generator                 KFold
18                  Fold Number                    10
19                     CPU Jobs                    -1
20                      Use GPU                 False
21               Log Experiment                 False
22              Experiment Name      reg-default-name
23                          USI                  01a5
2026-10-07 12:58:07,247:INFO:Soft dependency imported: xgboost: 3.1.2
2026-10-07 12:58:07,249:WARNING:
'catboost' is a soft dependency and not included in the pycaret installation. Please run: `pip install catboost` to install.
Alternately, you can install this by running `pip install pycaret[models]`
2026-10-07 12:58:07,344:INFO:Soft dependency imported: xgboost: 3.1.2
2026-10-07 12:58:07,346:WARNING:
'catboost' is a soft dependency and not included in the pycaret installation. Please run: `pip install catboost` to install.
Alternately, you can install this by running `pip install pycaret[models]`
2026-10-07 12:58:07,347:INFO:setup() successfully completed in 2.2s...............
2026-10-07 12:58:07,347:INFO:Initializing create_model()
2026-10-07 12:58:07,347:INFO:create_model(self=<pycaret.regression.oop.RegressionExperiment object at 0x000001123E774CD0>, estimator=lightgbm, fold=3, round=4, cross_validation=True, predict=True, fit_kwargs=None, groups=None, refit=True, probability_threshold=None, experiment_custom_tags=None, verbose=True, system=True, add_to_model_list=True, metrics=None, display=None, model_only=True, return_train_score=False, error_score=0.0, kwargs={})
2026-10-07 12:58:07,347:INFO:Checking exceptions
2026-10-07 12:58:07,349:INFO:Importing libraries
2026-10-07 12:58:07,349:INFO:Copying training dataset
2026-10-07 12:58:07,370:INFO:Defining folds
2026-10-07 12:58:07,370:INFO:Declaring metric variables
2026-10-07 12:58:07,370:INFO:Importing untrained model
2026-10-07 12:58:07,370:INFO:Light Gradient Boosting Machine Imported successfully
2026-10-07 12:58:07,371:INFO:Starting cross validation
2026-10-07 12:58:07,372:INFO:Cross validating with KFold(n_splits=3, random_state=None, shuffle=False), n_jobs=-1
2026-10-07 12:58:16,510:WARNING:C:\Users\bordasm\.venv\Lib\site-packages\_distutils_hack\__init__.py:33: UserWarning: Setuptools is replacing distutils.
  warnings.warn("Setuptools is replacing distutils.")

2026-10-07 12:58:16,512:WARNING:C:\Users\bordasm\.venv\Lib\site-packages\_distutils_hack\__init__.py:33: UserWarning: Setuptools is replacing distutils.
  warnings.warn("Setuptools is replacing distutils.")

2026-10-07 12:58:16,583:WARNING:C:\Users\bordasm\.venv\Lib\site-packages\_distutils_hack\__init__.py:33: UserWarning: Setuptools is replacing distutils.
  warnings.warn("Setuptools is replacing distutils.")

2026-10-07 12:58:18,289:INFO:Calculating mean and std
2026-10-07 12:58:18,290:INFO:Creating metrics dataframe
2026-10-07 12:58:18,293:INFO:Finalizing model
2026-10-07 12:58:18,804:INFO:[LightGBM] [Warning] Found whitespace in feature_names, replace with underlines
2026-10-07 12:58:18,809:INFO:[LightGBM] [Info] Auto-choosing col-wise multi-threading, the overhead of testing was 0.002301 seconds.
2026-10-07 12:58:18,809:INFO:You can set `force_col_wise=true` to remove the overhead.
2026-10-07 12:58:18,809:INFO:[LightGBM] [Info] Total Bins 3774
2026-10-07 12:58:18,810:INFO:[LightGBM] [Info] Number of data points in the train set: 28560, number of used features: 59
2026-10-07 12:58:18,810:INFO:[LightGBM] [Info] Start training from score 77.598721
2026-10-07 12:58:19,097:INFO:Uploading results into container
2026-10-07 12:58:19,098:INFO:Uploading model into container now
2026-10-07 12:58:19,107:INFO:_master_model_container: 1
2026-10-07 12:58:19,107:INFO:_display_container: 2
2026-10-07 12:58:19,108:INFO:LGBMRegressor(n_jobs=-1, random_state=4)
2026-10-07 12:58:19,108:INFO:create_model() successfully completed......................................
2026-10-07 12:58:19,886:INFO:PyCaret RegressionExperiment
2026-10-07 12:58:19,886:INFO:Logging name: reg-default-name
2026-10-07 12:58:19,886:INFO:ML Usecase: MLUsecase.REGRESSION
2026-10-07 12:58:19,886:INFO:version 3.3.2
2026-10-07 12:58:19,886:INFO:Initializing setup()
2026-10-07 12:58:19,886:INFO:self.USI: 7ebc
2026-10-07 12:58:19,886:INFO:self._variable_keys: {'gpu_param', 'idx', 'data', 'pipeline', 'logging_param', 'exp_id', 'fold_groups_param', 'target_param', 'gpu_n_jobs_param', 'log_plots_param', 'fold_generator', 'html_param', 'y', 'exp_name_log', 'X', 'y_train', 'X_train', 'USI', 'transform_target_param', 'n_jobs_param', 'fold_shuffle_param', 'seed', 'y_test', 'X_test', '_available_plots', '_ml_usecase', 'memory'}
2026-10-07 12:58:19,886:INFO:Checking environment
2026-10-07 12:58:19,886:INFO:python_version: 3.11.9
2026-10-07 12:58:19,886:INFO:python_build: ('tags/v3.11.9:de54cf5', 'Apr  2 2024 10:12:12')
2026-10-07 12:58:19,886:INFO:machine: AMD64
2026-10-07 12:58:19,887:INFO:platform: Windows-10-10.0.26200-SP0
2026-10-07 12:58:19,887:INFO:Memory: svmem(total=16868499456, available=4002717696, percent=76.3, used=12865781760, free=4002717696)
2026-10-07 12:58:19,888:INFO:Physical Core: 8
2026-10-07 12:58:19,888:INFO:Logical Core: 16
2026-10-07 12:58:19,888:INFO:Checking libraries
2026-10-07 12:58:19,889:INFO:System:
2026-10-07 12:58:19,890:INFO:    python: 3.11.9 (tags/v3.11.9:de54cf5, Apr  2 2024, 10:12:12) [MSC v.1938 64 bit (AMD64)]
2026-10-07 12:58:19,891:INFO:executable: C:\Users\bordasm\.venv\Scripts\python.exe
2026-10-07 12:58:19,891:INFO:   machine: Windows-10-10.0.26200-SP0
2026-10-07 12:58:19,891:INFO:PyCaret required dependencies:
2026-10-07 12:58:19,892:INFO:                 pip: 26.2.1
2026-10-07 12:58:19,892:INFO:          setuptools: 65.5.0
2026-10-07 12:58:19,893:INFO:             pycaret: 3.3.2
2026-10-07 12:58:19,893:INFO:             IPython: 9.3.0
2026-10-07 12:58:19,894:INFO:          ipywidgets: 8.1.9
2026-10-07 12:58:19,895:INFO:                tqdm: 4.67.1
2026-10-07 12:58:19,895:INFO:               numpy: 1.26.4
2026-10-07 12:58:19,896:INFO:              pandas: 2.1.4
2026-10-07 12:58:19,896:INFO:              jinja2: 3.1.4
2026-10-07 12:58:19,896:INFO:               scipy: 1.11.4
2026-10-07 12:58:19,897:INFO:              joblib: 1.3.2
2026-10-07 12:58:19,898:INFO:             sklearn: 1.4.2
2026-10-07 12:58:19,898:INFO:                pyod: 3.4.0
2026-10-07 12:58:19,899:INFO:            imblearn: 0.13.0
2026-10-07 12:58:19,900:INFO:   category_encoders: 2.7.0
2026-10-07 12:58:19,900:INFO:            lightgbm: 4.6.0
2026-10-07 12:58:19,900:INFO:               numba: 0.68.0
2026-10-07 12:58:19,900:INFO:            requests: 2.32.3
2026-10-07 12:58:19,901:INFO:          matplotlib: 3.7.5
2026-10-07 12:58:19,901:INFO:          scikitplot: 0.3.7
2026-10-07 12:58:19,903:INFO:         yellowbrick: 1.5
2026-10-07 12:58:19,903:INFO:              plotly: 6.9.0
2026-10-07 12:58:19,903:INFO:    plotly-resampler: Not installed
2026-10-07 12:58:19,903:INFO:             kaleido: 1.5.0
2026-10-07 12:58:19,904:INFO:           schemdraw: 0.15
2026-10-07 12:58:19,905:INFO:         statsmodels: 0.15.0
2026-10-07 12:58:19,905:INFO:              sktime: 0.26.0
2026-10-07 12:58:19,906:INFO:               tbats: 1.1.3
2026-10-07 12:58:19,906:INFO:            pmdarima: 2.0.4
2026-10-07 12:58:19,907:INFO:              psutil: 7.0.0
2026-10-07 12:58:19,907:INFO:          markupsafe: 2.1.5
2026-10-07 12:58:19,908:INFO:             pickle5: Not installed
2026-10-07 12:58:19,909:INFO:         cloudpickle: 3.1.2
2026-10-07 12:58:19,909:INFO:         deprecation: 2.1.0
2026-10-07 12:58:19,910:INFO:              xxhash: 4.0.1
2026-10-07 12:58:19,911:INFO:           wurlitzer: Not installed
2026-10-07 12:58:19,911:INFO:PyCaret optional dependencies:
2026-10-07 12:58:19,912:INFO:                shap: Not installed
2026-10-07 12:58:19,912:INFO:           interpret: Not installed
2026-10-07 12:58:19,912:INFO:                umap: Not installed
2026-10-07 12:58:19,912:INFO:     ydata_profiling: Not installed
2026-10-07 12:58:19,913:INFO:  explainerdashboard: Not installed
2026-10-07 12:58:19,914:INFO:             autoviz: Not installed
2026-10-07 12:58:19,914:INFO:           fairlearn: Not installed
2026-10-07 12:58:19,915:INFO:          deepchecks: Not installed
2026-10-07 12:58:19,915:INFO:             xgboost: 3.1.2
2026-10-07 12:58:19,915:INFO:            catboost: Not installed
2026-10-07 12:58:19,915:INFO:              kmodes: Not installed
2026-10-07 12:58:19,915:INFO:             mlxtend: Not installed
2026-10-07 12:58:19,916:INFO:       statsforecast: Not installed
2026-10-07 12:58:19,916:INFO:        tune_sklearn: Not installed
2026-10-07 12:58:19,916:INFO:                 ray: Not installed
2026-10-07 12:58:19,916:INFO:            hyperopt: Not installed
2026-10-07 12:58:19,916:INFO:              optuna: Not installed
2026-10-07 12:58:19,916:INFO:               skopt: Not installed
2026-10-07 12:58:19,917:INFO:              mlflow: 3.17.0
2026-10-07 12:58:19,917:INFO:              gradio: Not installed
2026-10-07 12:58:19,918:INFO:             fastapi: 0.142.2
2026-10-07 12:58:19,918:INFO:             uvicorn: 0.54.0
2026-10-07 12:58:19,918:INFO:              m2cgen: Not installed
2026-10-07 12:58:19,918:INFO:           evidently: Not installed
2026-10-07 12:58:19,918:INFO:               fugue: Not installed
2026-10-07 12:58:19,918:INFO:           streamlit: Not installed
2026-10-07 12:58:19,918:INFO:             prophet: Not installed
2026-10-07 12:58:19,919:INFO:None
2026-10-07 12:58:19,919:INFO:Set up data.
2026-10-07 12:58:20,036:INFO:Set up folding strategy.
2026-10-07 12:58:20,037:INFO:Set up train/test split.
2026-10-07 12:58:20,077:INFO:Set up index.
2026-10-07 12:58:20,078:INFO:Assigning column types.
2026-10-07 12:58:20,094:INFO:Engine successfully changes for model 'lr' to 'sklearn'.
2026-10-07 12:58:20,094:INFO:Engine for model 'lasso' has not been set explicitly, hence returning None.
2026-10-07 12:58:20,098:INFO:Engine for model 'ridge' has not been set explicitly, hence returning None.
2026-10-07 12:58:20,102:INFO:Engine for model 'en' has not been set explicitly, hence returning None.
2026-10-07 12:58:20,160:INFO:Engine for model 'svm' has not been set explicitly, hence returning None.
2026-10-07 12:58:20,193:INFO:Engine for model 'knn' has not been set explicitly, hence returning None.
2026-10-07 12:58:20,194:INFO:Soft dependency imported: xgboost: 3.1.2
2026-10-07 12:58:20,196:WARNING:
'catboost' is a soft dependency and not included in the pycaret installation. Please run: `pip install catboost` to install.
Alternately, you can install this by running `pip install pycaret[models]`
2026-10-07 12:58:20,196:INFO:Engine for model 'lasso' has not been set explicitly, hence returning None.
2026-10-07 12:58:20,200:INFO:Engine for model 'ridge' has not been set explicitly, hence returning None.
2026-10-07 12:58:20,204:INFO:Engine for model 'en' has not been set explicitly, hence returning None.
2026-10-07 12:58:20,258:INFO:Engine for model 'svm' has not been set explicitly, hence returning None.
2026-10-07 12:58:20,290:INFO:Engine for model 'knn' has not been set explicitly, hence returning None.
2026-10-07 12:58:20,290:INFO:Soft dependency imported: xgboost: 3.1.2
2026-10-07 12:58:20,292:WARNING:
'catboost' is a soft dependency and not included in the pycaret installation. Please run: `pip install catboost` to install.
Alternately, you can install this by running `pip install pycaret[models]`
2026-10-07 12:58:20,292:INFO:Engine successfully changes for model 'lasso' to 'sklearn'.
2026-10-07 12:58:20,296:INFO:Engine for model 'ridge' has not been set explicitly, hence returning None.
2026-10-07 12:58:20,300:INFO:Engine for model 'en' has not been set explicitly, hence returning None.
2026-10-07 12:58:20,357:INFO:Engine for model 'svm' has not been set explicitly, hence returning None.
2026-10-07 12:58:20,392:INFO:Engine for model 'knn' has not been set explicitly, hence returning None.
2026-10-07 12:58:20,392:INFO:Soft dependency imported: xgboost: 3.1.2
2026-10-07 12:58:20,394:WARNING:
'catboost' is a soft dependency and not included in the pycaret installation. Please run: `pip install catboost` to install.
Alternately, you can install this by running `pip install pycaret[models]`
2026-10-07 12:58:20,398:INFO:Engine for model 'ridge' has not been set explicitly, hence returning None.
2026-10-07 12:58:20,401:INFO:Engine for model 'en' has not been set explicitly, hence returning None.
2026-10-07 12:58:20,458:INFO:Engine for model 'svm' has not been set explicitly, hence returning None.
2026-10-07 12:58:20,493:INFO:Engine for model 'knn' has not been set explicitly, hence returning None.
2026-10-07 12:58:20,493:INFO:Soft dependency imported: xgboost: 3.1.2
2026-10-07 12:58:20,495:WARNING:
'catboost' is a soft dependency and not included in the pycaret installation. Please run: `pip install catboost` to install.
Alternately, you can install this by running `pip install pycaret[models]`
2026-10-07 12:58:20,495:INFO:Engine successfully changes for model 'ridge' to 'sklearn'.
2026-10-07 12:58:20,503:INFO:Engine for model 'en' has not been set explicitly, hence returning None.
2026-10-07 12:58:20,557:INFO:Engine for model 'svm' has not been set explicitly, hence returning None.
2026-10-07 12:58:20,590:INFO:Engine for model 'knn' has not been set explicitly, hence returning None.
2026-10-07 12:58:20,590:INFO:Soft dependency imported: xgboost: 3.1.2
2026-10-07 12:58:20,592:WARNING:
'catboost' is a soft dependency and not included in the pycaret installation. Please run: `pip install catboost` to install.
Alternately, you can install this by running `pip install pycaret[models]`
2026-10-07 12:58:20,599:INFO:Engine for model 'en' has not been set explicitly, hence returning None.
2026-10-07 12:58:20,653:INFO:Engine for model 'svm' has not been set explicitly, hence returning None.
2026-10-07 12:58:20,686:INFO:Engine for model 'knn' has not been set explicitly, hence returning None.
2026-10-07 12:58:20,686:INFO:Soft dependency imported: xgboost: 3.1.2
2026-10-07 12:58:20,688:WARNING:
'catboost' is a soft dependency and not included in the pycaret installation. Please run: `pip install catboost` to install.
Alternately, you can install this by running `pip install pycaret[models]`
2026-10-07 12:58:20,688:INFO:Engine successfully changes for model 'en' to 'sklearn'.
2026-10-07 12:58:20,751:INFO:Engine for model 'svm' has not been set explicitly, hence returning None.
2026-10-07 12:58:20,784:INFO:Engine for model 'knn' has not been set explicitly, hence returning None.
2026-10-07 12:58:20,785:INFO:Soft dependency imported: xgboost: 3.1.2
2026-10-07 12:58:20,787:WARNING:
'catboost' is a soft dependency and not included in the pycaret installation. Please run: `pip install catboost` to install.
Alternately, you can install this by running `pip install pycaret[models]`
2026-10-07 12:58:20,849:INFO:Engine for model 'svm' has not been set explicitly, hence returning None.
2026-10-07 12:58:20,882:INFO:Engine for model 'knn' has not been set explicitly, hence returning None.
2026-10-07 12:58:20,882:INFO:Soft dependency imported: xgboost: 3.1.2
2026-10-07 12:58:20,884:WARNING:
'catboost' is a soft dependency and not included in the pycaret installation. Please run: `pip install catboost` to install.
Alternately, you can install this by running `pip install pycaret[models]`
2026-10-07 12:58:20,885:INFO:Engine successfully changes for model 'knn' to 'sklearn'.
2026-10-07 12:58:20,945:INFO:Engine for model 'svm' has not been set explicitly, hence returning None.
2026-10-07 12:58:20,979:INFO:Soft dependency imported: xgboost: 3.1.2
2026-10-07 12:58:20,981:WARNING:
'catboost' is a soft dependency and not included in the pycaret installation. Please run: `pip install catboost` to install.
Alternately, you can install this by running `pip install pycaret[models]`
2026-10-07 12:58:21,050:INFO:Engine for model 'svm' has not been set explicitly, hence returning None.
2026-10-07 12:58:21,083:INFO:Soft dependency imported: xgboost: 3.1.2
2026-10-07 12:58:21,085:WARNING:
'catboost' is a soft dependency and not included in the pycaret installation. Please run: `pip install catboost` to install.
Alternately, you can install this by running `pip install pycaret[models]`
2026-10-07 12:58:21,086:INFO:Engine successfully changes for model 'svm' to 'sklearn'.
2026-10-07 12:58:21,206:INFO:Soft dependency imported: xgboost: 3.1.2
2026-10-07 12:58:21,209:WARNING:
'catboost' is a soft dependency and not included in the pycaret installation. Please run: `pip install catboost` to install.
Alternately, you can install this by running `pip install pycaret[models]`
2026-10-07 12:58:21,304:INFO:Soft dependency imported: xgboost: 3.1.2
2026-10-07 12:58:21,306:WARNING:
'catboost' is a soft dependency and not included in the pycaret installation. Please run: `pip install catboost` to install.
Alternately, you can install this by running `pip install pycaret[models]`
2026-10-07 12:58:21,310:INFO:Preparing preprocessing pipeline...
2026-10-07 12:58:21,310:INFO:Set up simple imputation.
2026-10-07 12:58:21,324:INFO:Set up encoding of ordinal features.
2026-10-07 12:58:21,335:INFO:Set up encoding of categorical features.
2026-10-07 12:58:21,608:INFO:Finished creating preprocessing pipeline.
2026-10-07 12:58:21,629:INFO:Pipeline: Pipeline(memory=FastMemory(location=C:\Users\bordasm\AppData\Local\Temp\joblib),
         steps=[('numerical_imputer',
                 TransformerWrapper(include=['harvest_calendar_year',
                                             'harvest_month',
                                             'farm_size_hectares',
                                             'tree_age_years',
                                             'altitude_mean_meters',
                                             'avg_temp_c',
                                             'avg_annual_rainfall_mm',
                                             'humidity_pct',
                                             'drying_duration_days',
                                             'storage_months',
                                             'bean_size_screen', '...
                                             'processing_method',
                                             'drying_method',
                                             'traceability_level',
                                             'certification',
                                             'intended_buyer_segment',
                                             'roast_level'],
                                    transformer=OneHotEncoder(cols=['harvest_season',
                                                                    'country_of_origin',
                                                                    'farm_type',
                                                                    'processing_method',
                                                                    'drying_method',
                                                                    'traceability_level',
                                                                    'certification',
                                                                    'intended_buyer_segment',
                                                                    'roast_level'],
                                                              handle_missing='return_nan',
                                                              use_cat_names=True)))])
2026-10-07 12:58:21,630:INFO:Creating final display dataframe.
2026-10-07 12:58:21,826:INFO:Setup _display_container:                     Description                 Value
0                    Session id                     5
1                        Target  coffee_quality_score
2                   Target type            Regression
3           Original data shape           (35700, 36)
4        Transformed data shape           (35700, 60)
5   Transformed train set shape           (28560, 60)
6    Transformed test set shape            (7140, 60)
7               Ignore features                     4
8              Numeric features                    20
9          Categorical features                    11
10     Rows with missing values                 66.4%
11                   Preprocess                  True
12              Imputation type                simple
13           Numeric imputation                  mean
14       Categorical imputation                  mode
15     Maximum one-hot encoding                    25
16              Encoding method                  None
17               Fold Generator                 KFold
18                  Fold Number                    10
19                     CPU Jobs                    -1
20                      Use GPU                 False
21               Log Experiment                 False
22              Experiment Name      reg-default-name
23                          USI                  7ebc
2026-10-07 12:58:21,921:INFO:Soft dependency imported: xgboost: 3.1.2
2026-10-07 12:58:21,922:WARNING:
'catboost' is a soft dependency and not included in the pycaret installation. Please run: `pip install catboost` to install.
Alternately, you can install this by running `pip install pycaret[models]`
2026-10-07 12:58:22,018:INFO:Soft dependency imported: xgboost: 3.1.2
2026-10-07 12:58:22,020:WARNING:
'catboost' is a soft dependency and not included in the pycaret installation. Please run: `pip install catboost` to install.
Alternately, you can install this by running `pip install pycaret[models]`
2026-10-07 12:58:22,021:INFO:setup() successfully completed in 2.31s...............
2026-10-07 12:58:22,021:INFO:Initializing create_model()
2026-10-07 12:58:22,021:INFO:create_model(self=<pycaret.regression.oop.RegressionExperiment object at 0x000001123F533110>, estimator=lightgbm, fold=3, round=4, cross_validation=True, predict=True, fit_kwargs=None, groups=None, refit=True, probability_threshold=None, experiment_custom_tags=None, verbose=True, system=True, add_to_model_list=True, metrics=None, display=None, model_only=True, return_train_score=False, error_score=0.0, kwargs={})
2026-10-07 12:58:22,021:INFO:Checking exceptions
2026-10-07 12:58:22,023:INFO:Importing libraries
2026-10-07 12:58:22,023:INFO:Copying training dataset
2026-10-07 12:58:22,044:INFO:Defining folds
2026-10-07 12:58:22,044:INFO:Declaring metric variables
2026-10-07 12:58:22,044:INFO:Importing untrained model
2026-10-07 12:58:22,045:INFO:Light Gradient Boosting Machine Imported successfully
2026-10-07 12:58:22,045:INFO:Starting cross validation
2026-10-07 12:58:22,048:INFO:Cross validating with KFold(n_splits=3, random_state=None, shuffle=False), n_jobs=-1
2026-10-07 12:58:30,990:WARNING:C:\Users\bordasm\.venv\Lib\site-packages\_distutils_hack\__init__.py:33: UserWarning: Setuptools is replacing distutils.
  warnings.warn("Setuptools is replacing distutils.")

2026-10-07 12:58:31,196:WARNING:C:\Users\bordasm\.venv\Lib\site-packages\_distutils_hack\__init__.py:33: UserWarning: Setuptools is replacing distutils.
  warnings.warn("Setuptools is replacing distutils.")

2026-10-07 12:58:31,354:WARNING:C:\Users\bordasm\.venv\Lib\site-packages\_distutils_hack\__init__.py:33: UserWarning: Setuptools is replacing distutils.
  warnings.warn("Setuptools is replacing distutils.")

2026-10-07 12:58:33,048:INFO:Calculating mean and std
2026-10-07 12:58:33,049:INFO:Creating metrics dataframe
2026-10-07 12:58:33,052:INFO:Finalizing model
2026-10-07 12:58:33,645:INFO:[LightGBM] [Warning] Found whitespace in feature_names, replace with underlines
2026-10-07 12:58:33,650:INFO:[LightGBM] [Info] Auto-choosing col-wise multi-threading, the overhead of testing was 0.001797 seconds.
2026-10-07 12:58:33,650:INFO:You can set `force_col_wise=true` to remove the overhead.
2026-10-07 12:58:33,650:INFO:[LightGBM] [Info] Total Bins 3776
2026-10-07 12:58:33,651:INFO:[LightGBM] [Info] Number of data points in the train set: 28560, number of used features: 59
2026-10-07 12:58:33,651:INFO:[LightGBM] [Info] Start training from score 77.593713
2026-10-07 12:58:33,893:INFO:Uploading results into container
2026-10-07 12:58:33,894:INFO:Uploading model into container now
2026-10-07 12:58:33,903:INFO:_master_model_container: 1
2026-10-07 12:58:33,903:INFO:_display_container: 2
2026-10-07 12:58:33,904:INFO:LGBMRegressor(n_jobs=-1, random_state=5)
2026-10-07 12:58:33,904:INFO:create_model() successfully completed......................................
2026-10-07 12:58:34,533:INFO:PyCaret RegressionExperiment
2026-10-07 12:58:34,533:INFO:Logging name: reg-default-name
2026-10-07 12:58:34,533:INFO:ML Usecase: MLUsecase.REGRESSION
2026-10-07 12:58:34,534:INFO:version 3.3.2
2026-10-07 12:58:34,535:INFO:Initializing setup()
2026-10-07 12:58:34,536:INFO:self.USI: 6dda
2026-10-07 12:58:34,536:INFO:self._variable_keys: {'gpu_param', 'idx', 'data', 'pipeline', 'logging_param', 'exp_id', 'fold_groups_param', 'target_param', 'gpu_n_jobs_param', 'log_plots_param', 'fold_generator', 'html_param', 'y', 'exp_name_log', 'X', 'y_train', 'X_train', 'USI', 'transform_target_param', 'n_jobs_param', 'fold_shuffle_param', 'seed', 'y_test', 'X_test', '_available_plots', '_ml_usecase', 'memory'}
2026-10-07 12:58:34,536:INFO:Checking environment
2026-10-07 12:58:34,536:INFO:python_version: 3.11.9
2026-10-07 12:58:34,537:INFO:python_build: ('tags/v3.11.9:de54cf5', 'Apr  2 2024 10:12:12')
2026-10-07 12:58:34,537:INFO:machine: AMD64
2026-10-07 12:58:34,537:INFO:platform: Windows-10-10.0.26200-SP0
2026-10-07 12:58:34,538:INFO:Memory: svmem(total=16868499456, available=3595366400, percent=78.7, used=13273133056, free=3595366400)
2026-10-07 12:58:34,539:INFO:Physical Core: 8
2026-10-07 12:58:34,539:INFO:Logical Core: 16
2026-10-07 12:58:34,539:INFO:Checking libraries
2026-10-07 12:58:34,540:INFO:System:
2026-10-07 12:58:34,540:INFO:    python: 3.11.9 (tags/v3.11.9:de54cf5, Apr  2 2024, 10:12:12) [MSC v.1938 64 bit (AMD64)]
2026-10-07 12:58:34,541:INFO:executable: C:\Users\bordasm\.venv\Scripts\python.exe
2026-10-07 12:58:34,541:INFO:   machine: Windows-10-10.0.26200-SP0
2026-10-07 12:58:34,541:INFO:PyCaret required dependencies:
2026-10-07 12:58:34,542:INFO:                 pip: 26.2.1
2026-10-07 12:58:34,542:INFO:          setuptools: 65.5.0
2026-10-07 12:58:34,542:INFO:             pycaret: 3.3.2
2026-10-07 12:58:34,542:INFO:             IPython: 9.3.0
2026-10-07 12:58:34,543:INFO:          ipywidgets: 8.1.9
2026-10-07 12:58:34,544:INFO:                tqdm: 4.67.1
2026-10-07 12:58:34,544:INFO:               numpy: 1.26.4
2026-10-07 12:58:34,545:INFO:              pandas: 2.1.4
2026-10-07 12:58:34,545:INFO:              jinja2: 3.1.4
2026-10-07 12:58:34,545:INFO:               scipy: 1.11.4
2026-10-07 12:58:34,545:INFO:              joblib: 1.3.2
2026-10-07 12:58:34,545:INFO:             sklearn: 1.4.2
2026-10-07 12:58:34,546:INFO:                pyod: 3.4.0
2026-10-07 12:58:34,546:INFO:            imblearn: 0.13.0
2026-10-07 12:58:34,546:INFO:   category_encoders: 2.7.0
2026-10-07 12:58:34,547:INFO:            lightgbm: 4.6.0
2026-10-07 12:58:34,547:INFO:               numba: 0.68.0
2026-10-07 12:58:34,548:INFO:            requests: 2.32.3
2026-10-07 12:58:34,548:INFO:          matplotlib: 3.7.5
2026-10-07 12:58:34,548:INFO:          scikitplot: 0.3.7
2026-10-07 12:58:34,548:INFO:         yellowbrick: 1.5
2026-10-07 12:58:34,549:INFO:              plotly: 6.9.0
2026-10-07 12:58:34,550:INFO:    plotly-resampler: Not installed
2026-10-07 12:58:34,550:INFO:             kaleido: 1.5.0
2026-10-07 12:58:34,550:INFO:           schemdraw: 0.15
2026-10-07 12:58:34,551:INFO:         statsmodels: 0.15.0
2026-10-07 12:58:34,551:INFO:              sktime: 0.26.0
2026-10-07 12:58:34,551:INFO:               tbats: 1.1.3
2026-10-07 12:58:34,551:INFO:            pmdarima: 2.0.4
2026-10-07 12:58:34,551:INFO:              psutil: 7.0.0
2026-10-07 12:58:34,551:INFO:          markupsafe: 2.1.5
2026-10-07 12:58:34,552:INFO:             pickle5: Not installed
2026-10-07 12:58:34,552:INFO:         cloudpickle: 3.1.2
2026-10-07 12:58:34,552:INFO:         deprecation: 2.1.0
2026-10-07 12:58:34,552:INFO:              xxhash: 4.0.1
2026-10-07 12:58:34,553:INFO:           wurlitzer: Not installed
2026-10-07 12:58:34,553:INFO:PyCaret optional dependencies:
2026-10-07 12:58:34,553:INFO:                shap: Not installed
2026-10-07 12:58:34,555:INFO:           interpret: Not installed
2026-10-07 12:58:34,555:INFO:                umap: Not installed
2026-10-07 12:58:34,555:INFO:     ydata_profiling: Not installed
2026-10-07 12:58:34,556:INFO:  explainerdashboard: Not installed
2026-10-07 12:58:34,556:INFO:             autoviz: Not installed
2026-10-07 12:58:34,557:INFO:           fairlearn: Not installed
2026-10-07 12:58:34,557:INFO:          deepchecks: Not installed
2026-10-07 12:58:34,558:INFO:             xgboost: 3.1.2
2026-10-07 12:58:34,559:INFO:            catboost: Not installed
2026-10-07 12:58:34,559:INFO:              kmodes: Not installed
2026-10-07 12:58:34,559:INFO:             mlxtend: Not installed
2026-10-07 12:58:34,559:INFO:       statsforecast: Not installed
2026-10-07 12:58:34,560:INFO:        tune_sklearn: Not installed
2026-10-07 12:58:34,560:INFO:                 ray: Not installed
2026-10-07 12:58:34,561:INFO:            hyperopt: Not installed
2026-10-07 12:58:34,561:INFO:              optuna: Not installed
2026-10-07 12:58:34,562:INFO:               skopt: Not installed
2026-10-07 12:58:34,562:INFO:              mlflow: 3.17.0
2026-10-07 12:58:34,563:INFO:              gradio: Not installed
2026-10-07 12:58:34,563:INFO:             fastapi: 0.142.2
2026-10-07 12:58:34,564:INFO:             uvicorn: 0.54.0
2026-10-07 12:58:34,564:INFO:              m2cgen: Not installed
2026-10-07 12:58:34,564:INFO:           evidently: Not installed
2026-10-07 12:58:34,564:INFO:               fugue: Not installed
2026-10-07 12:58:34,564:INFO:           streamlit: Not installed
2026-10-07 12:58:34,565:INFO:             prophet: Not installed
2026-10-07 12:58:34,566:INFO:None
2026-10-07 12:58:34,566:INFO:Set up data.
2026-10-07 12:58:34,670:INFO:Set up folding strategy.
2026-10-07 12:58:34,671:INFO:Set up train/test split.
2026-10-07 12:58:34,709:INFO:Set up index.
2026-10-07 12:58:34,709:INFO:Assigning column types.
2026-10-07 12:58:34,731:INFO:Engine successfully changes for model 'lr' to 'sklearn'.
2026-10-07 12:58:34,731:INFO:Engine for model 'lasso' has not been set explicitly, hence returning None.
2026-10-07 12:58:34,736:INFO:Engine for model 'ridge' has not been set explicitly, hence returning None.
2026-10-07 12:58:34,739:INFO:Engine for model 'en' has not been set explicitly, hence returning None.
2026-10-07 12:58:34,807:INFO:Engine for model 'svm' has not been set explicitly, hence returning None.
2026-10-07 12:58:34,842:INFO:Engine for model 'knn' has not been set explicitly, hence returning None.
2026-10-07 12:58:34,842:INFO:Soft dependency imported: xgboost: 3.1.2
2026-10-07 12:58:34,844:WARNING:
'catboost' is a soft dependency and not included in the pycaret installation. Please run: `pip install catboost` to install.
Alternately, you can install this by running `pip install pycaret[models]`
2026-10-07 12:58:34,845:INFO:Engine for model 'lasso' has not been set explicitly, hence returning None.
2026-10-07 12:58:34,848:INFO:Engine for model 'ridge' has not been set explicitly, hence returning None.
2026-10-07 12:58:34,852:INFO:Engine for model 'en' has not been set explicitly, hence returning None.
2026-10-07 12:58:34,912:INFO:Engine for model 'svm' has not been set explicitly, hence returning None.
2026-10-07 12:58:34,951:INFO:Engine for model 'knn' has not been set explicitly, hence returning None.
2026-10-07 12:58:34,951:INFO:Soft dependency imported: xgboost: 3.1.2
2026-10-07 12:58:34,953:WARNING:
'catboost' is a soft dependency and not included in the pycaret installation. Please run: `pip install catboost` to install.
Alternately, you can install this by running `pip install pycaret[models]`
2026-10-07 12:58:34,953:INFO:Engine successfully changes for model 'lasso' to 'sklearn'.
2026-10-07 12:58:34,956:INFO:Engine for model 'ridge' has not been set explicitly, hence returning None.
2026-10-07 12:58:34,959:INFO:Engine for model 'en' has not been set explicitly, hence returning None.
2026-10-07 12:58:35,013:INFO:Engine for model 'svm' has not been set explicitly, hence returning None.
2026-10-07 12:58:35,051:INFO:Engine for model 'knn' has not been set explicitly, hence returning None.
2026-10-07 12:58:35,052:INFO:Soft dependency imported: xgboost: 3.1.2
2026-10-07 12:58:35,054:WARNING:
'catboost' is a soft dependency and not included in the pycaret installation. Please run: `pip install catboost` to install.
Alternately, you can install this by running `pip install pycaret[models]`
2026-10-07 12:58:35,057:INFO:Engine for model 'ridge' has not been set explicitly, hence returning None.
2026-10-07 12:58:35,060:INFO:Engine for model 'en' has not been set explicitly, hence returning None.
2026-10-07 12:58:35,122:INFO:Engine for model 'svm' has not been set explicitly, hence returning None.
2026-10-07 12:58:35,155:INFO:Engine for model 'knn' has not been set explicitly, hence returning None.
2026-10-07 12:58:35,156:INFO:Soft dependency imported: xgboost: 3.1.2
2026-10-07 12:58:35,158:WARNING:
'catboost' is a soft dependency and not included in the pycaret installation. Please run: `pip install catboost` to install.
Alternately, you can install this by running `pip install pycaret[models]`
2026-10-07 12:58:35,158:INFO:Engine successfully changes for model 'ridge' to 'sklearn'.
2026-10-07 12:58:35,165:INFO:Engine for model 'en' has not been set explicitly, hence returning None.
2026-10-07 12:58:35,218:INFO:Engine for model 'svm' has not been set explicitly, hence returning None.
2026-10-07 12:58:35,255:INFO:Engine for model 'knn' has not been set explicitly, hence returning None.
2026-10-07 12:58:35,255:INFO:Soft dependency imported: xgboost: 3.1.2
2026-10-07 12:58:35,257:WARNING:
'catboost' is a soft dependency and not included in the pycaret installation. Please run: `pip install catboost` to install.
Alternately, you can install this by running `pip install pycaret[models]`
2026-10-07 12:58:35,263:INFO:Engine for model 'en' has not been set explicitly, hence returning None.
2026-10-07 12:58:35,318:INFO:Engine for model 'svm' has not been set explicitly, hence returning None.
2026-10-07 12:58:35,356:INFO:Engine for model 'knn' has not been set explicitly, hence returning None.
2026-10-07 12:58:35,357:INFO:Soft dependency imported: xgboost: 3.1.2
2026-10-07 12:58:35,359:WARNING:
'catboost' is a soft dependency and not included in the pycaret installation. Please run: `pip install catboost` to install.
Alternately, you can install this by running `pip install pycaret[models]`
2026-10-07 12:58:35,359:INFO:Engine successfully changes for model 'en' to 'sklearn'.
2026-10-07 12:58:35,427:INFO:Engine for model 'svm' has not been set explicitly, hence returning None.
2026-10-07 12:58:35,470:INFO:Engine for model 'knn' has not been set explicitly, hence returning None.
2026-10-07 12:58:35,471:INFO:Soft dependency imported: xgboost: 3.1.2
2026-10-07 12:58:35,473:WARNING:
'catboost' is a soft dependency and not included in the pycaret installation. Please run: `pip install catboost` to install.
Alternately, you can install this by running `pip install pycaret[models]`
2026-10-07 12:58:35,549:INFO:Engine for model 'svm' has not been set explicitly, hence returning None.
2026-10-07 12:58:35,591:INFO:Engine for model 'knn' has not been set explicitly, hence returning None.
2026-10-07 12:58:35,591:INFO:Soft dependency imported: xgboost: 3.1.2
2026-10-07 12:58:35,594:WARNING:
'catboost' is a soft dependency and not included in the pycaret installation. Please run: `pip install catboost` to install.
Alternately, you can install this by running `pip install pycaret[models]`
2026-10-07 12:58:35,594:INFO:Engine successfully changes for model 'knn' to 'sklearn'.
2026-10-07 12:58:35,670:INFO:Engine for model 'svm' has not been set explicitly, hence returning None.
2026-10-07 12:58:35,706:INFO:Soft dependency imported: xgboost: 3.1.2
2026-10-07 12:58:35,709:WARNING:
'catboost' is a soft dependency and not included in the pycaret installation. Please run: `pip install catboost` to install.
Alternately, you can install this by running `pip install pycaret[models]`
2026-10-07 12:58:35,780:INFO:Engine for model 'svm' has not been set explicitly, hence returning None.
2026-10-07 12:58:35,816:INFO:Soft dependency imported: xgboost: 3.1.2
2026-10-07 12:58:35,818:WARNING:
'catboost' is a soft dependency and not included in the pycaret installation. Please run: `pip install catboost` to install.
Alternately, you can install this by running `pip install pycaret[models]`
2026-10-07 12:58:35,818:INFO:Engine successfully changes for model 'svm' to 'sklearn'.
2026-10-07 12:58:35,914:INFO:Soft dependency imported: xgboost: 3.1.2
2026-10-07 12:58:35,917:WARNING:
'catboost' is a soft dependency and not included in the pycaret installation. Please run: `pip install catboost` to install.
Alternately, you can install this by running `pip install pycaret[models]`
2026-10-07 12:58:36,011:INFO:Soft dependency imported: xgboost: 3.1.2
2026-10-07 12:58:36,014:WARNING:
'catboost' is a soft dependency and not included in the pycaret installation. Please run: `pip install catboost` to install.
Alternately, you can install this by running `pip install pycaret[models]`
2026-10-07 12:58:36,017:INFO:Preparing preprocessing pipeline...
2026-10-07 12:58:36,017:INFO:Set up simple imputation.
2026-10-07 12:58:36,028:INFO:Set up encoding of ordinal features.
2026-10-07 12:58:36,038:INFO:Set up encoding of categorical features.
2026-10-07 12:58:36,309:INFO:Finished creating preprocessing pipeline.
2026-10-07 12:58:36,333:INFO:Pipeline: Pipeline(memory=FastMemory(location=C:\Users\bordasm\AppData\Local\Temp\joblib),
         steps=[('numerical_imputer',
                 TransformerWrapper(include=['harvest_calendar_year',
                                             'harvest_month',
                                             'farm_size_hectares',
                                             'tree_age_years',
                                             'altitude_mean_meters',
                                             'avg_temp_c',
                                             'avg_annual_rainfall_mm',
                                             'humidity_pct',
                                             'drying_duration_days',
                                             'storage_months',
                                             'bean_size_screen', '...
                                             'processing_method',
                                             'drying_method',
                                             'traceability_level',
                                             'certification',
                                             'intended_buyer_segment',
                                             'roast_level'],
                                    transformer=OneHotEncoder(cols=['harvest_season',
                                                                    'country_of_origin',
                                                                    'farm_type',
                                                                    'processing_method',
                                                                    'drying_method',
                                                                    'traceability_level',
                                                                    'certification',
                                                                    'intended_buyer_segment',
                                                                    'roast_level'],
                                                              handle_missing='return_nan',
                                                              use_cat_names=True)))])
2026-10-07 12:58:36,333:INFO:Creating final display dataframe.
2026-10-07 12:58:36,525:INFO:Setup _display_container:                     Description                 Value
0                    Session id                     6
1                        Target  coffee_quality_score
2                   Target type            Regression
3           Original data shape           (35700, 36)
4        Transformed data shape           (35700, 60)
5   Transformed train set shape           (28560, 60)
6    Transformed test set shape            (7140, 60)
7               Ignore features                     4
8              Numeric features                    20
9          Categorical features                    11
10     Rows with missing values                 66.4%
11                   Preprocess                  True
12              Imputation type                simple
13           Numeric imputation                  mean
14       Categorical imputation                  mode
15     Maximum one-hot encoding                    25
16              Encoding method                  None
17               Fold Generator                 KFold
18                  Fold Number                    10
19                     CPU Jobs                    -1
20                      Use GPU                 False
21               Log Experiment                 False
22              Experiment Name      reg-default-name
23                          USI                  6dda
2026-10-07 12:58:36,621:INFO:Soft dependency imported: xgboost: 3.1.2
2026-10-07 12:58:36,623:WARNING:
'catboost' is a soft dependency and not included in the pycaret installation. Please run: `pip install catboost` to install.
Alternately, you can install this by running `pip install pycaret[models]`
2026-10-07 12:58:36,718:INFO:Soft dependency imported: xgboost: 3.1.2
2026-10-07 12:58:36,720:WARNING:
'catboost' is a soft dependency and not included in the pycaret installation. Please run: `pip install catboost` to install.
Alternately, you can install this by running `pip install pycaret[models]`
2026-10-07 12:58:36,721:INFO:setup() successfully completed in 2.33s...............
2026-10-07 12:58:36,721:INFO:Initializing create_model()
2026-10-07 12:58:36,721:INFO:create_model(self=<pycaret.regression.oop.RegressionExperiment object at 0x000001123ED991D0>, estimator=lightgbm, fold=3, round=4, cross_validation=True, predict=True, fit_kwargs=None, groups=None, refit=True, probability_threshold=None, experiment_custom_tags=None, verbose=True, system=True, add_to_model_list=True, metrics=None, display=None, model_only=True, return_train_score=False, error_score=0.0, kwargs={})
2026-10-07 12:58:36,721:INFO:Checking exceptions
2026-10-07 12:58:36,722:INFO:Importing libraries
2026-10-07 12:58:36,722:INFO:Copying training dataset
2026-10-07 12:58:36,746:INFO:Defining folds
2026-10-07 12:58:36,746:INFO:Declaring metric variables
2026-10-07 12:58:36,747:INFO:Importing untrained model
2026-10-07 12:58:36,747:INFO:Light Gradient Boosting Machine Imported successfully
2026-10-07 12:58:36,747:INFO:Starting cross validation
2026-10-07 12:58:36,750:INFO:Cross validating with KFold(n_splits=3, random_state=None, shuffle=False), n_jobs=-1
2026-10-07 12:58:44,552:WARNING:C:\Users\bordasm\.venv\Lib\site-packages\_distutils_hack\__init__.py:33: UserWarning: Setuptools is replacing distutils.
  warnings.warn("Setuptools is replacing distutils.")

2026-10-07 12:58:45,743:INFO:Calculating mean and std
2026-10-07 12:58:45,744:INFO:Creating metrics dataframe
2026-10-07 12:58:45,749:INFO:Finalizing model
2026-10-07 12:58:46,409:INFO:[LightGBM] [Warning] Found whitespace in feature_names, replace with underlines
2026-10-07 12:58:46,414:INFO:[LightGBM] [Info] Auto-choosing col-wise multi-threading, the overhead of testing was 0.002600 seconds.
2026-10-07 12:58:46,414:INFO:You can set `force_col_wise=true` to remove the overhead.
2026-10-07 12:58:46,415:INFO:[LightGBM] [Info] Total Bins 3771
2026-10-07 12:58:46,415:INFO:[LightGBM] [Info] Number of data points in the train set: 28560, number of used features: 59
2026-10-07 12:58:46,415:INFO:[LightGBM] [Info] Start training from score 77.614846
2026-10-07 12:58:46,673:INFO:Uploading results into container
2026-10-07 12:58:46,674:INFO:Uploading model into container now
2026-10-07 12:58:46,683:INFO:_master_model_container: 1
2026-10-07 12:58:46,683:INFO:_display_container: 2
2026-10-07 12:58:46,684:INFO:LGBMRegressor(n_jobs=-1, random_state=6)
2026-10-07 12:58:46,684:INFO:create_model() successfully completed......................................
2026-10-07 12:58:47,324:INFO:PyCaret RegressionExperiment
2026-10-07 12:58:47,324:INFO:Logging name: reg-default-name
2026-10-07 12:58:47,324:INFO:ML Usecase: MLUsecase.REGRESSION
2026-10-07 12:58:47,324:INFO:version 3.3.2
2026-10-07 12:58:47,324:INFO:Initializing setup()
2026-10-07 12:58:47,324:INFO:self.USI: 25d8
2026-10-07 12:58:47,324:INFO:self._variable_keys: {'gpu_param', 'idx', 'data', 'pipeline', 'logging_param', 'exp_id', 'fold_groups_param', 'target_param', 'gpu_n_jobs_param', 'log_plots_param', 'fold_generator', 'html_param', 'y', 'exp_name_log', 'X', 'y_train', 'X_train', 'USI', 'transform_target_param', 'n_jobs_param', 'fold_shuffle_param', 'seed', 'y_test', 'X_test', '_available_plots', '_ml_usecase', 'memory'}
2026-10-07 12:58:47,324:INFO:Checking environment
2026-10-07 12:58:47,324:INFO:python_version: 3.11.9
2026-10-07 12:58:47,324:INFO:python_build: ('tags/v3.11.9:de54cf5', 'Apr  2 2024 10:12:12')
2026-10-07 12:58:47,324:INFO:machine: AMD64
2026-10-07 12:58:47,324:INFO:platform: Windows-10-10.0.26200-SP0
2026-10-07 12:58:47,325:INFO:Memory: svmem(total=16868499456, available=3409870848, percent=79.8, used=13458628608, free=3409870848)
2026-10-07 12:58:47,325:INFO:Physical Core: 8
2026-10-07 12:58:47,325:INFO:Logical Core: 16
2026-10-07 12:58:47,325:INFO:Checking libraries
2026-10-07 12:58:47,325:INFO:System:
2026-10-07 12:58:47,325:INFO:    python: 3.11.9 (tags/v3.11.9:de54cf5, Apr  2 2024, 10:12:12) [MSC v.1938 64 bit (AMD64)]
2026-10-07 12:58:47,325:INFO:executable: C:\Users\bordasm\.venv\Scripts\python.exe
2026-10-07 12:58:47,325:INFO:   machine: Windows-10-10.0.26200-SP0
2026-10-07 12:58:47,325:INFO:PyCaret required dependencies:
2026-10-07 12:58:47,326:INFO:                 pip: 26.2.1
2026-10-07 12:58:47,326:INFO:          setuptools: 65.5.0
2026-10-07 12:58:47,326:INFO:             pycaret: 3.3.2
2026-10-07 12:58:47,326:INFO:             IPython: 9.3.0
2026-10-07 12:58:47,326:INFO:          ipywidgets: 8.1.9
2026-10-07 12:58:47,326:INFO:                tqdm: 4.67.1
2026-10-07 12:58:47,326:INFO:               numpy: 1.26.4
2026-10-07 12:58:47,326:INFO:              pandas: 2.1.4
2026-10-07 12:58:47,326:INFO:              jinja2: 3.1.4
2026-10-07 12:58:47,326:INFO:               scipy: 1.11.4
2026-10-07 12:58:47,326:INFO:              joblib: 1.3.2
2026-10-07 12:58:47,326:INFO:             sklearn: 1.4.2
2026-10-07 12:58:47,326:INFO:                pyod: 3.4.0
2026-10-07 12:58:47,326:INFO:            imblearn: 0.13.0
2026-10-07 12:58:47,326:INFO:   category_encoders: 2.7.0
2026-10-07 12:58:47,326:INFO:            lightgbm: 4.6.0
2026-10-07 12:58:47,326:INFO:               numba: 0.68.0
2026-10-07 12:58:47,326:INFO:            requests: 2.32.3
2026-10-07 12:58:47,326:INFO:          matplotlib: 3.7.5
2026-10-07 12:58:47,326:INFO:          scikitplot: 0.3.7
2026-10-07 12:58:47,326:INFO:         yellowbrick: 1.5
2026-10-07 12:58:47,326:INFO:              plotly: 6.9.0
2026-10-07 12:58:47,326:INFO:    plotly-resampler: Not installed
2026-10-07 12:58:47,326:INFO:             kaleido: 1.5.0
2026-10-07 12:58:47,326:INFO:           schemdraw: 0.15
2026-10-07 12:58:47,326:INFO:         statsmodels: 0.15.0
2026-10-07 12:58:47,326:INFO:              sktime: 0.26.0
2026-10-07 12:58:47,326:INFO:               tbats: 1.1.3
2026-10-07 12:58:47,326:INFO:            pmdarima: 2.0.4
2026-10-07 12:58:47,326:INFO:              psutil: 7.0.0
2026-10-07 12:58:47,326:INFO:          markupsafe: 2.1.5
2026-10-07 12:58:47,326:INFO:             pickle5: Not installed
2026-10-07 12:58:47,326:INFO:         cloudpickle: 3.1.2
2026-10-07 12:58:47,326:INFO:         deprecation: 2.1.0
2026-10-07 12:58:47,326:INFO:              xxhash: 4.0.1
2026-10-07 12:58:47,327:INFO:           wurlitzer: Not installed
2026-10-07 12:58:47,327:INFO:PyCaret optional dependencies:
2026-10-07 12:58:47,327:INFO:                shap: Not installed
2026-10-07 12:58:47,327:INFO:           interpret: Not installed
2026-10-07 12:58:47,327:INFO:                umap: Not installed
2026-10-07 12:58:47,327:INFO:     ydata_profiling: Not installed
2026-10-07 12:58:47,327:INFO:  explainerdashboard: Not installed
2026-10-07 12:58:47,327:INFO:             autoviz: Not installed
2026-10-07 12:58:47,327:INFO:           fairlearn: Not installed
2026-10-07 12:58:47,327:INFO:          deepchecks: Not installed
2026-10-07 12:58:47,327:INFO:             xgboost: 3.1.2
2026-10-07 12:58:47,327:INFO:            catboost: Not installed
2026-10-07 12:58:47,327:INFO:              kmodes: Not installed
2026-10-07 12:58:47,327:INFO:             mlxtend: Not installed
2026-10-07 12:58:47,327:INFO:       statsforecast: Not installed
2026-10-07 12:58:47,327:INFO:        tune_sklearn: Not installed
2026-10-07 12:58:47,327:INFO:                 ray: Not installed
2026-10-07 12:58:47,327:INFO:            hyperopt: Not installed
2026-10-07 12:58:47,327:INFO:              optuna: Not installed
2026-10-07 12:58:47,327:INFO:               skopt: Not installed
2026-10-07 12:58:47,327:INFO:              mlflow: 3.17.0
2026-10-07 12:58:47,327:INFO:              gradio: Not installed
2026-10-07 12:58:47,327:INFO:             fastapi: 0.142.2
2026-10-07 12:58:47,327:INFO:             uvicorn: 0.54.0
2026-10-07 12:58:47,327:INFO:              m2cgen: Not installed
2026-10-07 12:58:47,327:INFO:           evidently: Not installed
2026-10-07 12:58:47,327:INFO:               fugue: Not installed
2026-10-07 12:58:47,327:INFO:           streamlit: Not installed
2026-10-07 12:58:47,327:INFO:             prophet: Not installed
2026-10-07 12:58:47,327:INFO:None
2026-10-07 12:58:47,327:INFO:Set up data.
2026-10-07 12:58:47,455:INFO:Set up folding strategy.
2026-10-07 12:58:47,456:INFO:Set up train/test split.
2026-10-07 12:58:47,495:INFO:Set up index.
2026-10-07 12:58:47,496:INFO:Assigning column types.
2026-10-07 12:58:47,516:INFO:Engine successfully changes for model 'lr' to 'sklearn'.
2026-10-07 12:58:47,517:INFO:Engine for model 'lasso' has not been set explicitly, hence returning None.
2026-10-07 12:58:47,520:INFO:Engine for model 'ridge' has not been set explicitly, hence returning None.
2026-10-07 12:58:47,523:INFO:Engine for model 'en' has not been set explicitly, hence returning None.
2026-10-07 12:58:47,586:INFO:Engine for model 'svm' has not been set explicitly, hence returning None.
2026-10-07 12:58:47,620:INFO:Engine for model 'knn' has not been set explicitly, hence returning None.
2026-10-07 12:58:47,620:INFO:Soft dependency imported: xgboost: 3.1.2
2026-10-07 12:58:47,622:WARNING:
'catboost' is a soft dependency and not included in the pycaret installation. Please run: `pip install catboost` to install.
Alternately, you can install this by running `pip install pycaret[models]`
2026-10-07 12:58:47,623:INFO:Engine for model 'lasso' has not been set explicitly, hence returning None.
2026-10-07 12:58:47,626:INFO:Engine for model 'ridge' has not been set explicitly, hence returning None.
2026-10-07 12:58:47,630:INFO:Engine for model 'en' has not been set explicitly, hence returning None.
2026-10-07 12:58:47,688:INFO:Engine for model 'svm' has not been set explicitly, hence returning None.
2026-10-07 12:58:47,722:INFO:Engine for model 'knn' has not been set explicitly, hence returning None.
2026-10-07 12:58:47,722:INFO:Soft dependency imported: xgboost: 3.1.2
2026-10-07 12:58:47,724:WARNING:
'catboost' is a soft dependency and not included in the pycaret installation. Please run: `pip install catboost` to install.
Alternately, you can install this by running `pip install pycaret[models]`
2026-10-07 12:58:47,725:INFO:Engine successfully changes for model 'lasso' to 'sklearn'.
2026-10-07 12:58:47,728:INFO:Engine for model 'ridge' has not been set explicitly, hence returning None.
2026-10-07 12:58:47,732:INFO:Engine for model 'en' has not been set explicitly, hence returning None.
2026-10-07 12:58:47,791:INFO:Engine for model 'svm' has not been set explicitly, hence returning None.
2026-10-07 12:58:47,827:INFO:Engine for model 'knn' has not been set explicitly, hence returning None.
2026-10-07 12:58:47,828:INFO:Soft dependency imported: xgboost: 3.1.2
2026-10-07 12:58:47,830:WARNING:
'catboost' is a soft dependency and not included in the pycaret installation. Please run: `pip install catboost` to install.
Alternately, you can install this by running `pip install pycaret[models]`
2026-10-07 12:58:47,834:INFO:Engine for model 'ridge' has not been set explicitly, hence returning None.
2026-10-07 12:58:47,838:INFO:Engine for model 'en' has not been set explicitly, hence returning None.
2026-10-07 12:58:47,898:INFO:Engine for model 'svm' has not been set explicitly, hence returning None.
2026-10-07 12:58:47,932:INFO:Engine for model 'knn' has not been set explicitly, hence returning None.
2026-10-07 12:58:47,932:INFO:Soft dependency imported: xgboost: 3.1.2
2026-10-07 12:58:47,934:WARNING:
'catboost' is a soft dependency and not included in the pycaret installation. Please run: `pip install catboost` to install.
Alternately, you can install this by running `pip install pycaret[models]`
2026-10-07 12:58:47,934:INFO:Engine successfully changes for model 'ridge' to 'sklearn'.
2026-10-07 12:58:47,942:INFO:Engine for model 'en' has not been set explicitly, hence returning None.
2026-10-07 12:58:47,996:INFO:Engine for model 'svm' has not been set explicitly, hence returning None.
2026-10-07 12:58:48,028:INFO:Engine for model 'knn' has not been set explicitly, hence returning None.
2026-10-07 12:58:48,029:INFO:Soft dependency imported: xgboost: 3.1.2
2026-10-07 12:58:48,031:WARNING:
'catboost' is a soft dependency and not included in the pycaret installation. Please run: `pip install catboost` to install.
Alternately, you can install this by running `pip install pycaret[models]`
2026-10-07 12:58:48,038:INFO:Engine for model 'en' has not been set explicitly, hence returning None.
2026-10-07 12:58:48,093:INFO:Engine for model 'svm' has not been set explicitly, hence returning None.
2026-10-07 12:58:48,126:INFO:Engine for model 'knn' has not been set explicitly, hence returning None.
2026-10-07 12:58:48,127:INFO:Soft dependency imported: xgboost: 3.1.2
2026-10-07 12:58:48,130:WARNING:
'catboost' is a soft dependency and not included in the pycaret installation. Please run: `pip install catboost` to install.
Alternately, you can install this by running `pip install pycaret[models]`
2026-10-07 12:58:48,130:INFO:Engine successfully changes for model 'en' to 'sklearn'.
2026-10-07 12:58:48,194:INFO:Engine for model 'svm' has not been set explicitly, hence returning None.
2026-10-07 12:58:48,225:INFO:Engine for model 'knn' has not been set explicitly, hence returning None.
2026-10-07 12:58:48,225:INFO:Soft dependency imported: xgboost: 3.1.2
2026-10-07 12:58:48,227:WARNING:
'catboost' is a soft dependency and not included in the pycaret installation. Please run: `pip install catboost` to install.
Alternately, you can install this by running `pip install pycaret[models]`
2026-10-07 12:58:48,288:INFO:Engine for model 'svm' has not been set explicitly, hence returning None.
2026-10-07 12:58:48,321:INFO:Engine for model 'knn' has not been set explicitly, hence returning None.
2026-10-07 12:58:48,322:INFO:Soft dependency imported: xgboost: 3.1.2
2026-10-07 12:58:48,324:WARNING:
'catboost' is a soft dependency and not included in the pycaret installation. Please run: `pip install catboost` to install.
Alternately, you can install this by running `pip install pycaret[models]`
2026-10-07 12:58:48,324:INFO:Engine successfully changes for model 'knn' to 'sklearn'.
2026-10-07 12:58:48,393:INFO:Engine for model 'svm' has not been set explicitly, hence returning None.
2026-10-07 12:58:48,430:INFO:Soft dependency imported: xgboost: 3.1.2
2026-10-07 12:58:48,432:WARNING:
'catboost' is a soft dependency and not included in the pycaret installation. Please run: `pip install catboost` to install.
Alternately, you can install this by running `pip install pycaret[models]`
2026-10-07 12:58:48,504:INFO:Engine for model 'svm' has not been set explicitly, hence returning None.
2026-10-07 12:58:48,536:INFO:Soft dependency imported: xgboost: 3.1.2
2026-10-07 12:58:48,538:WARNING:
'catboost' is a soft dependency and not included in the pycaret installation. Please run: `pip install catboost` to install.
Alternately, you can install this by running `pip install pycaret[models]`
2026-10-07 12:58:48,538:INFO:Engine successfully changes for model 'svm' to 'sklearn'.
2026-10-07 12:58:48,632:INFO:Soft dependency imported: xgboost: 3.1.2
2026-10-07 12:58:48,634:WARNING:
'catboost' is a soft dependency and not included in the pycaret installation. Please run: `pip install catboost` to install.
Alternately, you can install this by running `pip install pycaret[models]`
2026-10-07 12:58:48,728:INFO:Soft dependency imported: xgboost: 3.1.2
2026-10-07 12:58:48,731:WARNING:
'catboost' is a soft dependency and not included in the pycaret installation. Please run: `pip install catboost` to install.
Alternately, you can install this by running `pip install pycaret[models]`
2026-10-07 12:58:48,733:INFO:Preparing preprocessing pipeline...
2026-10-07 12:58:48,733:INFO:Set up simple imputation.
2026-10-07 12:58:48,743:INFO:Set up encoding of ordinal features.
2026-10-07 12:58:48,754:INFO:Set up encoding of categorical features.
2026-10-07 12:58:49,034:INFO:Finished creating preprocessing pipeline.
2026-10-07 12:58:49,055:INFO:Pipeline: Pipeline(memory=FastMemory(location=C:\Users\bordasm\AppData\Local\Temp\joblib),
         steps=[('numerical_imputer',
                 TransformerWrapper(include=['harvest_calendar_year',
                                             'harvest_month',
                                             'farm_size_hectares',
                                             'tree_age_years',
                                             'altitude_mean_meters',
                                             'avg_temp_c',
                                             'avg_annual_rainfall_mm',
                                             'humidity_pct',
                                             'drying_duration_days',
                                             'storage_months',
                                             'bean_size_screen', '...
                                             'processing_method',
                                             'drying_method',
                                             'traceability_level',
                                             'certification',
                                             'intended_buyer_segment',
                                             'roast_level'],
                                    transformer=OneHotEncoder(cols=['harvest_season',
                                                                    'country_of_origin',
                                                                    'farm_type',
                                                                    'processing_method',
                                                                    'drying_method',
                                                                    'traceability_level',
                                                                    'certification',
                                                                    'intended_buyer_segment',
                                                                    'roast_level'],
                                                              handle_missing='return_nan',
                                                              use_cat_names=True)))])
2026-10-07 12:58:49,055:INFO:Creating final display dataframe.
2026-10-07 12:58:49,285:INFO:Setup _display_container:                     Description                 Value
0                    Session id                     7
1                        Target  coffee_quality_score
2                   Target type            Regression
3           Original data shape           (35700, 36)
4        Transformed data shape           (35700, 60)
5   Transformed train set shape           (28560, 60)
6    Transformed test set shape            (7140, 60)
7               Ignore features                     4
8              Numeric features                    20
9          Categorical features                    11
10     Rows with missing values                 66.4%
11                   Preprocess                  True
12              Imputation type                simple
13           Numeric imputation                  mean
14       Categorical imputation                  mode
15     Maximum one-hot encoding                    25
16              Encoding method                  None
17               Fold Generator                 KFold
18                  Fold Number                    10
19                     CPU Jobs                    -1
20                      Use GPU                 False
21               Log Experiment                 False
22              Experiment Name      reg-default-name
23                          USI                  25d8
2026-10-07 12:58:49,383:INFO:Soft dependency imported: xgboost: 3.1.2
2026-10-07 12:58:49,385:WARNING:
'catboost' is a soft dependency and not included in the pycaret installation. Please run: `pip install catboost` to install.
Alternately, you can install this by running `pip install pycaret[models]`
2026-10-07 12:58:49,476:INFO:Soft dependency imported: xgboost: 3.1.2
2026-10-07 12:58:49,478:WARNING:
'catboost' is a soft dependency and not included in the pycaret installation. Please run: `pip install catboost` to install.
Alternately, you can install this by running `pip install pycaret[models]`
2026-10-07 12:58:49,479:INFO:setup() successfully completed in 2.29s...............
2026-10-07 12:58:49,480:INFO:Initializing create_model()
2026-10-07 12:58:49,480:INFO:create_model(self=<pycaret.regression.oop.RegressionExperiment object at 0x000001123E38F0D0>, estimator=lightgbm, fold=3, round=4, cross_validation=True, predict=True, fit_kwargs=None, groups=None, refit=True, probability_threshold=None, experiment_custom_tags=None, verbose=True, system=True, add_to_model_list=True, metrics=None, display=None, model_only=True, return_train_score=False, error_score=0.0, kwargs={})
2026-10-07 12:58:49,480:INFO:Checking exceptions
2026-10-07 12:58:49,482:INFO:Importing libraries
2026-10-07 12:58:49,482:INFO:Copying training dataset
2026-10-07 12:58:49,506:INFO:Defining folds
2026-10-07 12:58:49,506:INFO:Declaring metric variables
2026-10-07 12:58:49,506:INFO:Importing untrained model
2026-10-07 12:58:49,506:INFO:Light Gradient Boosting Machine Imported successfully
2026-10-07 12:58:49,506:INFO:Starting cross validation
2026-10-07 12:58:49,508:INFO:Cross validating with KFold(n_splits=3, random_state=None, shuffle=False), n_jobs=-1
2026-10-07 12:58:51,243:INFO:Calculating mean and std
2026-10-07 12:58:51,244:INFO:Creating metrics dataframe
2026-10-07 12:58:51,248:INFO:Finalizing model
2026-10-07 12:58:51,805:INFO:[LightGBM] [Warning] Found whitespace in feature_names, replace with underlines
2026-10-07 12:58:51,809:INFO:[LightGBM] [Info] Auto-choosing col-wise multi-threading, the overhead of testing was 0.001817 seconds.
2026-10-07 12:58:51,809:INFO:You can set `force_col_wise=true` to remove the overhead.
2026-10-07 12:58:51,809:INFO:[LightGBM] [Info] Total Bins 3774
2026-10-07 12:58:51,810:INFO:[LightGBM] [Info] Number of data points in the train set: 28560, number of used features: 59
2026-10-07 12:58:51,810:INFO:[LightGBM] [Info] Start training from score 77.591369
2026-10-07 12:58:52,070:INFO:Uploading results into container
2026-10-07 12:58:52,071:INFO:Uploading model into container now
2026-10-07 12:58:52,080:INFO:_master_model_container: 1
2026-10-07 12:58:52,080:INFO:_display_container: 2
2026-10-07 12:58:52,081:INFO:LGBMRegressor(n_jobs=-1, random_state=7)
2026-10-07 12:58:52,081:INFO:create_model() successfully completed......................................
2026-10-07 12:58:52,837:INFO:PyCaret RegressionExperiment
2026-10-07 12:58:52,837:INFO:Logging name: reg-default-name
2026-10-07 12:58:52,837:INFO:ML Usecase: MLUsecase.REGRESSION
2026-10-07 12:58:52,837:INFO:version 3.3.2
2026-10-07 12:58:52,837:INFO:Initializing setup()
2026-10-07 12:58:52,837:INFO:self.USI: 91ad
2026-10-07 12:58:52,837:INFO:self._variable_keys: {'gpu_param', 'idx', 'data', 'pipeline', 'logging_param', 'exp_id', 'fold_groups_param', 'target_param', 'gpu_n_jobs_param', 'log_plots_param', 'fold_generator', 'html_param', 'y', 'exp_name_log', 'X', 'y_train', 'X_train', 'USI', 'transform_target_param', 'n_jobs_param', 'fold_shuffle_param', 'seed', 'y_test', 'X_test', '_available_plots', '_ml_usecase', 'memory'}
2026-10-07 12:58:52,837:INFO:Checking environment
2026-10-07 12:58:52,838:INFO:python_version: 3.11.9
2026-10-07 12:58:52,838:INFO:python_build: ('tags/v3.11.9:de54cf5', 'Apr  2 2024 10:12:12')
2026-10-07 12:58:52,838:INFO:machine: AMD64
2026-10-07 12:58:52,838:INFO:platform: Windows-10-10.0.26200-SP0
2026-10-07 12:58:52,838:INFO:Memory: svmem(total=16868499456, available=3397545984, percent=79.9, used=13470953472, free=3397545984)
2026-10-07 12:58:52,838:INFO:Physical Core: 8
2026-10-07 12:58:52,838:INFO:Logical Core: 16
2026-10-07 12:58:52,838:INFO:Checking libraries
2026-10-07 12:58:52,838:INFO:System:
2026-10-07 12:58:52,838:INFO:    python: 3.11.9 (tags/v3.11.9:de54cf5, Apr  2 2024, 10:12:12) [MSC v.1938 64 bit (AMD64)]
2026-10-07 12:58:52,838:INFO:executable: C:\Users\bordasm\.venv\Scripts\python.exe
2026-10-07 12:58:52,838:INFO:   machine: Windows-10-10.0.26200-SP0
2026-10-07 12:58:52,838:INFO:PyCaret required dependencies:
2026-10-07 12:58:52,839:INFO:                 pip: 26.2.1
2026-10-07 12:58:52,839:INFO:          setuptools: 65.5.0
2026-10-07 12:58:52,839:INFO:             pycaret: 3.3.2
2026-10-07 12:58:52,839:INFO:             IPython: 9.3.0
2026-10-07 12:58:52,839:INFO:          ipywidgets: 8.1.9
2026-10-07 12:58:52,839:INFO:                tqdm: 4.67.1
2026-10-07 12:58:52,839:INFO:               numpy: 1.26.4
2026-10-07 12:58:52,839:INFO:              pandas: 2.1.4
2026-10-07 12:58:52,839:INFO:              jinja2: 3.1.4
2026-10-07 12:58:52,839:INFO:               scipy: 1.11.4
2026-10-07 12:58:52,839:INFO:              joblib: 1.3.2
2026-10-07 12:58:52,839:INFO:             sklearn: 1.4.2
2026-10-07 12:58:52,839:INFO:                pyod: 3.4.0
2026-10-07 12:58:52,839:INFO:            imblearn: 0.13.0
2026-10-07 12:58:52,839:INFO:   category_encoders: 2.7.0
2026-10-07 12:58:52,839:INFO:            lightgbm: 4.6.0
2026-10-07 12:58:52,839:INFO:               numba: 0.68.0
2026-10-07 12:58:52,839:INFO:            requests: 2.32.3
2026-10-07 12:58:52,839:INFO:          matplotlib: 3.7.5
2026-10-07 12:58:52,839:INFO:          scikitplot: 0.3.7
2026-10-07 12:58:52,839:INFO:         yellowbrick: 1.5
2026-10-07 12:58:52,839:INFO:              plotly: 6.9.0
2026-10-07 12:58:52,839:INFO:    plotly-resampler: Not installed
2026-10-07 12:58:52,839:INFO:             kaleido: 1.5.0
2026-10-07 12:58:52,839:INFO:           schemdraw: 0.15
2026-10-07 12:58:52,839:INFO:         statsmodels: 0.15.0
2026-10-07 12:58:52,839:INFO:              sktime: 0.26.0
2026-10-07 12:58:52,839:INFO:               tbats: 1.1.3
2026-10-07 12:58:52,839:INFO:            pmdarima: 2.0.4
2026-10-07 12:58:52,839:INFO:              psutil: 7.0.0
2026-10-07 12:58:52,839:INFO:          markupsafe: 2.1.5
2026-10-07 12:58:52,839:INFO:             pickle5: Not installed
2026-10-07 12:58:52,840:INFO:         cloudpickle: 3.1.2
2026-10-07 12:58:52,840:INFO:         deprecation: 2.1.0
2026-10-07 12:58:52,840:INFO:              xxhash: 4.0.1
2026-10-07 12:58:52,840:INFO:           wurlitzer: Not installed
2026-10-07 12:58:52,840:INFO:PyCaret optional dependencies:
2026-10-07 12:58:52,840:INFO:                shap: Not installed
2026-10-07 12:58:52,840:INFO:           interpret: Not installed
2026-10-07 12:58:52,840:INFO:                umap: Not installed
2026-10-07 12:58:52,840:INFO:     ydata_profiling: Not installed
2026-10-07 12:58:52,840:INFO:  explainerdashboard: Not installed
2026-10-07 12:58:52,840:INFO:             autoviz: Not installed
2026-10-07 12:58:52,840:INFO:           fairlearn: Not installed
2026-10-07 12:58:52,840:INFO:          deepchecks: Not installed
2026-10-07 12:58:52,840:INFO:             xgboost: 3.1.2
2026-10-07 12:58:52,840:INFO:            catboost: Not installed
2026-10-07 12:58:52,840:INFO:              kmodes: Not installed
2026-10-07 12:58:52,840:INFO:             mlxtend: Not installed
2026-10-07 12:58:52,840:INFO:       statsforecast: Not installed
2026-10-07 12:58:52,840:INFO:        tune_sklearn: Not installed
2026-10-07 12:58:52,840:INFO:                 ray: Not installed
2026-10-07 12:58:52,840:INFO:            hyperopt: Not installed
2026-10-07 12:58:52,840:INFO:              optuna: Not installed
2026-10-07 12:58:52,840:INFO:               skopt: Not installed
2026-10-07 12:58:52,840:INFO:              mlflow: 3.17.0
2026-10-07 12:58:52,840:INFO:              gradio: Not installed
2026-10-07 12:58:52,840:INFO:             fastapi: 0.142.2
2026-10-07 12:58:52,840:INFO:             uvicorn: 0.54.0
2026-10-07 12:58:52,840:INFO:              m2cgen: Not installed
2026-10-07 12:58:52,840:INFO:           evidently: Not installed
2026-10-07 12:58:52,840:INFO:               fugue: Not installed
2026-10-07 12:58:52,840:INFO:           streamlit: Not installed
2026-10-07 12:58:52,840:INFO:             prophet: Not installed
2026-10-07 12:58:52,841:INFO:None
2026-10-07 12:58:52,841:INFO:Set up data.
2026-10-07 12:58:52,947:INFO:Set up folding strategy.
2026-10-07 12:58:52,948:INFO:Set up train/test split.
2026-10-07 12:58:52,990:INFO:Set up index.
2026-10-07 12:58:52,990:INFO:Assigning column types.
2026-10-07 12:58:53,006:INFO:Engine successfully changes for model 'lr' to 'sklearn'.
2026-10-07 12:58:53,008:INFO:Engine for model 'lasso' has not been set explicitly, hence returning None.
2026-10-07 12:58:53,011:INFO:Engine for model 'ridge' has not been set explicitly, hence returning None.
2026-10-07 12:58:53,014:INFO:Engine for model 'en' has not been set explicitly, hence returning None.
2026-10-07 12:58:53,071:INFO:Engine for model 'svm' has not been set explicitly, hence returning None.
2026-10-07 12:58:53,105:INFO:Engine for model 'knn' has not been set explicitly, hence returning None.
2026-10-07 12:58:53,106:INFO:Soft dependency imported: xgboost: 3.1.2
2026-10-07 12:58:53,108:WARNING:
'catboost' is a soft dependency and not included in the pycaret installation. Please run: `pip install catboost` to install.
Alternately, you can install this by running `pip install pycaret[models]`
2026-10-07 12:58:53,108:INFO:Engine for model 'lasso' has not been set explicitly, hence returning None.
2026-10-07 12:58:53,113:INFO:Engine for model 'ridge' has not been set explicitly, hence returning None.
2026-10-07 12:58:53,118:INFO:Engine for model 'en' has not been set explicitly, hence returning None.
2026-10-07 12:58:53,182:INFO:Engine for model 'svm' has not been set explicitly, hence returning None.
2026-10-07 12:58:53,217:INFO:Engine for model 'knn' has not been set explicitly, hence returning None.
2026-10-07 12:58:53,217:INFO:Soft dependency imported: xgboost: 3.1.2
2026-10-07 12:58:53,219:WARNING:
'catboost' is a soft dependency and not included in the pycaret installation. Please run: `pip install catboost` to install.
Alternately, you can install this by running `pip install pycaret[models]`
2026-10-07 12:58:53,219:INFO:Engine successfully changes for model 'lasso' to 'sklearn'.
2026-10-07 12:58:53,222:INFO:Engine for model 'ridge' has not been set explicitly, hence returning None.
2026-10-07 12:58:53,224:INFO:Engine for model 'en' has not been set explicitly, hence returning None.
2026-10-07 12:58:53,282:INFO:Engine for model 'svm' has not been set explicitly, hence returning None.
2026-10-07 12:58:53,313:INFO:Engine for model 'knn' has not been set explicitly, hence returning None.
2026-10-07 12:58:53,314:INFO:Soft dependency imported: xgboost: 3.1.2
2026-10-07 12:58:53,316:WARNING:
'catboost' is a soft dependency and not included in the pycaret installation. Please run: `pip install catboost` to install.
Alternately, you can install this by running `pip install pycaret[models]`
2026-10-07 12:58:53,319:INFO:Engine for model 'ridge' has not been set explicitly, hence returning None.
2026-10-07 12:58:53,323:INFO:Engine for model 'en' has not been set explicitly, hence returning None.
2026-10-07 12:58:53,374:INFO:Engine for model 'svm' has not been set explicitly, hence returning None.
2026-10-07 12:58:53,407:INFO:Engine for model 'knn' has not been set explicitly, hence returning None.
2026-10-07 12:58:53,407:INFO:Soft dependency imported: xgboost: 3.1.2
2026-10-07 12:58:53,409:WARNING:
'catboost' is a soft dependency and not included in the pycaret installation. Please run: `pip install catboost` to install.
Alternately, you can install this by running `pip install pycaret[models]`
2026-10-07 12:58:53,409:INFO:Engine successfully changes for model 'ridge' to 'sklearn'.
2026-10-07 12:58:53,416:INFO:Engine for model 'en' has not been set explicitly, hence returning None.
2026-10-07 12:58:53,474:INFO:Engine for model 'svm' has not been set explicitly, hence returning None.
2026-10-07 12:58:53,507:INFO:Engine for model 'knn' has not been set explicitly, hence returning None.
2026-10-07 12:58:53,508:INFO:Soft dependency imported: xgboost: 3.1.2
2026-10-07 12:58:53,509:WARNING:
'catboost' is a soft dependency and not included in the pycaret installation. Please run: `pip install catboost` to install.
Alternately, you can install this by running `pip install pycaret[models]`
2026-10-07 12:58:53,516:INFO:Engine for model 'en' has not been set explicitly, hence returning None.
2026-10-07 12:58:53,572:INFO:Engine for model 'svm' has not been set explicitly, hence returning None.
2026-10-07 12:58:53,604:INFO:Engine for model 'knn' has not been set explicitly, hence returning None.
2026-10-07 12:58:53,604:INFO:Soft dependency imported: xgboost: 3.1.2
2026-10-07 12:58:53,606:WARNING:
'catboost' is a soft dependency and not included in the pycaret installation. Please run: `pip install catboost` to install.
Alternately, you can install this by running `pip install pycaret[models]`
2026-10-07 12:58:53,606:INFO:Engine successfully changes for model 'en' to 'sklearn'.
2026-10-07 12:58:53,668:INFO:Engine for model 'svm' has not been set explicitly, hence returning None.
2026-10-07 12:58:53,700:INFO:Engine for model 'knn' has not been set explicitly, hence returning None.
2026-10-07 12:58:53,701:INFO:Soft dependency imported: xgboost: 3.1.2
2026-10-07 12:58:53,703:WARNING:
'catboost' is a soft dependency and not included in the pycaret installation. Please run: `pip install catboost` to install.
Alternately, you can install this by running `pip install pycaret[models]`
2026-10-07 12:58:53,764:INFO:Engine for model 'svm' has not been set explicitly, hence returning None.
2026-10-07 12:58:53,802:INFO:Engine for model 'knn' has not been set explicitly, hence returning None.
2026-10-07 12:58:53,803:INFO:Soft dependency imported: xgboost: 3.1.2
2026-10-07 12:58:53,806:WARNING:
'catboost' is a soft dependency and not included in the pycaret installation. Please run: `pip install catboost` to install.
Alternately, you can install this by running `pip install pycaret[models]`
2026-10-07 12:58:53,806:INFO:Engine successfully changes for model 'knn' to 'sklearn'.
2026-10-07 12:58:53,890:INFO:Engine for model 'svm' has not been set explicitly, hence returning None.
2026-10-07 12:58:53,926:INFO:Soft dependency imported: xgboost: 3.1.2
2026-10-07 12:58:53,930:WARNING:
'catboost' is a soft dependency and not included in the pycaret installation. Please run: `pip install catboost` to install.
Alternately, you can install this by running `pip install pycaret[models]`
2026-10-07 12:58:53,999:INFO:Engine for model 'svm' has not been set explicitly, hence returning None.
2026-10-07 12:58:54,036:INFO:Soft dependency imported: xgboost: 3.1.2
2026-10-07 12:58:54,038:WARNING:
'catboost' is a soft dependency and not included in the pycaret installation. Please run: `pip install catboost` to install.
Alternately, you can install this by running `pip install pycaret[models]`
2026-10-07 12:58:54,038:INFO:Engine successfully changes for model 'svm' to 'sklearn'.
2026-10-07 12:58:54,143:INFO:Soft dependency imported: xgboost: 3.1.2
2026-10-07 12:58:54,146:WARNING:
'catboost' is a soft dependency and not included in the pycaret installation. Please run: `pip install catboost` to install.
Alternately, you can install this by running `pip install pycaret[models]`
2026-10-07 12:58:54,241:INFO:Soft dependency imported: xgboost: 3.1.2
2026-10-07 12:58:54,243:WARNING:
'catboost' is a soft dependency and not included in the pycaret installation. Please run: `pip install catboost` to install.
Alternately, you can install this by running `pip install pycaret[models]`
2026-10-07 12:58:54,245:INFO:Preparing preprocessing pipeline...
2026-10-07 12:58:54,245:INFO:Set up simple imputation.
2026-10-07 12:58:54,258:INFO:Set up encoding of ordinal features.
2026-10-07 12:58:54,270:INFO:Set up encoding of categorical features.
2026-10-07 12:58:54,550:INFO:Finished creating preprocessing pipeline.
2026-10-07 12:58:54,571:INFO:Pipeline: Pipeline(memory=FastMemory(location=C:\Users\bordasm\AppData\Local\Temp\joblib),
         steps=[('numerical_imputer',
                 TransformerWrapper(include=['harvest_calendar_year',
                                             'harvest_month',
                                             'farm_size_hectares',
                                             'tree_age_years',
                                             'altitude_mean_meters',
                                             'avg_temp_c',
                                             'avg_annual_rainfall_mm',
                                             'humidity_pct',
                                             'drying_duration_days',
                                             'storage_months',
                                             'bean_size_screen', '...
                                             'processing_method',
                                             'drying_method',
                                             'traceability_level',
                                             'certification',
                                             'intended_buyer_segment',
                                             'roast_level'],
                                    transformer=OneHotEncoder(cols=['harvest_season',
                                                                    'country_of_origin',
                                                                    'farm_type',
                                                                    'processing_method',
                                                                    'drying_method',
                                                                    'traceability_level',
                                                                    'certification',
                                                                    'intended_buyer_segment',
                                                                    'roast_level'],
                                                              handle_missing='return_nan',
                                                              use_cat_names=True)))])
2026-10-07 12:58:54,572:INFO:Creating final display dataframe.
2026-10-07 12:58:54,766:INFO:Setup _display_container:                     Description                 Value
0                    Session id                     8
1                        Target  coffee_quality_score
2                   Target type            Regression
3           Original data shape           (35700, 36)
4        Transformed data shape           (35700, 60)
5   Transformed train set shape           (28560, 60)
6    Transformed test set shape            (7140, 60)
7               Ignore features                     4
8              Numeric features                    20
9          Categorical features                    11
10     Rows with missing values                 66.4%
11                   Preprocess                  True
12              Imputation type                simple
13           Numeric imputation                  mean
14       Categorical imputation                  mode
15     Maximum one-hot encoding                    25
16              Encoding method                  None
17               Fold Generator                 KFold
18                  Fold Number                    10
19                     CPU Jobs                    -1
20                      Use GPU                 False
21               Log Experiment                 False
22              Experiment Name      reg-default-name
23                          USI                  91ad
2026-10-07 12:58:54,864:INFO:Soft dependency imported: xgboost: 3.1.2
2026-10-07 12:58:54,866:WARNING:
'catboost' is a soft dependency and not included in the pycaret installation. Please run: `pip install catboost` to install.
Alternately, you can install this by running `pip install pycaret[models]`
2026-10-07 12:58:54,972:INFO:Soft dependency imported: xgboost: 3.1.2
2026-10-07 12:58:54,974:WARNING:
'catboost' is a soft dependency and not included in the pycaret installation. Please run: `pip install catboost` to install.
Alternately, you can install this by running `pip install pycaret[models]`
2026-10-07 12:58:54,974:INFO:setup() successfully completed in 2.27s...............
2026-10-07 12:58:54,974:INFO:Initializing create_model()
2026-10-07 12:58:54,974:INFO:create_model(self=<pycaret.regression.oop.RegressionExperiment object at 0x000001123F534090>, estimator=lightgbm, fold=3, round=4, cross_validation=True, predict=True, fit_kwargs=None, groups=None, refit=True, probability_threshold=None, experiment_custom_tags=None, verbose=True, system=True, add_to_model_list=True, metrics=None, display=None, model_only=True, return_train_score=False, error_score=0.0, kwargs={})
2026-10-07 12:58:54,974:INFO:Checking exceptions
2026-10-07 12:58:54,975:INFO:Importing libraries
2026-10-07 12:58:54,975:INFO:Copying training dataset
2026-10-07 12:58:54,995:INFO:Defining folds
2026-10-07 12:58:54,996:INFO:Declaring metric variables
2026-10-07 12:58:54,996:INFO:Importing untrained model
2026-10-07 12:58:54,997:INFO:Light Gradient Boosting Machine Imported successfully
2026-10-07 12:58:54,997:INFO:Starting cross validation
2026-10-07 12:58:54,999:INFO:Cross validating with KFold(n_splits=3, random_state=None, shuffle=False), n_jobs=-1
2026-10-07 12:58:56,720:INFO:Calculating mean and std
2026-10-07 12:58:56,721:INFO:Creating metrics dataframe
2026-10-07 12:58:56,724:INFO:Finalizing model
2026-10-07 12:58:57,255:INFO:[LightGBM] [Warning] Found whitespace in feature_names, replace with underlines
2026-10-07 12:58:57,259:INFO:[LightGBM] [Info] Auto-choosing col-wise multi-threading, the overhead of testing was 0.001686 seconds.
2026-10-07 12:58:57,259:INFO:You can set `force_col_wise=true` to remove the overhead.
2026-10-07 12:58:57,259:INFO:[LightGBM] [Info] Total Bins 3769
2026-10-07 12:58:57,259:INFO:[LightGBM] [Info] Number of data points in the train set: 28560, number of used features: 59
2026-10-07 12:58:57,260:INFO:[LightGBM] [Info] Start training from score 77.603796
2026-10-07 12:58:57,494:INFO:Uploading results into container
2026-10-07 12:58:57,495:INFO:Uploading model into container now
2026-10-07 12:58:57,506:INFO:_master_model_container: 1
2026-10-07 12:58:57,506:INFO:_display_container: 2
2026-10-07 12:58:57,506:INFO:LGBMRegressor(n_jobs=-1, random_state=8)
2026-10-07 12:58:57,507:INFO:create_model() successfully completed......................................
2026-10-07 12:58:58,093:INFO:PyCaret RegressionExperiment
2026-10-07 12:58:58,093:INFO:Logging name: reg-default-name
2026-10-07 12:58:58,093:INFO:ML Usecase: MLUsecase.REGRESSION
2026-10-07 12:58:58,093:INFO:version 3.3.2
2026-10-07 12:58:58,093:INFO:Initializing setup()
2026-10-07 12:58:58,094:INFO:self.USI: 7c2f
2026-10-07 12:58:58,094:INFO:self._variable_keys: {'gpu_param', 'idx', 'data', 'pipeline', 'logging_param', 'exp_id', 'fold_groups_param', 'target_param', 'gpu_n_jobs_param', 'log_plots_param', 'fold_generator', 'html_param', 'y', 'exp_name_log', 'X', 'y_train', 'X_train', 'USI', 'transform_target_param', 'n_jobs_param', 'fold_shuffle_param', 'seed', 'y_test', 'X_test', '_available_plots', '_ml_usecase', 'memory'}
2026-10-07 12:58:58,094:INFO:Checking environment
2026-10-07 12:58:58,094:INFO:python_version: 3.11.9
2026-10-07 12:58:58,094:INFO:python_build: ('tags/v3.11.9:de54cf5', 'Apr  2 2024 10:12:12')
2026-10-07 12:58:58,094:INFO:machine: AMD64
2026-10-07 12:58:58,095:INFO:platform: Windows-10-10.0.26200-SP0
2026-10-07 12:58:58,095:INFO:Memory: svmem(total=16868499456, available=3384557568, percent=79.9, used=13483941888, free=3384557568)
2026-10-07 12:58:58,095:INFO:Physical Core: 8
2026-10-07 12:58:58,096:INFO:Logical Core: 16
2026-10-07 12:58:58,096:INFO:Checking libraries
2026-10-07 12:58:58,096:INFO:System:
2026-10-07 12:58:58,097:INFO:    python: 3.11.9 (tags/v3.11.9:de54cf5, Apr  2 2024, 10:12:12) [MSC v.1938 64 bit (AMD64)]
2026-10-07 12:58:58,097:INFO:executable: C:\Users\bordasm\.venv\Scripts\python.exe
2026-10-07 12:58:58,098:INFO:   machine: Windows-10-10.0.26200-SP0
2026-10-07 12:58:58,098:INFO:PyCaret required dependencies:
2026-10-07 12:58:58,099:INFO:                 pip: 26.2.1
2026-10-07 12:58:58,100:INFO:          setuptools: 65.5.0
2026-10-07 12:58:58,100:INFO:             pycaret: 3.3.2
2026-10-07 12:58:58,101:INFO:             IPython: 9.3.0
2026-10-07 12:58:58,101:INFO:          ipywidgets: 8.1.9
2026-10-07 12:58:58,102:INFO:                tqdm: 4.67.1
2026-10-07 12:58:58,102:INFO:               numpy: 1.26.4
2026-10-07 12:58:58,102:INFO:              pandas: 2.1.4
2026-10-07 12:58:58,102:INFO:              jinja2: 3.1.4
2026-10-07 12:58:58,102:INFO:               scipy: 1.11.4
2026-10-07 12:58:58,102:INFO:              joblib: 1.3.2
2026-10-07 12:58:58,103:INFO:             sklearn: 1.4.2
2026-10-07 12:58:58,103:INFO:                pyod: 3.4.0
2026-10-07 12:58:58,103:INFO:            imblearn: 0.13.0
2026-10-07 12:58:58,103:INFO:   category_encoders: 2.7.0
2026-10-07 12:58:58,104:INFO:            lightgbm: 4.6.0
2026-10-07 12:58:58,104:INFO:               numba: 0.68.0
2026-10-07 12:58:58,104:INFO:            requests: 2.32.3
2026-10-07 12:58:58,104:INFO:          matplotlib: 3.7.5
2026-10-07 12:58:58,104:INFO:          scikitplot: 0.3.7
2026-10-07 12:58:58,105:INFO:         yellowbrick: 1.5
2026-10-07 12:58:58,105:INFO:              plotly: 6.9.0
2026-10-07 12:58:58,105:INFO:    plotly-resampler: Not installed
2026-10-07 12:58:58,105:INFO:             kaleido: 1.5.0
2026-10-07 12:58:58,105:INFO:           schemdraw: 0.15
2026-10-07 12:58:58,105:INFO:         statsmodels: 0.15.0
2026-10-07 12:58:58,106:INFO:              sktime: 0.26.0
2026-10-07 12:58:58,106:INFO:               tbats: 1.1.3
2026-10-07 12:58:58,106:INFO:            pmdarima: 2.0.4
2026-10-07 12:58:58,106:INFO:              psutil: 7.0.0
2026-10-07 12:58:58,106:INFO:          markupsafe: 2.1.5
2026-10-07 12:58:58,106:INFO:             pickle5: Not installed
2026-10-07 12:58:58,107:INFO:         cloudpickle: 3.1.2
2026-10-07 12:58:58,107:INFO:         deprecation: 2.1.0
2026-10-07 12:58:58,107:INFO:              xxhash: 4.0.1
2026-10-07 12:58:58,108:INFO:           wurlitzer: Not installed
2026-10-07 12:58:58,108:INFO:PyCaret optional dependencies:
2026-10-07 12:58:58,108:INFO:                shap: Not installed
2026-10-07 12:58:58,108:INFO:           interpret: Not installed
2026-10-07 12:58:58,108:INFO:                umap: Not installed
2026-10-07 12:58:58,108:INFO:     ydata_profiling: Not installed
2026-10-07 12:58:58,108:INFO:  explainerdashboard: Not installed
2026-10-07 12:58:58,108:INFO:             autoviz: Not installed
2026-10-07 12:58:58,108:INFO:           fairlearn: Not installed
2026-10-07 12:58:58,109:INFO:          deepchecks: Not installed
2026-10-07 12:58:58,109:INFO:             xgboost: 3.1.2
2026-10-07 12:58:58,109:INFO:            catboost: Not installed
2026-10-07 12:58:58,109:INFO:              kmodes: Not installed
2026-10-07 12:58:58,110:INFO:             mlxtend: Not installed
2026-10-07 12:58:58,111:INFO:       statsforecast: Not installed
2026-10-07 12:58:58,111:INFO:        tune_sklearn: Not installed
2026-10-07 12:58:58,111:INFO:                 ray: Not installed
2026-10-07 12:58:58,112:INFO:            hyperopt: Not installed
2026-10-07 12:58:58,112:INFO:              optuna: Not installed
2026-10-07 12:58:58,112:INFO:               skopt: Not installed
2026-10-07 12:58:58,112:INFO:              mlflow: 3.17.0
2026-10-07 12:58:58,112:INFO:              gradio: Not installed
2026-10-07 12:58:58,112:INFO:             fastapi: 0.142.2
2026-10-07 12:58:58,113:INFO:             uvicorn: 0.54.0
2026-10-07 12:58:58,113:INFO:              m2cgen: Not installed
2026-10-07 12:58:58,113:INFO:           evidently: Not installed
2026-10-07 12:58:58,114:INFO:               fugue: Not installed
2026-10-07 12:58:58,114:INFO:           streamlit: Not installed
2026-10-07 12:58:58,115:INFO:             prophet: Not installed
2026-10-07 12:58:58,115:INFO:None
2026-10-07 12:58:58,115:INFO:Set up data.
2026-10-07 12:58:58,212:INFO:Set up folding strategy.
2026-10-07 12:58:58,212:INFO:Set up train/test split.
2026-10-07 12:58:58,250:INFO:Set up index.
2026-10-07 12:58:58,251:INFO:Assigning column types.
2026-10-07 12:58:58,266:INFO:Engine successfully changes for model 'lr' to 'sklearn'.
2026-10-07 12:58:58,266:INFO:Engine for model 'lasso' has not been set explicitly, hence returning None.
2026-10-07 12:58:58,270:INFO:Engine for model 'ridge' has not been set explicitly, hence returning None.
2026-10-07 12:58:58,273:INFO:Engine for model 'en' has not been set explicitly, hence returning None.
2026-10-07 12:58:58,333:INFO:Engine for model 'svm' has not been set explicitly, hence returning None.
2026-10-07 12:58:58,369:INFO:Engine for model 'knn' has not been set explicitly, hence returning None.
2026-10-07 12:58:58,369:INFO:Soft dependency imported: xgboost: 3.1.2
2026-10-07 12:58:58,371:WARNING:
'catboost' is a soft dependency and not included in the pycaret installation. Please run: `pip install catboost` to install.
Alternately, you can install this by running `pip install pycaret[models]`
2026-10-07 12:58:58,372:INFO:Engine for model 'lasso' has not been set explicitly, hence returning None.
2026-10-07 12:58:58,375:INFO:Engine for model 'ridge' has not been set explicitly, hence returning None.
2026-10-07 12:58:58,379:INFO:Engine for model 'en' has not been set explicitly, hence returning None.
2026-10-07 12:58:58,435:INFO:Engine for model 'svm' has not been set explicitly, hence returning None.
2026-10-07 12:58:58,470:INFO:Engine for model 'knn' has not been set explicitly, hence returning None.
2026-10-07 12:58:58,470:INFO:Soft dependency imported: xgboost: 3.1.2
2026-10-07 12:58:58,472:WARNING:
'catboost' is a soft dependency and not included in the pycaret installation. Please run: `pip install catboost` to install.
Alternately, you can install this by running `pip install pycaret[models]`
2026-10-07 12:58:58,472:INFO:Engine successfully changes for model 'lasso' to 'sklearn'.
2026-10-07 12:58:58,476:INFO:Engine for model 'ridge' has not been set explicitly, hence returning None.
2026-10-07 12:58:58,480:INFO:Engine for model 'en' has not been set explicitly, hence returning None.
2026-10-07 12:58:58,537:INFO:Engine for model 'svm' has not been set explicitly, hence returning None.
2026-10-07 12:58:58,573:INFO:Engine for model 'knn' has not been set explicitly, hence returning None.
2026-10-07 12:58:58,573:INFO:Soft dependency imported: xgboost: 3.1.2
2026-10-07 12:58:58,575:WARNING:
'catboost' is a soft dependency and not included in the pycaret installation. Please run: `pip install catboost` to install.
Alternately, you can install this by running `pip install pycaret[models]`
2026-10-07 12:58:58,580:INFO:Engine for model 'ridge' has not been set explicitly, hence returning None.
2026-10-07 12:58:58,585:INFO:Engine for model 'en' has not been set explicitly, hence returning None.
2026-10-07 12:58:58,639:INFO:Engine for model 'svm' has not been set explicitly, hence returning None.
2026-10-07 12:58:58,672:INFO:Engine for model 'knn' has not been set explicitly, hence returning None.
2026-10-07 12:58:58,672:INFO:Soft dependency imported: xgboost: 3.1.2
2026-10-07 12:58:58,674:WARNING:
'catboost' is a soft dependency and not included in the pycaret installation. Please run: `pip install catboost` to install.
Alternately, you can install this by running `pip install pycaret[models]`
2026-10-07 12:58:58,674:INFO:Engine successfully changes for model 'ridge' to 'sklearn'.
2026-10-07 12:58:58,682:INFO:Engine for model 'en' has not been set explicitly, hence returning None.
2026-10-07 12:58:58,737:INFO:Engine for model 'svm' has not been set explicitly, hence returning None.
2026-10-07 12:58:58,773:INFO:Engine for model 'knn' has not been set explicitly, hence returning None.
2026-10-07 12:58:58,773:INFO:Soft dependency imported: xgboost: 3.1.2
2026-10-07 12:58:58,775:WARNING:
'catboost' is a soft dependency and not included in the pycaret installation. Please run: `pip install catboost` to install.
Alternately, you can install this by running `pip install pycaret[models]`
2026-10-07 12:58:58,782:INFO:Engine for model 'en' has not been set explicitly, hence returning None.
2026-10-07 12:58:58,836:INFO:Engine for model 'svm' has not been set explicitly, hence returning None.
2026-10-07 12:58:58,868:INFO:Engine for model 'knn' has not been set explicitly, hence returning None.
2026-10-07 12:58:58,869:INFO:Soft dependency imported: xgboost: 3.1.2
2026-10-07 12:58:58,870:WARNING:
'catboost' is a soft dependency and not included in the pycaret installation. Please run: `pip install catboost` to install.
Alternately, you can install this by running `pip install pycaret[models]`
2026-10-07 12:58:58,871:INFO:Engine successfully changes for model 'en' to 'sklearn'.
2026-10-07 12:58:58,930:INFO:Engine for model 'svm' has not been set explicitly, hence returning None.
2026-10-07 12:58:58,963:INFO:Engine for model 'knn' has not been set explicitly, hence returning None.
2026-10-07 12:58:58,964:INFO:Soft dependency imported: xgboost: 3.1.2
2026-10-07 12:58:58,966:WARNING:
'catboost' is a soft dependency and not included in the pycaret installation. Please run: `pip install catboost` to install.
Alternately, you can install this by running `pip install pycaret[models]`
2026-10-07 12:58:59,031:INFO:Engine for model 'svm' has not been set explicitly, hence returning None.
2026-10-07 12:58:59,065:INFO:Engine for model 'knn' has not been set explicitly, hence returning None.
2026-10-07 12:58:59,065:INFO:Soft dependency imported: xgboost: 3.1.2
2026-10-07 12:58:59,067:WARNING:
'catboost' is a soft dependency and not included in the pycaret installation. Please run: `pip install catboost` to install.
Alternately, you can install this by running `pip install pycaret[models]`
2026-10-07 12:58:59,068:INFO:Engine successfully changes for model 'knn' to 'sklearn'.
2026-10-07 12:58:59,129:INFO:Engine for model 'svm' has not been set explicitly, hence returning None.
2026-10-07 12:58:59,162:INFO:Soft dependency imported: xgboost: 3.1.2
2026-10-07 12:58:59,164:WARNING:
'catboost' is a soft dependency and not included in the pycaret installation. Please run: `pip install catboost` to install.
Alternately, you can install this by running `pip install pycaret[models]`
2026-10-07 12:58:59,231:INFO:Engine for model 'svm' has not been set explicitly, hence returning None.
2026-10-07 12:58:59,270:INFO:Soft dependency imported: xgboost: 3.1.2
2026-10-07 12:58:59,272:WARNING:
'catboost' is a soft dependency and not included in the pycaret installation. Please run: `pip install catboost` to install.
Alternately, you can install this by running `pip install pycaret[models]`
2026-10-07 12:58:59,272:INFO:Engine successfully changes for model 'svm' to 'sklearn'.
2026-10-07 12:58:59,385:INFO:Soft dependency imported: xgboost: 3.1.2
2026-10-07 12:58:59,387:WARNING:
'catboost' is a soft dependency and not included in the pycaret installation. Please run: `pip install catboost` to install.
Alternately, you can install this by running `pip install pycaret[models]`
2026-10-07 12:58:59,513:INFO:Soft dependency imported: xgboost: 3.1.2
2026-10-07 12:58:59,515:WARNING:
'catboost' is a soft dependency and not included in the pycaret installation. Please run: `pip install catboost` to install.
Alternately, you can install this by running `pip install pycaret[models]`
2026-10-07 12:58:59,517:INFO:Preparing preprocessing pipeline...
2026-10-07 12:58:59,517:INFO:Set up simple imputation.
2026-10-07 12:58:59,528:INFO:Set up encoding of ordinal features.
2026-10-07 12:58:59,545:INFO:Set up encoding of categorical features.
2026-10-07 12:58:59,812:INFO:Finished creating preprocessing pipeline.
2026-10-07 12:58:59,833:INFO:Pipeline: Pipeline(memory=FastMemory(location=C:\Users\bordasm\AppData\Local\Temp\joblib),
         steps=[('numerical_imputer',
                 TransformerWrapper(include=['harvest_calendar_year',
                                             'harvest_month',
                                             'farm_size_hectares',
                                             'tree_age_years',
                                             'altitude_mean_meters',
                                             'avg_temp_c',
                                             'avg_annual_rainfall_mm',
                                             'humidity_pct',
                                             'drying_duration_days',
                                             'storage_months',
                                             'bean_size_screen', '...
                                             'processing_method',
                                             'drying_method',
                                             'traceability_level',
                                             'certification',
                                             'intended_buyer_segment',
                                             'roast_level'],
                                    transformer=OneHotEncoder(cols=['harvest_season',
                                                                    'country_of_origin',
                                                                    'farm_type',
                                                                    'processing_method',
                                                                    'drying_method',
                                                                    'traceability_level',
                                                                    'certification',
                                                                    'intended_buyer_segment',
                                                                    'roast_level'],
                                                              handle_missing='return_nan',
                                                              use_cat_names=True)))])
2026-10-07 12:58:59,833:INFO:Creating final display dataframe.
2026-10-07 12:59:00,042:INFO:Setup _display_container:                     Description                 Value
0                    Session id                     9
1                        Target  coffee_quality_score
2                   Target type            Regression
3           Original data shape           (35700, 36)
4        Transformed data shape           (35700, 60)
5   Transformed train set shape           (28560, 60)
6    Transformed test set shape            (7140, 60)
7               Ignore features                     4
8              Numeric features                    20
9          Categorical features                    11
10     Rows with missing values                 66.4%
11                   Preprocess                  True
12              Imputation type                simple
13           Numeric imputation                  mean
14       Categorical imputation                  mode
15     Maximum one-hot encoding                    25
16              Encoding method                  None
17               Fold Generator                 KFold
18                  Fold Number                    10
19                     CPU Jobs                    -1
20                      Use GPU                 False
21               Log Experiment                 False
22              Experiment Name      reg-default-name
23                          USI                  7c2f
2026-10-07 12:59:00,138:INFO:Soft dependency imported: xgboost: 3.1.2
2026-10-07 12:59:00,140:WARNING:
'catboost' is a soft dependency and not included in the pycaret installation. Please run: `pip install catboost` to install.
Alternately, you can install this by running `pip install pycaret[models]`
2026-10-07 12:59:00,234:INFO:Soft dependency imported: xgboost: 3.1.2
2026-10-07 12:59:00,236:WARNING:
'catboost' is a soft dependency and not included in the pycaret installation. Please run: `pip install catboost` to install.
Alternately, you can install this by running `pip install pycaret[models]`
2026-10-07 12:59:00,236:INFO:setup() successfully completed in 2.28s...............
2026-10-07 12:59:00,236:INFO:Initializing create_model()
2026-10-07 12:59:00,236:INFO:create_model(self=<pycaret.regression.oop.RegressionExperiment object at 0x000001123E5FB050>, estimator=lightgbm, fold=3, round=4, cross_validation=True, predict=True, fit_kwargs=None, groups=None, refit=True, probability_threshold=None, experiment_custom_tags=None, verbose=True, system=True, add_to_model_list=True, metrics=None, display=None, model_only=True, return_train_score=False, error_score=0.0, kwargs={})
2026-10-07 12:59:00,236:INFO:Checking exceptions
2026-10-07 12:59:00,237:INFO:Importing libraries
2026-10-07 12:59:00,237:INFO:Copying training dataset
2026-10-07 12:59:00,260:INFO:Defining folds
2026-10-07 12:59:00,261:INFO:Declaring metric variables
2026-10-07 12:59:00,261:INFO:Importing untrained model
2026-10-07 12:59:00,262:INFO:Light Gradient Boosting Machine Imported successfully
2026-10-07 12:59:00,262:INFO:Starting cross validation
2026-10-07 12:59:00,265:INFO:Cross validating with KFold(n_splits=3, random_state=None, shuffle=False), n_jobs=-1
2026-10-07 12:59:02,037:INFO:Calculating mean and std
2026-10-07 12:59:02,038:INFO:Creating metrics dataframe
2026-10-07 12:59:02,041:INFO:Finalizing model
2026-10-07 12:59:02,587:INFO:[LightGBM] [Warning] Found whitespace in feature_names, replace with underlines
2026-10-07 12:59:02,591:INFO:[LightGBM] [Info] Auto-choosing col-wise multi-threading, the overhead of testing was 0.001807 seconds.
2026-10-07 12:59:02,592:INFO:You can set `force_col_wise=true` to remove the overhead.
2026-10-07 12:59:02,592:INFO:[LightGBM] [Info] Total Bins 3770
2026-10-07 12:59:02,592:INFO:[LightGBM] [Info] Number of data points in the train set: 28560, number of used features: 59
2026-10-07 12:59:02,593:INFO:[LightGBM] [Info] Start training from score 77.591646
2026-10-07 12:59:02,840:INFO:Uploading results into container
2026-10-07 12:59:02,842:INFO:Uploading model into container now
2026-10-07 12:59:02,853:INFO:_master_model_container: 1
2026-10-07 12:59:02,854:INFO:_display_container: 2
2026-10-07 12:59:02,854:INFO:LGBMRegressor(n_jobs=-1, random_state=9)
2026-10-07 12:59:02,855:INFO:create_model() successfully completed......................................
2026-10-07 12:59:03,472:INFO:PyCaret RegressionExperiment
2026-10-07 12:59:03,473:INFO:Logging name: reg-default-name
2026-10-07 12:59:03,473:INFO:ML Usecase: MLUsecase.REGRESSION
2026-10-07 12:59:03,473:INFO:version 3.3.2
2026-10-07 12:59:03,473:INFO:Initializing setup()
2026-10-07 12:59:03,473:INFO:self.USI: 503a
2026-10-07 12:59:03,473:INFO:self._variable_keys: {'gpu_param', 'idx', 'data', 'pipeline', 'logging_param', 'exp_id', 'fold_groups_param', 'target_param', 'gpu_n_jobs_param', 'log_plots_param', 'fold_generator', 'html_param', 'y', 'exp_name_log', 'X', 'y_train', 'X_train', 'USI', 'transform_target_param', 'n_jobs_param', 'fold_shuffle_param', 'seed', 'y_test', 'X_test', '_available_plots', '_ml_usecase', 'memory'}
2026-10-07 12:59:03,473:INFO:Checking environment
2026-10-07 12:59:03,473:INFO:python_version: 3.11.9
2026-10-07 12:59:03,473:INFO:python_build: ('tags/v3.11.9:de54cf5', 'Apr  2 2024 10:12:12')
2026-10-07 12:59:03,473:INFO:machine: AMD64
2026-10-07 12:59:03,473:INFO:platform: Windows-10-10.0.26200-SP0
2026-10-07 12:59:03,474:INFO:Memory: svmem(total=16868499456, available=3383623680, percent=79.9, used=13484875776, free=3383623680)
2026-10-07 12:59:03,474:INFO:Physical Core: 8
2026-10-07 12:59:03,474:INFO:Logical Core: 16
2026-10-07 12:59:03,474:INFO:Checking libraries
2026-10-07 12:59:03,474:INFO:System:
2026-10-07 12:59:03,474:INFO:    python: 3.11.9 (tags/v3.11.9:de54cf5, Apr  2 2024, 10:12:12) [MSC v.1938 64 bit (AMD64)]
2026-10-07 12:59:03,474:INFO:executable: C:\Users\bordasm\.venv\Scripts\python.exe
2026-10-07 12:59:03,474:INFO:   machine: Windows-10-10.0.26200-SP0
2026-10-07 12:59:03,474:INFO:PyCaret required dependencies:
2026-10-07 12:59:03,474:INFO:                 pip: 26.2.1
2026-10-07 12:59:03,474:INFO:          setuptools: 65.5.0
2026-10-07 12:59:03,474:INFO:             pycaret: 3.3.2
2026-10-07 12:59:03,475:INFO:             IPython: 9.3.0
2026-10-07 12:59:03,475:INFO:          ipywidgets: 8.1.9
2026-10-07 12:59:03,475:INFO:                tqdm: 4.67.1
2026-10-07 12:59:03,475:INFO:               numpy: 1.26.4
2026-10-07 12:59:03,475:INFO:              pandas: 2.1.4
2026-10-07 12:59:03,475:INFO:              jinja2: 3.1.4
2026-10-07 12:59:03,475:INFO:               scipy: 1.11.4
2026-10-07 12:59:03,475:INFO:              joblib: 1.3.2
2026-10-07 12:59:03,475:INFO:             sklearn: 1.4.2
2026-10-07 12:59:03,475:INFO:                pyod: 3.4.0
2026-10-07 12:59:03,475:INFO:            imblearn: 0.13.0
2026-10-07 12:59:03,475:INFO:   category_encoders: 2.7.0
2026-10-07 12:59:03,475:INFO:            lightgbm: 4.6.0
2026-10-07 12:59:03,475:INFO:               numba: 0.68.0
2026-10-07 12:59:03,475:INFO:            requests: 2.32.3
2026-10-07 12:59:03,475:INFO:          matplotlib: 3.7.5
2026-10-07 12:59:03,475:INFO:          scikitplot: 0.3.7
2026-10-07 12:59:03,475:INFO:         yellowbrick: 1.5
2026-10-07 12:59:03,475:INFO:              plotly: 6.9.0
2026-10-07 12:59:03,475:INFO:    plotly-resampler: Not installed
2026-10-07 12:59:03,475:INFO:             kaleido: 1.5.0
2026-10-07 12:59:03,475:INFO:           schemdraw: 0.15
2026-10-07 12:59:03,475:INFO:         statsmodels: 0.15.0
2026-10-07 12:59:03,475:INFO:              sktime: 0.26.0
2026-10-07 12:59:03,476:INFO:               tbats: 1.1.3
2026-10-07 12:59:03,476:INFO:            pmdarima: 2.0.4
2026-10-07 12:59:03,476:INFO:              psutil: 7.0.0
2026-10-07 12:59:03,476:INFO:          markupsafe: 2.1.5
2026-10-07 12:59:03,476:INFO:             pickle5: Not installed
2026-10-07 12:59:03,476:INFO:         cloudpickle: 3.1.2
2026-10-07 12:59:03,476:INFO:         deprecation: 2.1.0
2026-10-07 12:59:03,476:INFO:              xxhash: 4.0.1
2026-10-07 12:59:03,476:INFO:           wurlitzer: Not installed
2026-10-07 12:59:03,476:INFO:PyCaret optional dependencies:
2026-10-07 12:59:03,476:INFO:                shap: Not installed
2026-10-07 12:59:03,476:INFO:           interpret: Not installed
2026-10-07 12:59:03,476:INFO:                umap: Not installed
2026-10-07 12:59:03,476:INFO:     ydata_profiling: Not installed
2026-10-07 12:59:03,476:INFO:  explainerdashboard: Not installed
2026-10-07 12:59:03,476:INFO:             autoviz: Not installed
2026-10-07 12:59:03,476:INFO:           fairlearn: Not installed
2026-10-07 12:59:03,476:INFO:          deepchecks: Not installed
2026-10-07 12:59:03,476:INFO:             xgboost: 3.1.2
2026-10-07 12:59:03,476:INFO:            catboost: Not installed
2026-10-07 12:59:03,476:INFO:              kmodes: Not installed
2026-10-07 12:59:03,476:INFO:             mlxtend: Not installed
2026-10-07 12:59:03,476:INFO:       statsforecast: Not installed
2026-10-07 12:59:03,476:INFO:        tune_sklearn: Not installed
2026-10-07 12:59:03,476:INFO:                 ray: Not installed
2026-10-07 12:59:03,476:INFO:            hyperopt: Not installed
2026-10-07 12:59:03,477:INFO:              optuna: Not installed
2026-10-07 12:59:03,477:INFO:               skopt: Not installed
2026-10-07 12:59:03,477:INFO:              mlflow: 3.17.0
2026-10-07 12:59:03,477:INFO:              gradio: Not installed
2026-10-07 12:59:03,477:INFO:             fastapi: 0.142.2
2026-10-07 12:59:03,477:INFO:             uvicorn: 0.54.0
2026-10-07 12:59:03,477:INFO:              m2cgen: Not installed
2026-10-07 12:59:03,477:INFO:           evidently: Not installed
2026-10-07 12:59:03,477:INFO:               fugue: Not installed
2026-10-07 12:59:03,477:INFO:           streamlit: Not installed
2026-10-07 12:59:03,477:INFO:             prophet: Not installed
2026-10-07 12:59:03,477:INFO:None
2026-10-07 12:59:03,477:INFO:Set up data.
2026-10-07 12:59:03,620:INFO:Set up folding strategy.
2026-10-07 12:59:03,621:INFO:Set up train/test split.
2026-10-07 12:59:03,701:INFO:Set up index.
2026-10-07 12:59:03,702:INFO:Assigning column types.
2026-10-07 12:59:03,734:INFO:Engine successfully changes for model 'lr' to 'sklearn'.
2026-10-07 12:59:03,736:INFO:Engine for model 'lasso' has not been set explicitly, hence returning None.
2026-10-07 12:59:03,741:INFO:Engine for model 'ridge' has not been set explicitly, hence returning None.
2026-10-07 12:59:03,746:INFO:Engine for model 'en' has not been set explicitly, hence returning None.
2026-10-07 12:59:03,840:INFO:Engine for model 'svm' has not been set explicitly, hence returning None.
2026-10-07 12:59:03,891:INFO:Engine for model 'knn' has not been set explicitly, hence returning None.
2026-10-07 12:59:03,892:INFO:Soft dependency imported: xgboost: 3.1.2
2026-10-07 12:59:03,896:WARNING:
'catboost' is a soft dependency and not included in the pycaret installation. Please run: `pip install catboost` to install.
Alternately, you can install this by running `pip install pycaret[models]`
2026-10-07 12:59:03,897:INFO:Engine for model 'lasso' has not been set explicitly, hence returning None.
2026-10-07 12:59:03,902:INFO:Engine for model 'ridge' has not been set explicitly, hence returning None.
2026-10-07 12:59:03,907:INFO:Engine for model 'en' has not been set explicitly, hence returning None.
2026-10-07 12:59:03,997:INFO:Engine for model 'svm' has not been set explicitly, hence returning None.
2026-10-07 12:59:04,054:INFO:Engine for model 'knn' has not been set explicitly, hence returning None.
2026-10-07 12:59:04,056:INFO:Soft dependency imported: xgboost: 3.1.2
2026-10-07 12:59:04,060:WARNING:
'catboost' is a soft dependency and not included in the pycaret installation. Please run: `pip install catboost` to install.
Alternately, you can install this by running `pip install pycaret[models]`
2026-10-07 12:59:04,060:INFO:Engine successfully changes for model 'lasso' to 'sklearn'.
2026-10-07 12:59:04,066:INFO:Engine for model 'ridge' has not been set explicitly, hence returning None.
2026-10-07 12:59:04,070:INFO:Engine for model 'en' has not been set explicitly, hence returning None.
2026-10-07 12:59:04,157:INFO:Engine for model 'svm' has not been set explicitly, hence returning None.
2026-10-07 12:59:04,201:INFO:Engine for model 'knn' has not been set explicitly, hence returning None.
2026-10-07 12:59:04,202:INFO:Soft dependency imported: xgboost: 3.1.2
2026-10-07 12:59:04,205:WARNING:
'catboost' is a soft dependency and not included in the pycaret installation. Please run: `pip install catboost` to install.
Alternately, you can install this by running `pip install pycaret[models]`
2026-10-07 12:59:04,210:INFO:Engine for model 'ridge' has not been set explicitly, hence returning None.
2026-10-07 12:59:04,216:INFO:Engine for model 'en' has not been set explicitly, hence returning None.
2026-10-07 12:59:04,312:INFO:Engine for model 'svm' has not been set explicitly, hence returning None.
2026-10-07 12:59:04,362:INFO:Engine for model 'knn' has not been set explicitly, hence returning None.
2026-10-07 12:59:04,364:INFO:Soft dependency imported: xgboost: 3.1.2
2026-10-07 12:59:04,367:WARNING:
'catboost' is a soft dependency and not included in the pycaret installation. Please run: `pip install catboost` to install.
Alternately, you can install this by running `pip install pycaret[models]`
2026-10-07 12:59:04,368:INFO:Engine successfully changes for model 'ridge' to 'sklearn'.
2026-10-07 12:59:04,378:INFO:Engine for model 'en' has not been set explicitly, hence returning None.
2026-10-07 12:59:04,473:INFO:Engine for model 'svm' has not been set explicitly, hence returning None.
2026-10-07 12:59:04,524:INFO:Engine for model 'knn' has not been set explicitly, hence returning None.
2026-10-07 12:59:04,525:INFO:Soft dependency imported: xgboost: 3.1.2
2026-10-07 12:59:04,528:WARNING:
'catboost' is a soft dependency and not included in the pycaret installation. Please run: `pip install catboost` to install.
Alternately, you can install this by running `pip install pycaret[models]`
2026-10-07 12:59:04,540:INFO:Engine for model 'en' has not been set explicitly, hence returning None.
2026-10-07 12:59:04,641:INFO:Engine for model 'svm' has not been set explicitly, hence returning None.
2026-10-07 12:59:04,728:INFO:Engine for model 'knn' has not been set explicitly, hence returning None.
2026-10-07 12:59:04,728:INFO:Soft dependency imported: xgboost: 3.1.2
2026-10-07 12:59:04,732:WARNING:
'catboost' is a soft dependency and not included in the pycaret installation. Please run: `pip install catboost` to install.
Alternately, you can install this by running `pip install pycaret[models]`
2026-10-07 12:59:04,732:INFO:Engine successfully changes for model 'en' to 'sklearn'.
2026-10-07 12:59:04,851:INFO:Engine for model 'svm' has not been set explicitly, hence returning None.
2026-10-07 12:59:04,909:INFO:Engine for model 'knn' has not been set explicitly, hence returning None.
2026-10-07 12:59:04,910:INFO:Soft dependency imported: xgboost: 3.1.2
2026-10-07 12:59:04,913:WARNING:
'catboost' is a soft dependency and not included in the pycaret installation. Please run: `pip install catboost` to install.
Alternately, you can install this by running `pip install pycaret[models]`
2026-10-07 12:59:05,023:INFO:Engine for model 'svm' has not been set explicitly, hence returning None.
2026-10-07 12:59:05,079:INFO:Engine for model 'knn' has not been set explicitly, hence returning None.
2026-10-07 12:59:05,080:INFO:Soft dependency imported: xgboost: 3.1.2
2026-10-07 12:59:05,084:WARNING:
'catboost' is a soft dependency and not included in the pycaret installation. Please run: `pip install catboost` to install.
Alternately, you can install this by running `pip install pycaret[models]`
2026-10-07 12:59:05,084:INFO:Engine successfully changes for model 'knn' to 'sklearn'.
2026-10-07 12:59:05,188:INFO:Engine for model 'svm' has not been set explicitly, hence returning None.
2026-10-07 12:59:05,233:INFO:Soft dependency imported: xgboost: 3.1.2
2026-10-07 12:59:05,236:WARNING:
'catboost' is a soft dependency and not included in the pycaret installation. Please run: `pip install catboost` to install.
Alternately, you can install this by running `pip install pycaret[models]`
2026-10-07 12:59:05,336:INFO:Engine for model 'svm' has not been set explicitly, hence returning None.
2026-10-07 12:59:05,384:INFO:Soft dependency imported: xgboost: 3.1.2
2026-10-07 12:59:05,387:WARNING:
'catboost' is a soft dependency and not included in the pycaret installation. Please run: `pip install catboost` to install.
Alternately, you can install this by running `pip install pycaret[models]`
2026-10-07 12:59:05,388:INFO:Engine successfully changes for model 'svm' to 'sklearn'.
2026-10-07 12:59:05,511:INFO:Soft dependency imported: xgboost: 3.1.2
2026-10-07 12:59:05,513:WARNING:
'catboost' is a soft dependency and not included in the pycaret installation. Please run: `pip install catboost` to install.
Alternately, you can install this by running `pip install pycaret[models]`
2026-10-07 12:59:05,625:INFO:Soft dependency imported: xgboost: 3.1.2
2026-10-07 12:59:05,628:WARNING:
'catboost' is a soft dependency and not included in the pycaret installation. Please run: `pip install catboost` to install.
Alternately, you can install this by running `pip install pycaret[models]`
2026-10-07 12:59:05,632:INFO:Preparing preprocessing pipeline...
2026-10-07 12:59:05,632:INFO:Set up simple imputation.
2026-10-07 12:59:05,644:INFO:Set up encoding of ordinal features.
2026-10-07 12:59:05,655:INFO:Set up encoding of categorical features.
2026-10-07 12:59:05,927:INFO:Finished creating preprocessing pipeline.
2026-10-07 12:59:05,953:INFO:Pipeline: Pipeline(memory=FastMemory(location=C:\Users\bordasm\AppData\Local\Temp\joblib),
         steps=[('numerical_imputer',
                 TransformerWrapper(include=['harvest_calendar_year',
                                             'harvest_month',
                                             'farm_size_hectares',
                                             'tree_age_years',
                                             'altitude_mean_meters',
                                             'avg_temp_c',
                                             'avg_annual_rainfall_mm',
                                             'humidity_pct',
                                             'drying_duration_days',
                                             'storage_months',
                                             'bean_size_screen', '...
                                             'processing_method',
                                             'drying_method',
                                             'traceability_level',
                                             'certification',
                                             'intended_buyer_segment',
                                             'roast_level'],
                                    transformer=OneHotEncoder(cols=['harvest_season',
                                                                    'country_of_origin',
                                                                    'farm_type',
                                                                    'processing_method',
                                                                    'drying_method',
                                                                    'traceability_level',
                                                                    'certification',
                                                                    'intended_buyer_segment',
                                                                    'roast_level'],
                                                              handle_missing='return_nan',
                                                              use_cat_names=True)))])
2026-10-07 12:59:05,953:INFO:Creating final display dataframe.
2026-10-07 12:59:06,142:INFO:Setup _display_container:                     Description                 Value
0                    Session id                    10
1                        Target  coffee_quality_score
2                   Target type            Regression
3           Original data shape           (35700, 36)
4        Transformed data shape           (35700, 60)
5   Transformed train set shape           (28560, 60)
6    Transformed test set shape            (7140, 60)
7               Ignore features                     4
8              Numeric features                    20
9          Categorical features                    11
10     Rows with missing values                 66.4%
11                   Preprocess                  True
12              Imputation type                simple
13           Numeric imputation                  mean
14       Categorical imputation                  mode
15     Maximum one-hot encoding                    25
16              Encoding method                  None
17               Fold Generator                 KFold
18                  Fold Number                    10
19                     CPU Jobs                    -1
20                      Use GPU                 False
21               Log Experiment                 False
22              Experiment Name      reg-default-name
23                          USI                  503a
2026-10-07 12:59:06,233:INFO:Soft dependency imported: xgboost: 3.1.2
2026-10-07 12:59:06,235:WARNING:
'catboost' is a soft dependency and not included in the pycaret installation. Please run: `pip install catboost` to install.
Alternately, you can install this by running `pip install pycaret[models]`
2026-10-07 12:59:06,325:INFO:Soft dependency imported: xgboost: 3.1.2
2026-10-07 12:59:06,327:WARNING:
'catboost' is a soft dependency and not included in the pycaret installation. Please run: `pip install catboost` to install.
Alternately, you can install this by running `pip install pycaret[models]`
2026-10-07 12:59:06,327:INFO:setup() successfully completed in 3.0s...............
2026-10-07 12:59:06,327:INFO:Initializing create_model()
2026-10-07 12:59:06,327:INFO:create_model(self=<pycaret.regression.oop.RegressionExperiment object at 0x000001123F543410>, estimator=lightgbm, fold=3, round=4, cross_validation=True, predict=True, fit_kwargs=None, groups=None, refit=True, probability_threshold=None, experiment_custom_tags=None, verbose=True, system=True, add_to_model_list=True, metrics=None, display=None, model_only=True, return_train_score=False, error_score=0.0, kwargs={})
2026-10-07 12:59:06,327:INFO:Checking exceptions
2026-10-07 12:59:06,328:INFO:Importing libraries
2026-10-07 12:59:06,328:INFO:Copying training dataset
2026-10-07 12:59:06,351:INFO:Defining folds
2026-10-07 12:59:06,352:INFO:Declaring metric variables
2026-10-07 12:59:06,352:INFO:Importing untrained model
2026-10-07 12:59:06,352:INFO:Light Gradient Boosting Machine Imported successfully
2026-10-07 12:59:06,352:INFO:Starting cross validation
2026-10-07 12:59:06,354:INFO:Cross validating with KFold(n_splits=3, random_state=None, shuffle=False), n_jobs=-1
2026-10-07 12:59:08,095:INFO:Calculating mean and std
2026-10-07 12:59:08,096:INFO:Creating metrics dataframe
2026-10-07 12:59:08,099:INFO:Finalizing model
2026-10-07 12:59:08,751:INFO:[LightGBM] [Warning] Found whitespace in feature_names, replace with underlines
2026-10-07 12:59:08,758:INFO:[LightGBM] [Info] Auto-choosing col-wise multi-threading, the overhead of testing was 0.003709 seconds.
2026-10-07 12:59:08,759:INFO:You can set `force_col_wise=true` to remove the overhead.
2026-10-07 12:59:08,759:INFO:[LightGBM] [Info] Total Bins 3774
2026-10-07 12:59:08,759:INFO:[LightGBM] [Info] Number of data points in the train set: 28560, number of used features: 59
2026-10-07 12:59:08,760:INFO:[LightGBM] [Info] Start training from score 77.600162
2026-10-07 12:59:09,161:INFO:Uploading results into container
2026-10-07 12:59:09,162:INFO:Uploading model into container now
2026-10-07 12:59:09,171:INFO:_master_model_container: 1
2026-10-07 12:59:09,171:INFO:_display_container: 2
2026-10-07 12:59:09,172:INFO:LGBMRegressor(n_jobs=-1, random_state=10)
2026-10-07 12:59:09,172:INFO:create_model() successfully completed......................................
